candidato,caso_id,senal_a,senal_b,real,prediccion,residuo,fuera_rango
mediana,pca-entrenamiento-001,57.295,58.347,16.538,20.207,-3.6690000000000005,False
mediana,pca-entrenamiento-002,63.09,64.175,16.601,20.207,-3.6060000000000016,False
mediana,pca-entrenamiento-003,46.887,45.972,22.828,20.207,2.6209999999999987,False
mediana,pca-entrenamiento-004,53.122,53.307,19.349,20.207,-0.8580000000000005,False
mediana,pca-entrenamiento-005,68.81,68.955,19.52,20.207,-0.6870000000000012,False
mediana,pca-entrenamiento-006,48.301,49.002,17.901,20.207,-2.306000000000001,False
mediana,pca-entrenamiento-007,67.565,67.669,19.576,20.207,-0.6310000000000002,False
mediana,pca-entrenamiento-008,60.668,60.71,19.531,20.207,-0.6760000000000019,False
mediana,pca-entrenamiento-009,37.165,36.768,21.522,20.207,1.3149999999999977,False
mediana,pca-entrenamiento-010,66.426,66.632,19.008,20.207,-1.1990000000000016,False
mediana,pca-entrenamiento-011,53.219,52.63,22.107,20.207,1.8999999999999986,False
mediana,pca-entrenamiento-012,53.375,52.63,22.845,20.207,2.637999999999998,False
mediana,pca-entrenamiento-013,63.793,63.155,22.145,20.207,1.9379999999999988,False
mediana,pca-entrenamiento-014,68.025,67.522,21.424,20.207,1.2169999999999987,False
mediana,pca-entrenamiento-015,63.665,62.47,24.361,20.207,4.154,False
mediana,pca-entrenamiento-016,57.936,57.667,21.274,20.207,1.0670000000000002,False
mediana,pca-entrenamiento-017,44.449,44.321,20.293,20.207,0.08599999999999852,False
mediana,pca-entrenamiento-018,34.123,34.413,19.315,20.207,-0.8919999999999995,False
mediana,pca-entrenamiento-019,43.498,43.167,21.004,20.207,0.7970000000000006,False
mediana,pca-entrenamiento-020,39.17,38.816,21.422,20.207,1.2149999999999999,False
mediana,pca-entrenamiento-021,69.182,68.073,23.644,20.207,3.4369999999999976,False
mediana,pca-entrenamiento-022,39.536,39.17,21.352,20.207,1.1449999999999996,False
mediana,pca-entrenamiento-023,64.847,65.17,19.152,20.207,-1.0549999999999997,False
mediana,pca-entrenamiento-024,30.51,30.743,19.325,20.207,-0.8820000000000014,False
mediana,pca-entrenamiento-025,34.074,34.697,18.431,20.207,-1.7759999999999998,False
mediana,pca-entrenamiento-026,63.159,63.413,18.98,20.207,-1.2270000000000003,False
mediana,pca-entrenamiento-027,51.858,50.923,23.354,20.207,3.1469999999999985,False
mediana,pca-entrenamiento-028,51.027,50.014,23.208,20.207,3.0009999999999977,False
mediana,pca-entrenamiento-029,57.08,56.896,20.639,20.207,0.4319999999999986,False
mediana,pca-entrenamiento-030,48.333,47.328,23.386,20.207,3.1789999999999985,False
mediana,pca-entrenamiento-031,66.123,66.078,20.121,20.207,-0.08600000000000207,False
mediana,pca-entrenamiento-032,46.533,46.18,21.146,20.207,0.9390000000000001,False
mediana,pca-entrenamiento-033,47.36,46.321,23.657,20.207,3.4499999999999993,False
mediana,pca-entrenamiento-034,42.772,43.211,18.522,20.207,-1.6850000000000023,False
mediana,pca-entrenamiento-035,37.875,38.802,17.091,20.207,-3.1159999999999997,False
mediana,pca-entrenamiento-036,60.985,61.65,17.889,20.207,-2.3180000000000014,False
mediana,pca-entrenamiento-037,48.833,49.725,17.23,20.207,-2.9770000000000003,False
mediana,pca-entrenamiento-038,49.113,48.591,21.637,20.207,1.4299999999999997,False
mediana,pca-entrenamiento-039,34.357,34.252,20.655,20.207,0.4480000000000004,False
mediana,pca-entrenamiento-040,68.982,69.646,17.77,20.207,-2.437000000000001,False
mediana,pca-entrenamiento-041,30.848,31.015,19.346,20.207,-0.8610000000000007,False
mediana,pca-entrenamiento-042,35.188,35.244,19.522,20.207,-0.6850000000000023,False
mediana,pca-entrenamiento-043,38.041,38.099,19.746,20.207,-0.4610000000000021,False
mediana,pca-entrenamiento-044,40.565,39.766,22.46,20.207,2.253,False
mediana,pca-entrenamiento-045,62.547,63.461,17.364,20.207,-2.843,False
mediana,pca-entrenamiento-046,30.57,30.267,20.956,20.207,0.7489999999999988,False
mediana,pca-entrenamiento-047,70.007,68.83,23.624,20.207,3.416999999999998,False
mediana,pca-entrenamiento-048,45.171,44.902,20.998,20.207,0.7910000000000004,False
mediana,pca-entrenamiento-049,48.568,47.563,23.476,20.207,3.2689999999999984,False
mediana,pca-entrenamiento-050,61.296,60.89,21.494,20.207,1.286999999999999,False
mediana,pca-entrenamiento-051,42.901,42.774,20.581,20.207,0.3739999999999988,False
mediana,pca-entrenamiento-052,36.327,37.269,16.819,20.207,-3.3880000000000017,False
mediana,pca-entrenamiento-053,31.631,31.906,19.007,20.207,-1.1999999999999993,False
mediana,pca-entrenamiento-054,55.022,55.561,18.126,20.207,-2.0809999999999995,False
mediana,pca-entrenamiento-055,57.048,56.775,21.184,20.207,0.9770000000000003,False
mediana,pca-entrenamiento-056,45.313,45.524,19.417,20.207,-0.7899999999999991,False
mediana,pca-entrenamiento-057,55.622,55.707,19.604,20.207,-0.6030000000000015,False
mediana,pca-entrenamiento-058,36.155,36.304,19.471,20.207,-0.7360000000000007,False
mediana,pca-entrenamiento-059,37.084,37.539,18.925,20.207,-1.282,False
mediana,pca-entrenamiento-060,47.62,47.066,21.909,20.207,1.7019999999999982,False
mediana,pca-entrenamiento-061,51.381,50.487,22.965,20.207,2.757999999999999,False
mediana,pca-entrenamiento-062,68.09,68.076,19.75,20.207,-0.45700000000000074,False
mediana,pca-entrenamiento-063,32.753,32.551,20.825,20.207,0.6179999999999986,False
mediana,pca-entrenamiento-064,60.733,61.85,16.112,20.207,-4.095000000000002,False
mediana,pca-entrenamiento-065,39.042,37.942,23.912,20.207,3.7049999999999983,False
mediana,pca-entrenamiento-066,67.106,66.272,22.646,20.207,2.439,False
mediana,pca-entrenamiento-067,66.406,66.119,20.846,20.207,0.6389999999999993,False
mediana,pca-entrenamiento-068,42.52,42.363,20.667,20.207,0.46000000000000085,False
mediana,pca-entrenamiento-069,59.819,59.854,19.999,20.207,-0.20800000000000196,False
mediana,pca-entrenamiento-070,60.121,60.565,18.377,20.207,-1.8300000000000018,False
mediana,pca-entrenamiento-071,45.756,45.935,19.333,20.207,-0.8740000000000023,False
mediana,pca-entrenamiento-072,30.788,31.463,17.632,20.207,-2.5749999999999993,False
mediana,pca-entrenamiento-073,36.573,35.884,22.513,20.207,2.306000000000001,False
mediana,pca-entrenamiento-074,66.392,66.093,21.097,20.207,0.8900000000000006,False
mediana,pca-entrenamiento-075,34.355,33.909,21.717,20.207,1.509999999999998,False
mediana,pca-entrenamiento-076,52.407,52.074,21.115,20.207,0.9079999999999977,False
mediana,pca-entrenamiento-077,43.959,43.145,22.992,20.207,2.785,False
mediana,pca-entrenamiento-078,52.421,52.938,18.142,20.207,-2.0650000000000013,False
mediana,pca-entrenamiento-079,33.797,34.395,18.237,20.207,-1.9700000000000024,False
mediana,pca-entrenamiento-080,47.865,47.797,19.728,20.207,-0.4789999999999992,False
mediana,pca-entrenamiento-081,68.549,69.075,18.652,20.207,-1.5549999999999997,False
mediana,pca-entrenamiento-082,35.626,35.28,21.135,20.207,0.9280000000000008,False
mediana,pca-entrenamiento-083,37.598,37.665,19.375,20.207,-0.8320000000000007,False
mediana,pca-entrenamiento-084,49.972,48.829,23.731,20.207,3.524000000000001,False
mediana,pca-entrenamiento-085,39.143,39.027,20.032,20.207,-0.1750000000000007,False
mediana,pca-entrenamiento-086,60.03,60.474,18.49,20.207,-1.7170000000000023,False
mediana,pca-entrenamiento-087,40.161,40.211,19.991,20.207,-0.21600000000000108,False
mediana,pca-entrenamiento-088,54.644,53.871,22.583,20.207,2.3759999999999977,False
mediana,pca-entrenamiento-089,50.73,49.716,23.034,20.207,2.826999999999998,False
mediana,pca-entrenamiento-090,59.906,59.063,22.99,20.207,2.7829999999999977,False
mediana,pca-entrenamiento-091,34.299,33.204,23.671,20.207,3.4639999999999986,False
mediana,pca-entrenamiento-092,38.397,38.99,17.83,20.207,-2.3770000000000024,False
mediana,pca-entrenamiento-093,30.655,30.899,19.152,20.207,-1.0549999999999997,False
mediana,pca-entrenamiento-094,61.426,62.488,16.201,20.207,-4.006,False
mediana,pca-entrenamiento-095,34.604,35.204,17.913,20.207,-2.2940000000000005,False
mediana,pca-entrenamiento-096,39.34,38.638,22.465,20.207,2.257999999999999,False
completa,pca-entrenamiento-001,57.295,58.347,16.538,16.505579210142912,0.032420789857088295,False
completa,pca-entrenamiento-002,63.09,64.175,16.601,16.38364949062983,0.21735050937017064,False
completa,pca-entrenamiento-003,46.887,45.972,22.828,23.07628526798058,-0.24828526798058093,False
completa,pca-entrenamiento-004,53.122,53.307,19.349,19.4009048219046,-0.051904821904599885,False
completa,pca-entrenamiento-005,68.81,68.955,19.52,19.50144168801198,0.018558311988019938,False
completa,pca-entrenamiento-006,48.301,49.002,17.901,17.69293370074102,0.2080662992589808,False
completa,pca-entrenamiento-007,67.565,67.669,19.576,19.640540039213693,-0.06454003921369278,False
completa,pca-entrenamiento-008,60.668,60.71,19.531,19.861317037925932,-0.3303170379259335,False
completa,pca-entrenamiento-009,37.165,36.768,21.522,21.37185259903283,0.1501474009671675,False
completa,pca-entrenamiento-010,66.426,66.632,19.008,19.30330487008268,-0.29530487008268125,False
completa,pca-entrenamiento-011,53.219,52.63,22.107,21.977706060054786,0.12929393994521376,False
completa,pca-entrenamiento-012,53.375,52.63,22.845,22.496777441437533,0.3482225585624654,False
completa,pca-entrenamiento-013,63.793,63.155,22.145,22.118848636118212,0.026151363881787404,False
completa,pca-entrenamiento-014,68.025,67.522,21.424,21.660565952522223,-0.23656595252222345,False
completa,pca-entrenamiento-015,63.665,62.47,24.361,23.97362491862067,0.3873750813793322,False
completa,pca-entrenamiento-016,57.936,57.667,21.274,20.90246390579946,0.3715360942005397,False
completa,pca-entrenamiento-017,44.449,44.321,20.293,20.461071886457237,-0.1680718864572377,False
completa,pca-entrenamiento-018,34.123,34.413,19.315,19.09084207578584,0.22415792421416114,False
completa,pca-entrenamiento-019,43.498,43.167,21.004,21.138931254199644,-0.13493125419964258,False
completa,pca-entrenamiento-020,39.17,38.816,21.422,21.224514014251508,0.19748598574849296,False
completa,pca-entrenamiento-021,69.182,68.073,23.644,23.675812175927184,-0.031812175927186104,False
completa,pca-entrenamiento-022,39.536,39.17,21.352,21.26370602406191,0.08829397593808963,False
completa,pca-entrenamiento-023,64.847,65.17,19.152,18.917043276923717,0.23495672307628368,False
completa,pca-entrenamiento-024,30.51,30.743,19.325,19.288138840109045,0.03686115989095384,False
completa,pca-entrenamiento-025,34.074,34.697,18.431,17.982233408444188,0.4487665915558132,False
completa,pca-entrenamiento-026,63.159,63.413,18.98,19.150288282967775,-0.17028828296777476,False
completa,pca-entrenamiento-027,51.858,50.923,23.354,23.132531472504017,0.22146852749598267,False
completa,pca-entrenamiento-028,51.027,50.014,23.208,23.393958494300872,-0.1859584943008734,False
completa,pca-entrenamiento-029,57.08,56.896,20.639,20.62124074888924,0.017759251110760488,False
completa,pca-entrenamiento-030,48.333,47.328,23.386,23.372928134854543,0.013071865145455774,False
completa,pca-entrenamiento-031,66.123,66.078,20.121,20.139630105649868,-0.018630105649869222,False
completa,pca-entrenamiento-032,46.533,46.18,21.146,21.205864562907813,-0.05986456290781206,False
completa,pca-entrenamiento-033,47.36,46.321,23.657,23.48815431394003,0.16884568605997075,False
completa,pca-entrenamiento-034,42.772,43.211,18.522,18.576756604204324,-0.05475660420432504,False
completa,pca-entrenamiento-035,37.875,38.802,17.091,16.9621685311551,0.1288314688449006,False
completa,pca-entrenamiento-036,60.985,61.65,17.889,17.78640306109857,0.10259693890142785,False
completa,pca-entrenamiento-037,48.833,49.725,17.23,17.055899670551344,0.17410032944865605,False
completa,pca-entrenamiento-038,49.113,48.591,21.637,21.763175391864216,-0.12617539186421567,False
completa,pca-entrenamiento-039,34.357,34.252,20.655,20.405492420729757,0.2495075792702437,False
completa,pca-entrenamiento-040,68.982,69.646,17.77,17.773093386171627,-0.003093386171627799,False
completa,pca-entrenamiento-041,30.848,31.015,19.346,19.507180020140694,-0.16118002014069432,False
completa,pca-entrenamiento-042,35.188,35.244,19.522,19.867720109192597,-0.3457201091925981,False
completa,pca-entrenamiento-043,38.041,38.099,19.746,19.855125028524146,-0.10912502852414718,False
completa,pca-entrenamiento-044,40.565,39.766,22.46,22.703221764783226,-0.24322176478322532,False
completa,pca-entrenamiento-045,62.547,63.461,17.364,16.95411718177114,0.4098828182288621,False
completa,pca-entrenamiento-046,30.57,30.267,20.956,21.072605268456606,-0.11660526845660613,False
completa,pca-entrenamiento-047,70.007,68.83,23.624,23.900498991201236,-0.2764989912012368,False
completa,pca-entrenamiento-048,45.171,44.902,20.998,20.929023687495075,0.06897631250492609,False
completa,pca-entrenamiento-049,48.568,47.563,23.476,23.37243917686798,0.10356082313201753,False
completa,pca-entrenamiento-050,61.296,60.89,21.494,21.35160904806542,0.14239095193457985,False
completa,pca-entrenamiento-051,42.901,42.774,20.581,20.460963305829534,0.12003669417046581,False
completa,pca-entrenamiento-052,36.327,37.269,16.819,16.915447492016973,-0.09644749201697422,False
completa,pca-entrenamiento-053,31.631,31.906,19.007,19.145969030948272,-0.13896903094827096,False
completa,pca-entrenamiento-054,55.022,55.561,18.126,18.21832223651731,-0.0923222365173082,False
completa,pca-entrenamiento-055,57.048,56.775,21.184,20.917629388075685,0.2663706119243159,False
completa,pca-entrenamiento-056,45.313,45.524,19.417,19.330586797387976,0.08641320261202523,False
completa,pca-entrenamiento-057,55.622,55.707,19.604,19.72864927341376,-0.12464927341376253,False
completa,pca-entrenamiento-058,36.155,36.304,19.471,19.55606819613262,-0.08506819613262095,False
completa,pca-entrenamiento-059,37.084,37.539,18.925,18.535320086996663,0.38967991300333793,False
completa,pca-entrenamiento-060,47.62,47.066,21.909,21.872824597892613,0.03617540210738568,False
completa,pca-entrenamiento-061,51.381,50.487,22.965,22.997016038974056,-0.03201603897405647,False
completa,pca-entrenamiento-062,68.09,68.076,19.75,20.0323241222814,-0.28232412228139836,False
completa,pca-entrenamiento-063,32.753,32.551,20.825,20.73178756732283,0.09321243267716994,False
completa,pca-entrenamiento-064,60.733,61.85,16.112,16.282010872891878,-0.17001087289187922,False
completa,pca-entrenamiento-065,39.042,37.942,23.912,23.70855848664459,0.20344151335540772,False
completa,pca-entrenamiento-066,67.106,66.272,22.646,22.764529787989645,-0.11852978798964386,False
completa,pca-entrenamiento-067,66.406,66.119,20.846,20.94477091535952,-0.09877091535951976,False
completa,pca-entrenamiento-068,42.52,42.363,20.667,20.561639881634633,0.1053601183653683,False
completa,pca-entrenamiento-069,59.819,59.854,19.999,19.886389757949633,0.11261024205036563,False
completa,pca-entrenamiento-070,60.121,60.565,18.377,18.52401171415147,-0.1470117141514713,False
completa,pca-entrenamiento-071,45.756,45.935,19.333,19.43620782187601,-0.10320782187601196,False
completa,pca-entrenamiento-072,30.788,31.463,17.632,17.815938508813975,-0.18393850881397356,False
completa,pca-entrenamiento-073,36.573,35.884,22.513,22.345287063098944,0.16771293690105793,False
completa,pca-entrenamiento-074,66.392,66.093,21.097,20.984753580637506,0.11224641936249569,False
completa,pca-entrenamiento-075,34.355,33.909,21.717,21.540842892935206,0.17615710706479248,False
completa,pca-entrenamiento-076,52.407,52.074,21.115,21.12705346747257,-0.012053467472572521,False
completa,pca-entrenamiento-077,43.959,43.145,22.992,22.746101882886485,0.24589811711351572,False
completa,pca-entrenamiento-078,52.421,52.938,18.142,18.29698221421382,-0.1549822142138204,False
completa,pca-entrenamiento-079,33.797,34.395,18.237,18.06604628772096,0.17095371227903655,False
completa,pca-entrenamiento-080,47.865,47.797,19.728,20.254196630607325,-0.5261966306073234,False
completa,pca-entrenamiento-081,68.549,69.075,18.652,18.233459979730124,0.4185400202698766,False
completa,pca-entrenamiento-082,35.626,35.28,21.135,21.205252226245925,-0.07025222624592331,False
completa,pca-entrenamiento-083,37.598,37.665,19.375,19.826081614446068,-0.45108161444606765,False
completa,pca-entrenamiento-084,49.972,48.829,23.731,23.82898357544215,-0.09798357544215008,False
completa,pca-entrenamiento-085,39.143,39.027,20.032,20.432158397726056,-0.4001583977260559,False
completa,pca-entrenamiento-086,60.03,60.474,18.49,18.524201055329243,-0.03420105532924467,False
completa,pca-entrenamiento-087,40.161,40.211,19.991,19.877349693861056,0.11365030613894334,False
completa,pca-entrenamiento-088,54.644,53.871,22.583,22.587361985330926,-0.004361985330927354,False
completa,pca-entrenamiento-089,50.73,49.716,23.034,23.39790591529116,-0.3639059152911628,False
completa,pca-entrenamiento-090,59.906,59.063,22.99,22.809475780328583,0.1805242196714154,False
completa,pca-entrenamiento-091,34.299,33.204,23.671,23.701779808673145,-0.030779808673145226,False
completa,pca-entrenamiento-092,38.397,38.99,17.83,18.073122501828912,-0.24312250182891404,False
completa,pca-entrenamiento-093,30.655,30.899,19.152,19.251213068084066,-0.09921306808406527,False
completa,pca-entrenamiento-094,61.426,62.488,16.201,16.46368933971911,-0.2626893397191097,False
completa,pca-entrenamiento-095,34.604,35.204,17.913,18.057708262544057,-0.14470826254405722,False
completa,pca-entrenamiento-096,39.34,38.638,22.465,22.38281284007947,0.0821871599205295,False
pca1,pca-entrenamiento-001,57.295,58.347,16.538,20.364443008409296,-3.8264430084092957,False
pca1,pca-entrenamiento-002,63.09,64.175,16.601,20.35985619090939,-3.758856190909391,False
pca1,pca-entrenamiento-003,46.887,45.972,22.828,20.37343407404067,2.4545659259593293,False
pca1,pca-entrenamiento-004,53.122,53.307,19.349,20.368078825137506,-1.0190788251375054,False
pca1,pca-entrenamiento-005,68.81,68.955,19.52,20.355712620335233,-0.835712620335233,False
pca1,pca-entrenamiento-006,48.301,49.002,17.901,20.371680202948475,-2.4706802029484756,False
pca1,pca-entrenamiento-007,67.565,67.669,19.576,20.356711438642115,-0.7807114386421148,False
pca1,pca-entrenamiento-008,60.668,60.71,19.531,20.362179473008656,-0.8311794730086568,False
pca1,pca-entrenamiento-009,37.165,36.768,21.522,20.380902851400876,1.1410971485991226,False
pca1,pca-entrenamiento-010,66.426,66.632,19.008,20.35757015142022,-1.3495701514202203,False
pca1,pca-entrenamiento-011,53.219,52.63,22.107,20.36830777131419,1.7386922286858102,False
pca1,pca-entrenamiento-012,53.375,52.63,22.845,20.368246220568025,2.4767537794319736,False
pca1,pca-entrenamiento-013,63.793,63.155,22.145,20.3599814213594,1.7850185786405994,False
pca1,pca-entrenamiento-014,68.025,67.522,21.424,20.356587965101635,1.0674120348983642,False
pca1,pca-entrenamiento-015,63.665,62.47,24.361,20.36030230032419,4.000697699675811,False
pca1,pca-entrenamiento-016,57.936,57.667,21.274,20.364458500214074,0.9095414997859272,False
pca1,pca-entrenamiento-017,44.449,44.321,20.293,20.37504766658407,-0.08204766658407081,False
pca1,pca-entrenamiento-018,34.123,34.413,19.315,20.383032631070506,-1.0680326310705048,False
pca1,pca-entrenamiento-019,43.498,43.167,21.004,20.375878383796007,0.6281216162039946,False
pca1,pca-entrenamiento-020,39.17,38.816,21.422,20.379303402089146,1.0426965979108545,False
pca1,pca-entrenamiento-021,69.182,68.073,23.644,20.35591397897594,3.288086021024057,False
pca1,pca-entrenamiento-022,39.536,39.17,21.352,20.3790192675195,0.9729807324805009,False
pca1,pca-entrenamiento-023,64.847,65.17,19.152,20.358770220268585,-1.2067702202685844,False
pca1,pca-entrenamiento-024,30.51,30.743,19.325,20.385906744825327,-1.0609067448253278,False
pca1,pca-entrenamiento-025,34.074,34.697,18.431,20.382939866910515,-1.9519398669105144,False
pca1,pca-entrenamiento-026,63.159,63.413,18.98,20.360129734936216,-1.3801297349362152,False
pca1,pca-entrenamiento-027,51.858,50.923,23.354,20.3695185306895,2.9844814693104986,False
pca1,pca-entrenamiento-028,51.027,50.014,23.208,20.37020519742447,2.83779480257553,False
pca1,pca-entrenamiento-029,57.08,56.896,20.639,20.3651005609838,0.27389943901619773,False
pca1,pca-entrenamiento-030,48.333,47.328,23.386,20.372328320322072,3.013671679677927,False
pca1,pca-entrenamiento-031,66.123,66.078,20.121,20.3579083707938,-0.23690837079380245,False
pca1,pca-entrenamiento-032,46.533,46.18,21.146,20.373491647378252,0.7725083526217489,False
pca1,pca-entrenamiento-033,47.36,46.321,23.657,20.37310969551795,3.2838903044820498,False
pca1,pca-entrenamiento-034,42.772,43.211,18.522,20.376147464295386,-1.8541474642953872,False
pca1,pca-entrenamiento-035,37.875,38.802,17.091,20.379819878122053,-3.2888198781220517,False
pca1,pca-entrenamiento-036,60.985,61.65,17.889,20.361683372106597,-2.472683372106598,False
pca1,pca-entrenamiento-037,48.833,49.725,17.23,20.371184924384515,-3.1411849243845147,False
pca1,pca-entrenamiento-038,49.113,48.591,21.637,20.371522048896633,1.2654779511033674,False
pca1,pca-entrenamiento-039,34.357,34.252,20.655,20.38300385312927,0.27199614687073037,False
pca1,pca-entrenamiento-040,68.982,69.646,17.77,20.355372012648495,-2.585372012648495,False
pca1,pca-entrenamiento-041,30.848,31.015,19.346,20.38566602397828,-1.0396660239782811,False
pca1,pca-entrenamiento-042,35.188,35.244,19.522,20.382284425532347,-0.860284425532349,False
pca1,pca-entrenamiento-043,38.041,38.099,19.746,20.380031862368927,-0.6340318623689285,False
pca1,pca-entrenamiento-044,40.565,39.766,22.46,20.37837802265704,2.0816219773429623,False
pca1,pca-entrenamiento-045,62.547,63.461,17.364,20.360352257207445,-2.9963522572074446,False
pca1,pca-entrenamiento-046,30.57,30.267,20.956,20.386070953031197,0.5699290469688023,False
pca1,pca-entrenamiento-047,70.007,68.83,23.624,20.35528967537276,3.2687103246272393,False
pca1,pca-entrenamiento-048,45.171,44.902,20.998,20.374533471071317,0.6234665289286845,False
pca1,pca-entrenamiento-049,48.568,47.563,23.476,20.37214284298941,3.103857157010591,False
pca1,pca-entrenamiento-050,61.296,60.89,21.494,20.361860644147296,1.1321393558527042,False
pca1,pca-entrenamiento-051,42.901,42.774,20.581,20.376269054474733,0.2047309455252666,False
pca1,pca-entrenamiento-052,36.327,37.269,16.819,20.381035740084194,-3.5620357400841947,False
pca1,pca-entrenamiento-053,31.631,31.906,19.007,20.38500540069969,-1.3780054006996885,False
pca1,pca-entrenamiento-054,55.022,55.561,18.126,20.36643949412149,-2.240439494121489,False
pca1,pca-entrenamiento-055,57.048,56.775,21.184,20.36516094658869,0.8188390534113097,False
pca1,pca-entrenamiento-056,45.313,45.524,19.417,20.37423193499997,-0.9572319349999674,False
pca1,pca-entrenamiento-057,55.622,55.707,19.604,20.366145132942084,-0.7621451329420843,False
pca1,pca-entrenamiento-058,36.155,36.304,19.471,20.38148449808631,-0.9104844980863085,False
pca1,pca-entrenamiento-059,37.084,37.539,18.925,20.380630489664206,-1.4556304896642054,False
pca1,pca-entrenamiento-060,47.62,47.066,21.909,20.37271305260175,1.5362869473982492,False
pca1,pca-entrenamiento-061,51.381,50.487,22.965,20.369878827135157,2.595121172864843,False
pca1,pca-entrenamiento-062,68.09,68.076,19.75,20.356343650071558,-0.6063436500715582,False
pca1,pca-entrenamiento-063,32.753,32.551,20.825,20.384308121373337,0.44069187862666226,False
pca1,pca-entrenamiento-064,60.733,61.85,16.112,20.361703858398975,-4.249703858398977,False
pca1,pca-entrenamiento-065,39.042,37.942,23.912,20.379698881088995,3.532301118911004,False
pca1,pca-entrenamiento-066,67.106,66.272,22.646,20.357443948600785,2.2885560513992154,False
pca1,pca-entrenamiento-067,66.406,66.119,20.846,20.357780528350972,0.48821947164902824,False
pca1,pca-entrenamiento-068,42.52,42.363,20.667,20.376581605808628,0.2904183941913736,False
pca1,pca-entrenamiento-069,59.819,59.854,19.999,20.362852322166244,-0.3638523221662453,False
pca1,pca-entrenamiento-070,60.121,60.565,18.377,20.36245252800743,-1.985452528007432,False
pca1,pca-entrenamiento-071,45.756,45.935,19.333,20.373894921190036,-1.0408949211900378,False
pca1,pca-entrenamiento-072,30.788,31.463,17.632,20.385512867629455,-2.7535128676294534,False
pca1,pca-entrenamiento-073,36.573,35.884,22.513,20.38148535150676,2.1315146484932406,False
pca1,pca-entrenamiento-074,66.392,66.093,21.097,20.35779631457457,0.73920368542543,False
pca1,pca-entrenamiento-075,34.355,33.909,21.717,20.383140027490217,1.3338599725097815,False
pca1,pca-entrenamiento-076,52.407,52.074,21.115,20.3688476091433,0.7461523908566967,False
pca1,pca-entrenamiento-077,43.959,43.145,22.992,20.37570517705193,2.6162948229480705,False
pca1,pca-entrenamiento-078,52.421,52.938,18.142,20.36850105662668,-2.226501056626681,False
pca1,pca-entrenamiento-079,33.797,34.395,18.237,20.383168361112993,-2.146168361112995,False
pca1,pca-entrenamiento-080,47.865,47.797,19.728,20.372327853955046,-0.6443278539550441,False
pca1,pca-entrenamiento-081,68.549,69.075,18.652,20.355768234366614,-1.7037682343666134,False
pca1,pca-entrenamiento-082,35.626,35.28,21.135,20.38209740044532,0.7529025995546803,False
pca1,pca-entrenamiento-083,37.598,37.665,19.375,20.380377954490008,-1.005377954490008,False
pca1,pca-entrenamiento-084,49.972,48.829,23.731,20.37108918445177,3.3599108155482327,False
pca1,pca-entrenamiento-085,39.143,39.027,20.032,20.379230771465878,-0.34723077146587755,False
pca1,pca-entrenamiento-086,60.03,60.474,18.49,20.36252435114476,-1.8725243511447616,False
pca1,pca-entrenamiento-087,40.161,40.211,19.991,20.37836177772217,-0.3873617777221696,False
pca1,pca-entrenamiento-088,54.644,53.871,22.583,20.367255694828685,2.215744305171313,False
pca1,pca-entrenamiento-089,50.73,49.716,23.034,20.370440003911526,2.6635599960884733,False
pca1,pca-entrenamiento-090,59.906,59.063,22.99,20.363130210750125,2.6268697892498736,False
pca1,pca-entrenamiento-091,34.299,33.204,23.671,20.383440392601916,3.2875596073980837,False
pca1,pca-entrenamiento-092,38.397,38.99,17.83,20.379539714530157,-2.549539714530159,False
pca1,pca-entrenamiento-093,30.655,30.899,19.152,20.385787959563764,-1.233787959563763,False
pca1,pca-entrenamiento-094,61.426,62.488,16.201,20.36117860658884,-4.16017860658884,False
pca1,pca-entrenamiento-095,34.604,35.204,17.913,20.38253063464161,-2.469530634641611,False
pca1,pca-entrenamiento-096,39.34,38.638,22.465,20.379306585792147,2.085693414207853,False
pca2,pca-entrenamiento-001,57.295,58.347,16.538,16.505579210142912,0.032420789857088295,False
pca2,pca-entrenamiento-002,63.09,64.175,16.601,16.38364949062983,0.21735050937017064,False
pca2,pca-entrenamiento-003,46.887,45.972,22.828,23.076285267980577,-0.24828526798057737,False
pca2,pca-entrenamiento-004,53.122,53.307,19.349,19.400904821904597,-0.05190482190459633,False
pca2,pca-entrenamiento-005,68.81,68.955,19.52,19.501441688011987,0.018558311988012832,False
pca2,pca-entrenamiento-006,48.301,49.002,17.901,17.692933700741015,0.20806629925898434,False
pca2,pca-entrenamiento-007,67.565,67.669,19.576,19.6405400392137,-0.06454003921369988,False
pca2,pca-entrenamiento-008,60.668,60.71,19.531,19.86131703792593,-0.3303170379259299,False
pca2,pca-entrenamiento-009,37.165,36.768,21.522,21.371852599032817,0.1501474009671817,False
pca2,pca-entrenamiento-010,66.426,66.632,19.008,19.303304870082684,-0.2953048700826848,False
pca2,pca-entrenamiento-011,53.219,52.63,22.107,21.97770606005478,0.12929393994522087,False
pca2,pca-entrenamiento-012,53.375,52.63,22.845,22.49677744143753,0.348222558562469,False
pca2,pca-entrenamiento-013,63.793,63.155,22.145,22.118848636118216,0.02615136388178385,False
pca2,pca-entrenamiento-014,68.025,67.522,21.424,21.66056595252223,-0.23656595252223056,False
pca2,pca-entrenamiento-015,63.665,62.47,24.361,23.973624918620672,0.38737508137932863,False
pca2,pca-entrenamiento-016,57.936,57.667,21.274,20.90246390579946,0.3715360942005397,False
pca2,pca-entrenamiento-017,44.449,44.321,20.293,20.46107188645723,-0.1680718864572306,False
pca2,pca-entrenamiento-018,34.123,34.413,19.315,19.090842075785826,0.22415792421417535,False
pca2,pca-entrenamiento-019,43.498,43.167,21.004,21.138931254199637,-0.13493125419963548,False
pca2,pca-entrenamiento-020,39.17,38.816,21.422,21.224514014251497,0.19748598574850362,False
pca2,pca-entrenamiento-021,69.182,68.073,23.644,23.675812175927188,-0.031812175927189656,False
pca2,pca-entrenamiento-022,39.536,39.17,21.352,21.263706024061904,0.08829397593809674,False
pca2,pca-entrenamiento-023,64.847,65.17,19.152,18.917043276923717,0.23495672307628368,False
pca2,pca-entrenamiento-024,30.51,30.743,19.325,19.28813884010903,0.036861159890968054,False
pca2,pca-entrenamiento-025,34.074,34.697,18.431,17.982233408444174,0.44876659155582743,False
pca2,pca-entrenamiento-026,63.159,63.413,18.98,19.150288282967775,-0.17028828296777476,False
pca2,pca-entrenamiento-027,51.858,50.923,23.354,23.13253147250401,0.22146852749598978,False
pca2,pca-entrenamiento-028,51.027,50.014,23.208,23.39395849430087,-0.18595849430086986,False
pca2,pca-entrenamiento-029,57.08,56.896,20.639,20.621240748889235,0.01775925111076404,False
pca2,pca-entrenamiento-030,48.333,47.328,23.386,23.372928134854536,0.01307186514546288,False
pca2,pca-entrenamiento-031,66.123,66.078,20.121,20.13963010564987,-0.018630105649872775,False
pca2,pca-entrenamiento-032,46.533,46.18,21.146,21.205864562907806,-0.05986456290780495,False
pca2,pca-entrenamiento-033,47.36,46.321,23.657,23.488154313940022,0.16884568605997785,False
pca2,pca-entrenamiento-034,42.772,43.211,18.522,18.576756604204316,-0.05475660420431794,False
pca2,pca-entrenamiento-035,37.875,38.802,17.091,16.962168531155093,0.1288314688449077,False
pca2,pca-entrenamiento-036,60.985,61.65,17.889,17.78640306109857,0.10259693890142785,False
pca2,pca-entrenamiento-037,48.833,49.725,17.23,17.055899670551337,0.17410032944866316,False
pca2,pca-entrenamiento-038,49.113,48.591,21.637,21.76317539186421,-0.12617539186420856,False
pca2,pca-entrenamiento-039,34.357,34.252,20.655,20.405492420729743,0.2495075792702579,False
pca2,pca-entrenamiento-040,68.982,69.646,17.77,17.773093386171634,-0.0030933861716349043,False
pca2,pca-entrenamiento-041,30.848,31.015,19.346,19.50718002014068,-0.1611800201406801,False
pca2,pca-entrenamiento-042,35.188,35.244,19.522,19.867720109192586,-0.34572010919258744,False
pca2,pca-entrenamiento-043,38.041,38.099,19.746,19.855125028524135,-0.10912502852413652,False
pca2,pca-entrenamiento-044,40.565,39.766,22.46,22.703221764783216,-0.24322176478321467,False
pca2,pca-entrenamiento-045,62.547,63.461,17.364,16.95411718177114,0.4098828182288621,False
pca2,pca-entrenamiento-046,30.57,30.267,20.956,21.072605268456584,-0.11660526845658481,False
pca2,pca-entrenamiento-047,70.007,68.83,23.624,23.900498991201243,-0.2764989912012439,False
pca2,pca-entrenamiento-048,45.171,44.902,20.998,20.929023687495068,0.06897631250493319,False
pca2,pca-entrenamiento-049,48.568,47.563,23.476,23.372439176867974,0.10356082313202464,False
pca2,pca-entrenamiento-050,61.296,60.89,21.494,21.35160904806542,0.14239095193457985,False
pca2,pca-entrenamiento-051,42.901,42.774,20.581,20.460963305829523,0.12003669417047647,False
pca2,pca-entrenamiento-052,36.327,37.269,16.819,16.91544749201696,-0.09644749201696001,False
pca2,pca-entrenamiento-053,31.631,31.906,19.007,19.145969030948265,-0.13896903094826385,False
pca2,pca-entrenamiento-054,55.022,55.561,18.126,18.218322236517306,-0.09232223651730465,False
pca2,pca-entrenamiento-055,57.048,56.775,21.184,20.91762938807568,0.26637061192431943,False
pca2,pca-entrenamiento-056,45.313,45.524,19.417,19.33058679738797,0.08641320261203234,False
pca2,pca-entrenamiento-057,55.622,55.707,19.604,19.728649273413758,-0.12464927341375898,False
pca2,pca-entrenamiento-058,36.155,36.304,19.471,19.556068196132614,-0.08506819613261385,False
pca2,pca-entrenamiento-059,37.084,37.539,18.925,18.535320086996652,0.3896799130033486,False
pca2,pca-entrenamiento-060,47.62,47.066,21.909,21.872824597892606,0.036175402107392785,False
pca2,pca-entrenamiento-061,51.381,50.487,22.965,22.99701603897405,-0.032016038974049366,False
pca2,pca-entrenamiento-062,68.09,68.076,19.75,20.03232412228141,-0.282324122281409,False
pca2,pca-entrenamiento-063,32.753,32.551,20.825,20.73178756732282,0.0932124326771806,False
pca2,pca-entrenamiento-064,60.733,61.85,16.112,16.282010872891878,-0.17001087289187922,False
pca2,pca-entrenamiento-065,39.042,37.942,23.912,23.708558486644577,0.20344151335542193,False
pca2,pca-entrenamiento-066,67.106,66.272,22.646,22.764529787989648,-0.11852978798964742,False
pca2,pca-entrenamiento-067,66.406,66.119,20.846,20.94477091535952,-0.09877091535951976,False
pca2,pca-entrenamiento-068,42.52,42.363,20.667,20.561639881634623,0.10536011836537895,False
pca2,pca-entrenamiento-069,59.819,59.854,19.999,19.88638975794963,0.11261024205036918,False
pca2,pca-entrenamiento-070,60.121,60.565,18.377,18.52401171415147,-0.1470117141514713,False
pca2,pca-entrenamiento-071,45.756,45.935,19.333,19.436207821876007,-0.10320782187600841,False
pca2,pca-entrenamiento-072,30.788,31.463,17.632,17.81593850881396,-0.18393850881395934,False
pca2,pca-entrenamiento-073,36.573,35.884,22.513,22.345287063098933,0.1677129369010686,False
pca2,pca-entrenamiento-074,66.392,66.093,21.097,20.984753580637506,0.11224641936249569,False
pca2,pca-entrenamiento-075,34.355,33.909,21.717,21.5408428929352,0.1761571070647996,False
pca2,pca-entrenamiento-076,52.407,52.074,21.115,21.127053467472567,-0.012053467472568968,False
pca2,pca-entrenamiento-077,43.959,43.145,22.992,22.746101882886478,0.24589811711352283,False
pca2,pca-entrenamiento-078,52.421,52.938,18.142,18.29698221421382,-0.1549822142138204,False
pca2,pca-entrenamiento-079,33.797,34.395,18.237,18.06604628772095,0.1709537122790472,False
pca2,pca-entrenamiento-080,47.865,47.797,19.728,20.25419663060732,-0.5261966306073198,False
pca2,pca-entrenamiento-081,68.549,69.075,18.652,18.233459979730124,0.4185400202698766,False
pca2,pca-entrenamiento-082,35.626,35.28,21.135,21.205252226245914,-0.07025222624591265,False
pca2,pca-entrenamiento-083,37.598,37.665,19.375,19.826081614446053,-0.45108161444605344,False
pca2,pca-entrenamiento-084,49.972,48.829,23.731,23.828983575442145,-0.09798357544214298,False
pca2,pca-entrenamiento-085,39.143,39.027,20.032,20.432158397726045,-0.4001583977260452,False
pca2,pca-entrenamiento-086,60.03,60.474,18.49,18.524201055329243,-0.03420105532924467,False
pca2,pca-entrenamiento-087,40.161,40.211,19.991,19.877349693861046,0.113650306138954,False
pca2,pca-entrenamiento-088,54.644,53.871,22.583,22.587361985330922,-0.004361985330923801,False
pca2,pca-entrenamiento-089,50.73,49.716,23.034,23.397905915291155,-0.3639059152911557,False
pca2,pca-entrenamiento-090,59.906,59.063,22.99,22.809475780328583,0.1805242196714154,False
pca2,pca-entrenamiento-091,34.299,33.204,23.671,23.70177980867313,-0.030779808673131015,False
pca2,pca-entrenamiento-092,38.397,38.99,17.83,18.0731225018289,-0.24312250182890338,False
pca2,pca-entrenamiento-093,30.655,30.899,19.152,19.25121306808405,-0.0992130680840475,False
pca2,pca-entrenamiento-094,61.426,62.488,16.201,16.46368933971911,-0.2626893397191097,False
pca2,pca-entrenamiento-095,34.604,35.204,17.913,18.057708262544047,-0.14470826254404656,False
pca2,pca-entrenamiento-096,39.34,38.638,22.465,22.382812840079456,0.0821871599205437,False
