candidato,caso_id,real,logit,probabilidad,prediccion
prevalencia,u20-entrenamiento-001,0,-0.10676798969507217,0.47333329916000366,0
prevalencia,u20-entrenamiento-002,1,-0.10676798969507217,0.47333329916000366,0
prevalencia,u20-entrenamiento-003,1,-0.10676798969507217,0.47333329916000366,0
prevalencia,u20-entrenamiento-004,0,-0.10676798969507217,0.47333329916000366,0
prevalencia,u20-entrenamiento-005,0,-0.10676798969507217,0.47333329916000366,0
prevalencia,u20-entrenamiento-006,1,-0.10676798969507217,0.47333329916000366,0
prevalencia,u20-entrenamiento-007,1,-0.10676798969507217,0.47333329916000366,0
prevalencia,u20-entrenamiento-008,1,-0.10676798969507217,0.47333329916000366,0
prevalencia,u20-entrenamiento-009,0,-0.10676798969507217,0.47333329916000366,0
prevalencia,u20-entrenamiento-010,1,-0.10676798969507217,0.47333329916000366,0
prevalencia,u20-entrenamiento-011,0,-0.10676798969507217,0.47333329916000366,0
prevalencia,u20-entrenamiento-012,0,-0.10676798969507217,0.47333329916000366,0
prevalencia,u20-entrenamiento-013,1,-0.10676798969507217,0.47333329916000366,0
prevalencia,u20-entrenamiento-014,0,-0.10676798969507217,0.47333329916000366,0
prevalencia,u20-entrenamiento-015,1,-0.10676798969507217,0.47333329916000366,0
prevalencia,u20-entrenamiento-016,0,-0.10676798969507217,0.47333329916000366,0
prevalencia,u20-entrenamiento-017,0,-0.10676798969507217,0.47333329916000366,0
prevalencia,u20-entrenamiento-018,1,-0.10676798969507217,0.47333329916000366,0
prevalencia,u20-entrenamiento-019,0,-0.10676798969507217,0.47333329916000366,0
prevalencia,u20-entrenamiento-020,0,-0.10676798969507217,0.47333329916000366,0
prevalencia,u20-entrenamiento-021,0,-0.10676798969507217,0.47333329916000366,0
prevalencia,u20-entrenamiento-022,1,-0.10676798969507217,0.47333329916000366,0
prevalencia,u20-entrenamiento-023,1,-0.10676798969507217,0.47333329916000366,0
prevalencia,u20-entrenamiento-024,1,-0.10676798969507217,0.47333329916000366,0
prevalencia,u20-entrenamiento-025,1,-0.10676798969507217,0.47333329916000366,0
prevalencia,u20-entrenamiento-026,0,-0.10676798969507217,0.47333329916000366,0
prevalencia,u20-entrenamiento-027,1,-0.10676798969507217,0.47333329916000366,0
prevalencia,u20-entrenamiento-028,0,-0.10676798969507217,0.47333329916000366,0
prevalencia,u20-entrenamiento-029,1,-0.10676798969507217,0.47333329916000366,0
prevalencia,u20-entrenamiento-030,0,-0.10676798969507217,0.47333329916000366,0
prevalencia,u20-entrenamiento-031,1,-0.10676798969507217,0.47333329916000366,0
prevalencia,u20-entrenamiento-032,1,-0.10676798969507217,0.47333329916000366,0
prevalencia,u20-entrenamiento-033,0,-0.10676798969507217,0.47333329916000366,0
prevalencia,u20-entrenamiento-034,0,-0.10676798969507217,0.47333329916000366,0
prevalencia,u20-entrenamiento-035,0,-0.10676798969507217,0.47333329916000366,0
prevalencia,u20-entrenamiento-036,0,-0.10676798969507217,0.47333329916000366,0
prevalencia,u20-entrenamiento-037,1,-0.10676798969507217,0.47333329916000366,0
prevalencia,u20-entrenamiento-038,0,-0.10676798969507217,0.47333329916000366,0
prevalencia,u20-entrenamiento-039,0,-0.10676798969507217,0.47333329916000366,0
prevalencia,u20-entrenamiento-040,1,-0.10676798969507217,0.47333329916000366,0
prevalencia,u20-entrenamiento-041,0,-0.10676798969507217,0.47333329916000366,0
prevalencia,u20-entrenamiento-042,0,-0.10676798969507217,0.47333329916000366,0
prevalencia,u20-entrenamiento-043,0,-0.10676798969507217,0.47333329916000366,0
prevalencia,u20-entrenamiento-044,1,-0.10676798969507217,0.47333329916000366,0
prevalencia,u20-entrenamiento-045,0,-0.10676798969507217,0.47333329916000366,0
prevalencia,u20-entrenamiento-046,0,-0.10676798969507217,0.47333329916000366,0
prevalencia,u20-entrenamiento-047,1,-0.10676798969507217,0.47333329916000366,0
prevalencia,u20-entrenamiento-048,0,-0.10676798969507217,0.47333329916000366,0
prevalencia,u20-entrenamiento-049,1,-0.10676798969507217,0.47333329916000366,0
prevalencia,u20-entrenamiento-050,0,-0.10676798969507217,0.47333329916000366,0
prevalencia,u20-entrenamiento-051,0,-0.10676798969507217,0.47333329916000366,0
prevalencia,u20-entrenamiento-052,1,-0.10676798969507217,0.47333329916000366,0
prevalencia,u20-entrenamiento-053,1,-0.10676798969507217,0.47333329916000366,0
prevalencia,u20-entrenamiento-054,1,-0.10676798969507217,0.47333329916000366,0
prevalencia,u20-entrenamiento-055,0,-0.10676798969507217,0.47333329916000366,0
prevalencia,u20-entrenamiento-056,0,-0.10676798969507217,0.47333329916000366,0
prevalencia,u20-entrenamiento-057,0,-0.10676798969507217,0.47333329916000366,0
prevalencia,u20-entrenamiento-058,1,-0.10676798969507217,0.47333329916000366,0
prevalencia,u20-entrenamiento-059,0,-0.10676798969507217,0.47333329916000366,0
prevalencia,u20-entrenamiento-060,0,-0.10676798969507217,0.47333329916000366,0
prevalencia,u20-entrenamiento-061,0,-0.10676798969507217,0.47333329916000366,0
prevalencia,u20-entrenamiento-062,1,-0.10676798969507217,0.47333329916000366,0
prevalencia,u20-entrenamiento-063,1,-0.10676798969507217,0.47333329916000366,0
prevalencia,u20-entrenamiento-064,1,-0.10676798969507217,0.47333329916000366,0
prevalencia,u20-entrenamiento-065,1,-0.10676798969507217,0.47333329916000366,0
prevalencia,u20-entrenamiento-066,0,-0.10676798969507217,0.47333329916000366,0
prevalencia,u20-entrenamiento-067,1,-0.10676798969507217,0.47333329916000366,0
prevalencia,u20-entrenamiento-068,1,-0.10676798969507217,0.47333329916000366,0
prevalencia,u20-entrenamiento-069,0,-0.10676798969507217,0.47333329916000366,0
prevalencia,u20-entrenamiento-070,0,-0.10676798969507217,0.47333329916000366,0
prevalencia,u20-entrenamiento-071,1,-0.10676798969507217,0.47333329916000366,0
prevalencia,u20-entrenamiento-072,1,-0.10676798969507217,0.47333329916000366,0
prevalencia,u20-entrenamiento-073,0,-0.10676798969507217,0.47333329916000366,0
prevalencia,u20-entrenamiento-074,0,-0.10676798969507217,0.47333329916000366,0
prevalencia,u20-entrenamiento-075,0,-0.10676798969507217,0.47333329916000366,0
prevalencia,u20-entrenamiento-076,1,-0.10676798969507217,0.47333329916000366,0
prevalencia,u20-entrenamiento-077,0,-0.10676798969507217,0.47333329916000366,0
prevalencia,u20-entrenamiento-078,0,-0.10676798969507217,0.47333329916000366,0
prevalencia,u20-entrenamiento-079,0,-0.10676798969507217,0.47333329916000366,0
prevalencia,u20-entrenamiento-080,0,-0.10676798969507217,0.47333329916000366,0
prevalencia,u20-entrenamiento-081,1,-0.10676798969507217,0.47333329916000366,0
prevalencia,u20-entrenamiento-082,1,-0.10676798969507217,0.47333329916000366,0
prevalencia,u20-entrenamiento-083,1,-0.10676798969507217,0.47333329916000366,0
prevalencia,u20-entrenamiento-084,0,-0.10676798969507217,0.47333329916000366,0
prevalencia,u20-entrenamiento-085,1,-0.10676798969507217,0.47333329916000366,0
prevalencia,u20-entrenamiento-086,1,-0.10676798969507217,0.47333329916000366,0
prevalencia,u20-entrenamiento-087,1,-0.10676798969507217,0.47333329916000366,0
prevalencia,u20-entrenamiento-088,1,-0.10676798969507217,0.47333329916000366,0
prevalencia,u20-entrenamiento-089,1,-0.10676798969507217,0.47333329916000366,0
prevalencia,u20-entrenamiento-090,1,-0.10676798969507217,0.47333329916000366,0
prevalencia,u20-entrenamiento-091,1,-0.10676798969507217,0.47333329916000366,0
prevalencia,u20-entrenamiento-092,0,-0.10676798969507217,0.47333329916000366,0
prevalencia,u20-entrenamiento-093,0,-0.10676798969507217,0.47333329916000366,0
prevalencia,u20-entrenamiento-094,1,-0.10676798969507217,0.47333329916000366,0
prevalencia,u20-entrenamiento-095,0,-0.10676798969507217,0.47333329916000366,0
prevalencia,u20-entrenamiento-096,0,-0.10676798969507217,0.47333329916000366,0
prevalencia,u20-entrenamiento-097,1,-0.10676798969507217,0.47333329916000366,0
prevalencia,u20-entrenamiento-098,1,-0.10676798969507217,0.47333329916000366,0
prevalencia,u20-entrenamiento-099,0,-0.10676798969507217,0.47333329916000366,0
prevalencia,u20-entrenamiento-100,0,-0.10676798969507217,0.47333329916000366,0
prevalencia,u20-entrenamiento-101,0,-0.10676798969507217,0.47333329916000366,0
prevalencia,u20-entrenamiento-102,0,-0.10676798969507217,0.47333329916000366,0
prevalencia,u20-entrenamiento-103,0,-0.10676798969507217,0.47333329916000366,0
prevalencia,u20-entrenamiento-104,1,-0.10676798969507217,0.47333329916000366,0
prevalencia,u20-entrenamiento-105,0,-0.10676798969507217,0.47333329916000366,0
prevalencia,u20-entrenamiento-106,1,-0.10676798969507217,0.47333329916000366,0
prevalencia,u20-entrenamiento-107,1,-0.10676798969507217,0.47333329916000366,0
prevalencia,u20-entrenamiento-108,1,-0.10676798969507217,0.47333329916000366,0
prevalencia,u20-entrenamiento-109,0,-0.10676798969507217,0.47333329916000366,0
prevalencia,u20-entrenamiento-110,0,-0.10676798969507217,0.47333329916000366,0
prevalencia,u20-entrenamiento-111,1,-0.10676798969507217,0.47333329916000366,0
prevalencia,u20-entrenamiento-112,0,-0.10676798969507217,0.47333329916000366,0
prevalencia,u20-entrenamiento-113,1,-0.10676798969507217,0.47333329916000366,0
prevalencia,u20-entrenamiento-114,0,-0.10676798969507217,0.47333329916000366,0
prevalencia,u20-entrenamiento-115,1,-0.10676798969507217,0.47333329916000366,0
prevalencia,u20-entrenamiento-116,0,-0.10676798969507217,0.47333329916000366,0
prevalencia,u20-entrenamiento-117,1,-0.10676798969507217,0.47333329916000366,0
prevalencia,u20-entrenamiento-118,1,-0.10676798969507217,0.47333329916000366,0
prevalencia,u20-entrenamiento-119,0,-0.10676798969507217,0.47333329916000366,0
prevalencia,u20-entrenamiento-120,0,-0.10676798969507217,0.47333329916000366,0
prevalencia,u20-entrenamiento-121,0,-0.10676798969507217,0.47333329916000366,0
prevalencia,u20-entrenamiento-122,0,-0.10676798969507217,0.47333329916000366,0
prevalencia,u20-entrenamiento-123,1,-0.10676798969507217,0.47333329916000366,0
prevalencia,u20-entrenamiento-124,1,-0.10676798969507217,0.47333329916000366,0
prevalencia,u20-entrenamiento-125,0,-0.10676798969507217,0.47333329916000366,0
prevalencia,u20-entrenamiento-126,0,-0.10676798969507217,0.47333329916000366,0
prevalencia,u20-entrenamiento-127,0,-0.10676798969507217,0.47333329916000366,0
prevalencia,u20-entrenamiento-128,1,-0.10676798969507217,0.47333329916000366,0
prevalencia,u20-entrenamiento-129,0,-0.10676798969507217,0.47333329916000366,0
prevalencia,u20-entrenamiento-130,1,-0.10676798969507217,0.47333329916000366,0
prevalencia,u20-entrenamiento-131,0,-0.10676798969507217,0.47333329916000366,0
prevalencia,u20-entrenamiento-132,1,-0.10676798969507217,0.47333329916000366,0
prevalencia,u20-entrenamiento-133,1,-0.10676798969507217,0.47333329916000366,0
prevalencia,u20-entrenamiento-134,0,-0.10676798969507217,0.47333329916000366,0
prevalencia,u20-entrenamiento-135,0,-0.10676798969507217,0.47333329916000366,0
prevalencia,u20-entrenamiento-136,0,-0.10676798969507217,0.47333329916000366,0
prevalencia,u20-entrenamiento-137,1,-0.10676798969507217,0.47333329916000366,0
prevalencia,u20-entrenamiento-138,0,-0.10676798969507217,0.47333329916000366,0
prevalencia,u20-entrenamiento-139,1,-0.10676798969507217,0.47333329916000366,0
prevalencia,u20-entrenamiento-140,1,-0.10676798969507217,0.47333329916000366,0
prevalencia,u20-entrenamiento-141,1,-0.10676798969507217,0.47333329916000366,0
prevalencia,u20-entrenamiento-142,1,-0.10676798969507217,0.47333329916000366,0
prevalencia,u20-entrenamiento-143,0,-0.10676798969507217,0.47333329916000366,0
prevalencia,u20-entrenamiento-144,0,-0.10676798969507217,0.47333329916000366,0
prevalencia,u20-entrenamiento-145,1,-0.10676798969507217,0.47333329916000366,0
prevalencia,u20-entrenamiento-146,0,-0.10676798969507217,0.47333329916000366,0
prevalencia,u20-entrenamiento-147,1,-0.10676798969507217,0.47333329916000366,0
prevalencia,u20-entrenamiento-148,0,-0.10676798969507217,0.47333329916000366,0
prevalencia,u20-entrenamiento-149,1,-0.10676798969507217,0.47333329916000366,0
prevalencia,u20-entrenamiento-150,0,-0.10676798969507217,0.47333329916000366,0
lineal,u20-entrenamiento-001,0,-1.471660852432251,0.1866903156042099,0
lineal,u20-entrenamiento-002,1,3.48688006401062,0.9703121781349182,1
lineal,u20-entrenamiento-003,1,0.9288880825042725,0.716849684715271,1
lineal,u20-entrenamiento-004,0,-0.474116712808609,0.383642315864563,0
lineal,u20-entrenamiento-005,0,-2.085891008377075,0.11047571897506714,0
lineal,u20-entrenamiento-006,1,4.166788578033447,0.9847346544265747,1
lineal,u20-entrenamiento-007,1,-1.2476593255996704,0.22310559451580048,0
lineal,u20-entrenamiento-008,1,-0.9310091733932495,0.28271999955177307,0
lineal,u20-entrenamiento-009,0,-0.15949968993663788,0.46020936965942383,0
lineal,u20-entrenamiento-010,1,4.463073253631592,0.9886044263839722,1
lineal,u20-entrenamiento-011,0,0.06668505072593689,0.5166651010513306,1
lineal,u20-entrenamiento-012,0,2.747119903564453,0.9397505521774292,1
lineal,u20-entrenamiento-013,1,0.20586296916007996,0.5512847304344177,1
lineal,u20-entrenamiento-014,0,-1.779355525970459,0.14438273012638092,0
lineal,u20-entrenamiento-015,1,0.1285051703453064,0.5320821404457092,1
lineal,u20-entrenamiento-016,0,-1.2977333068847656,0.21454675495624542,0
lineal,u20-entrenamiento-017,0,-2.3447203636169434,0.08748634904623032,0
lineal,u20-entrenamiento-018,1,-1.45115327835083,0.18982413411140442,0
lineal,u20-entrenamiento-019,0,-1.0809756517410278,0.25332143902778625,0
lineal,u20-entrenamiento-020,0,-2.251042366027832,0.09525958448648453,0
lineal,u20-entrenamiento-021,0,0.20255443453788757,0.5504661798477173,1
lineal,u20-entrenamiento-022,1,1.06666898727417,0.7439629435539246,1
lineal,u20-entrenamiento-023,1,0.46663030982017517,0.6145858764648438,1
lineal,u20-entrenamiento-024,1,1.2278600931167603,0.7734438180923462,1
lineal,u20-entrenamiento-025,1,-0.11451223492622375,0.4714031517505646,0
lineal,u20-entrenamiento-026,0,-4.939615249633789,0.007106488570570946,0
lineal,u20-entrenamiento-027,1,2.1808362007141113,0.8985154032707214,1
lineal,u20-entrenamiento-028,0,-1.995568037033081,0.11966903507709503,0
lineal,u20-entrenamiento-029,1,1.879033088684082,0.8675000071525574,1
lineal,u20-entrenamiento-030,0,-4.082616806030273,0.016583625227212906,0
lineal,u20-entrenamiento-031,1,3.590759754180908,0.9731627106666565,1
lineal,u20-entrenamiento-032,1,2.6028971672058105,0.9310478568077087,1
lineal,u20-entrenamiento-033,0,-4.725864887237549,0.008785181678831577,0
lineal,u20-entrenamiento-034,0,-2.319542407989502,0.08951735496520996,0
lineal,u20-entrenamiento-035,0,-1.7613054513931274,0.14662691950798035,0
lineal,u20-entrenamiento-036,0,0.2851642072200775,0.5708118677139282,1
lineal,u20-entrenamiento-037,1,1.8287973403930664,0.8616183996200562,1
lineal,u20-entrenamiento-038,0,-3.2962329387664795,0.03570064902305603,0
lineal,u20-entrenamiento-039,0,-2.3036344051361084,0.09082241356372833,0
lineal,u20-entrenamiento-040,1,3.35339617729187,0.9662159085273743,1
lineal,u20-entrenamiento-041,0,-2.375633716583252,0.08504971861839294,0
lineal,u20-entrenamiento-042,0,-4.087734222412109,0.016500374302268028,0
lineal,u20-entrenamiento-043,0,-3.2469277381896973,0.03743744269013405,0
lineal,u20-entrenamiento-044,1,0.029695361852645874,0.5074232816696167,1
lineal,u20-entrenamiento-045,0,-1.0799529552459717,0.2535149157047272,0
lineal,u20-entrenamiento-046,0,-4.125334739685059,0.015901152044534683,0
lineal,u20-entrenamiento-047,1,3.3838541507720947,0.9671961069107056,1
lineal,u20-entrenamiento-048,0,0.6524093151092529,0.6575531959533691,1
lineal,u20-entrenamiento-049,1,0.9079509973526001,0.712580680847168,1
lineal,u20-entrenamiento-050,0,-2.1556594371795654,0.10380356013774872,0
lineal,u20-entrenamiento-051,0,-0.7741122245788574,0.3155902326107025,0
lineal,u20-entrenamiento-052,1,1.6724950075149536,0.8419081568717957,1
lineal,u20-entrenamiento-053,1,2.801532506942749,0.9427585601806641,1
lineal,u20-entrenamiento-054,1,2.4485936164855957,0.9204585552215576,1
lineal,u20-entrenamiento-055,0,-3.540370464324951,0.02818513847887516,0
lineal,u20-entrenamiento-056,0,-2.646923065185547,0.06617891043424606,0
lineal,u20-entrenamiento-057,0,-3.0529353618621826,0.045090917497873306,0
lineal,u20-entrenamiento-058,1,5.035580158233643,0.9935396313667297,1
lineal,u20-entrenamiento-059,0,0.23233988881111145,0.5578250885009766,1
lineal,u20-entrenamiento-060,0,-3.266414165496826,0.036741528660058975,0
lineal,u20-entrenamiento-061,0,-1.2742822170257568,0.21852508187294006,0
lineal,u20-entrenamiento-062,1,3.4600439071655273,0.9695293307304382,1
lineal,u20-entrenamiento-063,1,-0.4476611316204071,0.3899169862270355,0
lineal,u20-entrenamiento-064,1,1.0078215599060059,0.7325935959815979,1
lineal,u20-entrenamiento-065,1,1.07677161693573,0.745882511138916,1
lineal,u20-entrenamiento-066,0,-0.14080432057380676,0.46485695242881775,0
lineal,u20-entrenamiento-067,1,4.220566749572754,0.9855223894119263,1
lineal,u20-entrenamiento-068,1,3.189502239227295,0.9604372978210449,1
lineal,u20-entrenamiento-069,0,-2.17907977104187,0.10164492577314377,0
lineal,u20-entrenamiento-070,0,-3.6857173442840576,0.02446560189127922,0
lineal,u20-entrenamiento-071,1,1.5194332599639893,0.820455014705658,1
lineal,u20-entrenamiento-072,1,0.3971438705921173,0.59800124168396,1
lineal,u20-entrenamiento-073,0,-5.159648895263672,0.0057109142653644085,0
lineal,u20-entrenamiento-074,0,-3.045884132385254,0.04539550095796585,0
lineal,u20-entrenamiento-075,0,-2.331733226776123,0.08852870762348175,0
lineal,u20-entrenamiento-076,1,0.10348498821258545,0.5258482098579407,1
lineal,u20-entrenamiento-077,0,-0.24940314888954163,0.4379703998565674,0
lineal,u20-entrenamiento-078,0,-1.8521736860275269,0.13561788201332092,0
lineal,u20-entrenamiento-079,0,-4.0090765953063965,0.017826592549681664,0
lineal,u20-entrenamiento-080,0,-1.5547146797180176,0.17440636456012726,0
lineal,u20-entrenamiento-081,1,2.3570332527160645,0.9134916067123413,1
lineal,u20-entrenamiento-082,1,-2.2712936401367188,0.09352847933769226,0
lineal,u20-entrenamiento-083,1,2.4822168350219727,0.9228856563568115,1
lineal,u20-entrenamiento-084,0,-0.9047049283981323,0.28808459639549255,0
lineal,u20-entrenamiento-085,1,0.42128440737724304,0.6037905216217041,1
lineal,u20-entrenamiento-086,1,0.9455806016921997,0.7202255129814148,1
lineal,u20-entrenamiento-087,1,2.666717529296875,0.935033917427063,1
lineal,u20-entrenamiento-088,1,3.1517772674560547,0.9589787125587463,1
lineal,u20-entrenamiento-089,1,1.3588498830795288,0.7955727577209473,1
lineal,u20-entrenamiento-090,1,1.6322414875030518,0.8364765048027039,1
lineal,u20-entrenamiento-091,1,0.9577358961105347,0.7226682305335999,1
lineal,u20-entrenamiento-092,0,-4.3097944259643555,0.013258170336484909,0
lineal,u20-entrenamiento-093,0,-1.706713318824768,0.15359050035476685,0
lineal,u20-entrenamiento-094,1,1.3523119688034058,0.7945073246955872,1
lineal,u20-entrenamiento-095,0,-3.449058771133423,0.030796941369771957,0
lineal,u20-entrenamiento-096,0,-1.088209629058838,0.2519555687904358,0
lineal,u20-entrenamiento-097,1,1.8120701313018799,0.8596119284629822,1
lineal,u20-entrenamiento-098,1,0.5543782711029053,0.6351507902145386,1
lineal,u20-entrenamiento-099,0,-2.073617935180664,0.11168758571147919,0
lineal,u20-entrenamiento-100,0,-3.592393398284912,0.026794634759426117,0
lineal,u20-entrenamiento-101,0,-1.4505085945129395,0.18992331624031067,0
lineal,u20-entrenamiento-102,0,-0.7179365158081055,0.32784754037857056,0
lineal,u20-entrenamiento-103,0,-2.511353015899658,0.07506611198186874,0
lineal,u20-entrenamiento-104,1,2.2364096641540527,0.9034717679023743,1
lineal,u20-entrenamiento-105,0,-4.0313920974731445,0.01744004897773266,0
lineal,u20-entrenamiento-106,1,1.0372003316879272,0.738309383392334,1
lineal,u20-entrenamiento-107,1,3.265660524368286,0.9632317423820496,1
lineal,u20-entrenamiento-108,1,-0.8679953813552856,0.29567158222198486,0
lineal,u20-entrenamiento-109,0,-3.345390796661377,0.03404642269015312,0
lineal,u20-entrenamiento-110,0,-0.563453197479248,0.3627488315105438,0
lineal,u20-entrenamiento-111,1,2.0325236320495605,0.8841698169708252,1
lineal,u20-entrenamiento-112,0,-2.871544122695923,0.05357830226421356,0
lineal,u20-entrenamiento-113,1,-0.9075630903244019,0.2874987721443176,0
lineal,u20-entrenamiento-114,0,-0.7430576086044312,0.3223358988761902,0
lineal,u20-entrenamiento-115,1,-0.25200632214546204,0.4373297393321991,0
lineal,u20-entrenamiento-116,0,-4.740106582641602,0.008662029169499874,0
lineal,u20-entrenamiento-117,1,0.9789643287658691,0.7269026637077332,1
lineal,u20-entrenamiento-118,1,1.3453694581985474,0.7933715581893921,1
lineal,u20-entrenamiento-119,0,-1.590051293373108,0.1693766862154007,0
lineal,u20-entrenamiento-120,0,-1.1540751457214355,0.23974552750587463,0
lineal,u20-entrenamiento-121,0,-1.7017416954040527,0.15423792600631714,0
lineal,u20-entrenamiento-122,0,-2.5969958305358887,0.06933201104402542,0
lineal,u20-entrenamiento-123,1,1.945725679397583,0.8749797940254211,1
lineal,u20-entrenamiento-124,1,2.896871328353882,0.9476915001869202,1
lineal,u20-entrenamiento-125,0,0.3736526668071747,0.5923413038253784,1
lineal,u20-entrenamiento-126,0,-4.317984580993652,0.013151449151337147,0
lineal,u20-entrenamiento-127,0,1.6530040502548218,0.8392966389656067,1
lineal,u20-entrenamiento-128,1,5.5062255859375,0.9959549903869629,1
lineal,u20-entrenamiento-129,0,-2.479696750640869,0.07729382812976837,0
lineal,u20-entrenamiento-130,1,0.644476056098938,0.6557645797729492,1
lineal,u20-entrenamiento-131,0,-3.616473436355591,0.02617381140589714,0
lineal,u20-entrenamiento-132,1,0.7636650800704956,0.6821489334106445,1
lineal,u20-entrenamiento-133,1,2.200486660003662,0.900293231010437,1
lineal,u20-entrenamiento-134,0,-1.2489196062088013,0.22288720309734344,0
lineal,u20-entrenamiento-135,0,-0.12781599164009094,0.46808943152427673,0
lineal,u20-entrenamiento-136,0,-0.38332685828208923,0.405324786901474,0
lineal,u20-entrenamiento-137,1,1.4004687070846558,0.8022582530975342,1
lineal,u20-entrenamiento-138,0,-1.6291284561157227,0.16394980251789093,0
lineal,u20-entrenamiento-139,1,1.5814499855041504,0.8294097781181335,1
lineal,u20-entrenamiento-140,1,1.99953031539917,0.8807477355003357,1
lineal,u20-entrenamiento-141,1,4.84121036529541,0.9921643733978271,1
lineal,u20-entrenamiento-142,1,0.5044369697570801,0.6235014796257019,1
lineal,u20-entrenamiento-143,0,-1.7171921730041504,0.15223318338394165,0
lineal,u20-entrenamiento-144,0,1.6134544610977173,0.8338904976844788,1
lineal,u20-entrenamiento-145,1,4.456985950469971,0.9885357022285461,1
lineal,u20-entrenamiento-146,0,-1.562262773513794,0.17332220077514648,0
lineal,u20-entrenamiento-147,1,4.328479766845703,0.986984133720398,1
lineal,u20-entrenamiento-148,0,0.6597915887832642,0.6592135429382324,1
lineal,u20-entrenamiento-149,1,2.3953657150268555,0.9164732694625854,1
lineal,u20-entrenamiento-150,0,0.28901931643486023,0.5717560648918152,1
red12_8,u20-entrenamiento-001,0,-2.862762928009033,0.0540253221988678,0
red12_8,u20-entrenamiento-002,1,4.321213245391846,0.986890435218811,1
red12_8,u20-entrenamiento-003,1,2.7119979858398438,0.9377309083938599,1
red12_8,u20-entrenamiento-004,0,-0.891626238822937,0.2907743453979492,0
red12_8,u20-entrenamiento-005,0,-4.642363548278809,0.009542953222990036,0
red12_8,u20-entrenamiento-006,1,4.844932556152344,0.9921932816505432,1
red12_8,u20-entrenamiento-007,1,-0.7547702789306641,0.3197827637195587,0
red12_8,u20-entrenamiento-008,1,-1.0715358257293701,0.25511112809181213,0
red12_8,u20-entrenamiento-009,0,-1.6408514976501465,0.16234922409057617,0
red12_8,u20-entrenamiento-010,1,5.029227256774902,0.993498682975769,1
red12_8,u20-entrenamiento-011,0,0.9854482412338257,0.7281879186630249,1
red12_8,u20-entrenamiento-012,0,3.0248584747314453,0.9536846280097961,1
red12_8,u20-entrenamiento-013,1,-0.1321197748184204,0.4670180380344391,0
red12_8,u20-entrenamiento-014,0,-1.568318486213684,0.17245623469352722,0
red12_8,u20-entrenamiento-015,1,0.3113444447517395,0.5772134065628052,1
red12_8,u20-entrenamiento-016,0,-3.9296183586120605,0.019272444769740105,0
red12_8,u20-entrenamiento-017,0,-4.964801788330078,0.006930960342288017,0
red12_8,u20-entrenamiento-018,1,-0.8218230605125427,0.305376797914505,0
red12_8,u20-entrenamiento-019,0,-3.7316930294036865,0.023391958326101303,0
red12_8,u20-entrenamiento-020,0,-3.861691951751709,0.020599136129021645,0
red12_8,u20-entrenamiento-021,0,-0.8212199211120605,0.30550476908683777,0
red12_8,u20-entrenamiento-022,1,2.1531951427459717,0.8959669470787048,1
red12_8,u20-entrenamiento-023,1,1.8868802785873413,0.8683993816375732,1
red12_8,u20-entrenamiento-024,1,1.5844125747680664,0.8298285603523254,1
red12_8,u20-entrenamiento-025,1,1.9020384550094604,0.8701220154762268,1
red12_8,u20-entrenamiento-026,0,-5.73288106918335,0.0032272867392748594,0
red12_8,u20-entrenamiento-027,1,4.227940559387207,0.9856271743774414,1
red12_8,u20-entrenamiento-028,0,-4.306600093841553,0.013300024904310703,0
red12_8,u20-entrenamiento-029,1,3.659813165664673,0.9749085307121277,1
red12_8,u20-entrenamiento-030,0,-5.439075469970703,0.004324712790548801,0
red12_8,u20-entrenamiento-031,1,4.802077770233154,0.991854190826416,1
red12_8,u20-entrenamiento-032,1,3.8720669746398926,0.9796091914176941,1
red12_8,u20-entrenamiento-033,0,-5.7431960105896,0.003194273915141821,0
red12_8,u20-entrenamiento-034,0,-1.110217571258545,0.2478303164243698,0
red12_8,u20-entrenamiento-035,0,-1.022741436958313,0.2644937336444855,0
red12_8,u20-entrenamiento-036,0,-0.7484869956970215,0.32115107774734497,0
red12_8,u20-entrenamiento-037,1,2.39015793800354,0.916073739528656,1
red12_8,u20-entrenamiento-038,0,-4.804318428039551,0.008127683773636818,0
red12_8,u20-entrenamiento-039,0,-3.521611213684082,0.028703542426228523,0
red12_8,u20-entrenamiento-040,1,4.933295726776123,0.9928487539291382,1
red12_8,u20-entrenamiento-041,0,-3.3523972034454346,0.03381675109267235,0
red12_8,u20-entrenamiento-042,0,-5.635288238525391,0.003556951181963086,0
red12_8,u20-entrenamiento-043,0,-4.711174011230469,0.008914036676287651,0
red12_8,u20-entrenamiento-044,1,0.06027603894472122,0.5150644779205322,1
red12_8,u20-entrenamiento-045,0,-3.360018014907837,0.03356863930821419,0
red12_8,u20-entrenamiento-046,0,-5.604241371154785,0.0036687038373202085,0
red12_8,u20-entrenamiento-047,1,4.716482162475586,0.9911327958106995,1
red12_8,u20-entrenamiento-048,0,-0.7710905075073242,0.3162432610988617,0
red12_8,u20-entrenamiento-049,1,3.0803937911987305,0.9560767412185669,1
red12_8,u20-entrenamiento-050,0,-1.4853874444961548,0.18461504578590393,0
red12_8,u20-entrenamiento-051,0,-1.6140421628952026,0.16602817177772522,0
red12_8,u20-entrenamiento-052,1,1.7760217189788818,0.8552049398422241,1
red12_8,u20-entrenamiento-053,1,3.409952402114868,0.968014121055603,1
red12_8,u20-entrenamiento-054,1,4.408802032470703,0.987976610660553,1
red12_8,u20-entrenamiento-055,0,-4.81301212310791,0.008057896979153156,0
red12_8,u20-entrenamiento-056,0,-5.210635662078857,0.005428572650998831,0
red12_8,u20-entrenamiento-057,0,-5.238537788391113,0.005279986187815666,0
red12_8,u20-entrenamiento-058,1,4.323001384735107,0.9869135022163391,1
red12_8,u20-entrenamiento-059,0,1.2465492486953735,0.7767019867897034,1
red12_8,u20-entrenamiento-060,0,-5.116182327270508,0.005963108967989683,0
red12_8,u20-entrenamiento-061,0,-4.152562618255615,0.015480649657547474,0
red12_8,u20-entrenamiento-062,1,3.6722412109375,0.9752106666564941,1
red12_8,u20-entrenamiento-063,1,-0.026954226195812225,0.49326184391975403,0
red12_8,u20-entrenamiento-064,1,3.255544900894165,0.9628718495368958,1
red12_8,u20-entrenamiento-065,1,2.2938334941864014,0.9083650708198547,1
red12_8,u20-entrenamiento-066,0,-0.9524394273757935,0.278394490480423,0
red12_8,u20-entrenamiento-067,1,4.216804504394531,0.9854685664176941,1
red12_8,u20-entrenamiento-068,1,3.724111557006836,0.9764342308044434,1
red12_8,u20-entrenamiento-069,0,-3.480403423309326,0.029874984174966812,0
red12_8,u20-entrenamiento-070,0,-5.3561482429504395,0.0046968827955424786,0
red12_8,u20-entrenamiento-071,1,3.950591564178467,0.9811199307441711,1
red12_8,u20-entrenamiento-072,1,1.8538291454315186,0.8645760416984558,1
red12_8,u20-entrenamiento-073,0,-5.538735866546631,0.003916097339242697,0
red12_8,u20-entrenamiento-074,0,-3.227501153945923,0.0381438210606575,0
red12_8,u20-entrenamiento-075,0,-4.112340927124023,0.016105767339468002,0
red12_8,u20-entrenamiento-076,1,1.2188934087753296,0.7718687653541565,1
red12_8,u20-entrenamiento-077,0,-1.2543150186538696,0.2219540774822235,0
red12_8,u20-entrenamiento-078,0,-3.878909111022949,0.02025463432073593,0
red12_8,u20-entrenamiento-079,0,-5.582985877990723,0.003747223410755396,0
red12_8,u20-entrenamiento-080,0,-0.8949516415596008,0.29008904099464417,0
red12_8,u20-entrenamiento-081,1,3.491042137145996,0.9704318642616272,1
red12_8,u20-entrenamiento-082,1,-1.2047380208969116,0.2306334227323532,0
red12_8,u20-entrenamiento-083,1,4.427882194519043,0.9882011413574219,1
red12_8,u20-entrenamiento-084,0,-1.9730581045150757,0.12206079810857773,0
red12_8,u20-entrenamiento-085,1,1.9344242811203003,0.8737383484840393,1
red12_8,u20-entrenamiento-086,1,0.8707525730133057,0.7049022912979126,1
red12_8,u20-entrenamiento-087,1,3.8971736431121826,0.9801046848297119,1
red12_8,u20-entrenamiento-088,1,3.4080958366394043,0.9679566025733948,1
red12_8,u20-entrenamiento-089,1,1.7441656589508057,0.8512154221534729,1
red12_8,u20-entrenamiento-090,1,3.7539401054382324,0.9771109819412231,1
red12_8,u20-entrenamiento-091,1,-0.5002399682998657,0.3774842619895935,0
red12_8,u20-entrenamiento-092,0,-5.297670364379883,0.004978328477591276,0
red12_8,u20-entrenamiento-093,0,-3.823082447052002,0.021392663940787315,0
red12_8,u20-entrenamiento-094,1,3.035393476486206,0.9541476964950562,1
red12_8,u20-entrenamiento-095,0,-4.277820110321045,0.013683047145605087,0
red12_8,u20-entrenamiento-096,0,-0.6822049617767334,0.3357693552970886,0
red12_8,u20-entrenamiento-097,1,2.585172176361084,0.9299011826515198,1
red12_8,u20-entrenamiento-098,1,2.871152639389038,0.946401834487915,1
red12_8,u20-entrenamiento-099,0,-3.9346790313720703,0.0191770251840353,0
red12_8,u20-entrenamiento-100,0,-5.409186363220215,0.004455341026186943,0
red12_8,u20-entrenamiento-101,0,-4.016330242156982,0.017700033262372017,0
red12_8,u20-entrenamiento-102,0,-1.0810551643371582,0.25330638885498047,0
red12_8,u20-entrenamiento-103,0,-4.725207328796387,0.008790909312665462,0
red12_8,u20-entrenamiento-104,1,4.287343502044678,0.986444890499115,1
red12_8,u20-entrenamiento-105,0,-5.485352516174316,0.004129945766180754,0
red12_8,u20-entrenamiento-106,1,3.321986675262451,0.965175449848175,1
red12_8,u20-entrenamiento-107,1,5.008433818817139,0.9933630228042603,1
red12_8,u20-entrenamiento-108,1,-4.031954765319824,0.017430411651730537,0
red12_8,u20-entrenamiento-109,0,-4.6465840339660645,0.009503143839538097,0
red12_8,u20-entrenamiento-110,0,-3.6904306411743164,0.024353360757231712,0
red12_8,u20-entrenamiento-111,1,1.5984582901000977,0.8318027853965759,1
red12_8,u20-entrenamiento-112,0,-4.233846187591553,0.014289380051195621,0
red12_8,u20-entrenamiento-113,1,0.525201678276062,0.6283632516860962,1
red12_8,u20-entrenamiento-114,0,-3.563754081726074,0.02755166031420231,0
red12_8,u20-entrenamiento-115,1,1.7627776861190796,0.8535571694374084,1
red12_8,u20-entrenamiento-116,0,-5.648675441741943,0.003509816713631153,0
red12_8,u20-entrenamiento-117,1,2.3238301277160645,0.9108315110206604,1
red12_8,u20-entrenamiento-118,1,1.0449892282485962,0.7398115992546082,1
red12_8,u20-entrenamiento-119,0,-4.661910057067871,0.009359961375594139,0
red12_8,u20-entrenamiento-120,0,-4.329213619232178,0.01300650741904974,0
red12_8,u20-entrenamiento-121,0,-4.736185550689697,0.008695763535797596,0
red12_8,u20-entrenamiento-122,0,-3.8028571605682373,0.021820204332470894,0
red12_8,u20-entrenamiento-123,1,1.3056541681289673,0.7867850661277771,1
red12_8,u20-entrenamiento-124,1,3.3317391872406006,0.9655017256736755,1
red12_8,u20-entrenamiento-125,0,-0.1899036467075348,0.4526662528514862,0
red12_8,u20-entrenamiento-126,0,-5.147045612335205,0.0057829273864626884,0
red12_8,u20-entrenamiento-127,0,0.5984092354774475,0.6452922821044922,1
red12_8,u20-entrenamiento-128,1,4.100094318389893,0.9836989641189575,1
red12_8,u20-entrenamiento-129,0,-4.746395111083984,0.008608195930719376,0
red12_8,u20-entrenamiento-130,1,-1.01768958568573,0.2654776871204376,0
red12_8,u20-entrenamiento-131,0,-5.52125883102417,0.003984865732491016,0
red12_8,u20-entrenamiento-132,1,2.8264527320861816,0.9440886378288269,1
red12_8,u20-entrenamiento-133,1,3.8189902305603027,0.978521466255188,1
red12_8,u20-entrenamiento-134,0,-3.42562198638916,0.03150423988699913,0
red12_8,u20-entrenamiento-135,0,-2.705481767654419,0.062650665640831,0
red12_8,u20-entrenamiento-136,0,-3.238168478012085,0.037754371762275696,0
red12_8,u20-entrenamiento-137,1,1.818034052848816,0.8603301048278809,1
red12_8,u20-entrenamiento-138,0,-0.9151866436004639,0.28593966364860535,0
red12_8,u20-entrenamiento-139,1,3.055769205093384,0.9550309777259827,1
red12_8,u20-entrenamiento-140,1,3.108229875564575,0.9572309255599976,1
red12_8,u20-entrenamiento-141,1,3.815298080444336,0.9784437417984009,1
red12_8,u20-entrenamiento-142,1,1.6419917345046997,0.8378057479858398,1
red12_8,u20-entrenamiento-143,0,-1.3332905769348145,0.20861558616161346,0
red12_8,u20-entrenamiento-144,0,1.0174286365509033,0.7344713807106018,1
red12_8,u20-entrenamiento-145,1,4.997658729553223,0.9932916164398193,1
red12_8,u20-entrenamiento-146,0,-4.252912521362305,0.014023300260305405,0
red12_8,u20-entrenamiento-147,1,3.5598645210266113,0.9723439812660217,1
red12_8,u20-entrenamiento-148,0,-1.1299923658370972,0.24416252970695496,0
red12_8,u20-entrenamiento-149,1,2.48688006401062,0.9232169985771179,1
red12_8,u20-entrenamiento-150,0,0.8032664060592651,0.690672755241394,1
