candidato,caso_id,senal_a,senal_b,fuera_rango,puntuacion,umbral,alerta
sin_alertas,anomalias-entrenamiento-001,33.5,35.79,False,,,0
sin_alertas,anomalias-entrenamiento-002,73.23,68.92,False,,,0
sin_alertas,anomalias-entrenamiento-003,66.26,62.33,False,,,0
sin_alertas,anomalias-entrenamiento-004,64.42,66.54,False,,,0
sin_alertas,anomalias-entrenamiento-005,73.1,69.87,False,,,0
sin_alertas,anomalias-entrenamiento-006,25.96,36.08,False,,,0
sin_alertas,anomalias-entrenamiento-007,31.46,34.84,False,,,0
sin_alertas,anomalias-entrenamiento-008,70.03,57.46,False,,,0
sin_alertas,anomalias-entrenamiento-009,31.41,40.49,False,,,0
sin_alertas,anomalias-entrenamiento-010,32.41,34.99,False,,,0
sin_alertas,anomalias-entrenamiento-011,36.12,37.67,False,,,0
sin_alertas,anomalias-entrenamiento-012,65.66,65.05,False,,,0
sin_alertas,anomalias-entrenamiento-013,69.95,77.64,False,,,0
sin_alertas,anomalias-entrenamiento-014,66.92,65.86,False,,,0
sin_alertas,anomalias-entrenamiento-015,35.96,36.06,False,,,0
sin_alertas,anomalias-entrenamiento-016,55.71,75.35,False,,,0
sin_alertas,anomalias-entrenamiento-017,29.44,30.44,False,,,0
sin_alertas,anomalias-entrenamiento-018,40.58,36.8,False,,,0
sin_alertas,anomalias-entrenamiento-019,58.84,72.69,False,,,0
sin_alertas,anomalias-entrenamiento-020,70.15,63.33,False,,,0
sin_alertas,anomalias-entrenamiento-021,20.4,37.98,False,,,0
sin_alertas,anomalias-entrenamiento-022,59.19,59.26,False,,,0
sin_alertas,anomalias-entrenamiento-023,69.11,66.51,False,,,0
sin_alertas,anomalias-entrenamiento-024,62.24,63.93,False,,,0
sin_alertas,anomalias-entrenamiento-025,73.14,62.02,False,,,0
sin_alertas,anomalias-entrenamiento-026,24.96,38.61,False,,,0
sin_alertas,anomalias-entrenamiento-027,80.2,66.39,False,,,0
sin_alertas,anomalias-entrenamiento-028,62.97,71.75,False,,,0
sin_alertas,anomalias-entrenamiento-029,69.2,58.7,False,,,0
sin_alertas,anomalias-entrenamiento-030,68.47,58.42,False,,,0
sin_alertas,anomalias-entrenamiento-031,28.24,32.13,False,,,0
sin_alertas,anomalias-entrenamiento-032,67.86,64.43,False,,,0
sin_alertas,anomalias-entrenamiento-033,16.97,37.94,False,,,0
sin_alertas,anomalias-entrenamiento-034,35.49,37.28,False,,,0
sin_alertas,anomalias-entrenamiento-035,29.04,43.41,False,,,0
sin_alertas,anomalias-entrenamiento-036,76.03,75.2,False,,,0
sin_alertas,anomalias-entrenamiento-037,77.53,70.37,False,,,0
sin_alertas,anomalias-entrenamiento-038,75.64,59.6,False,,,0
sin_alertas,anomalias-entrenamiento-039,29.07,29.82,False,,,0
sin_alertas,anomalias-entrenamiento-040,69.49,60.92,False,,,0
sin_alertas,anomalias-entrenamiento-041,63.01,63.78,False,,,0
sin_alertas,anomalias-entrenamiento-042,42.52,30.96,False,,,0
sin_alertas,anomalias-entrenamiento-043,68.97,66.28,False,,,0
sin_alertas,anomalias-entrenamiento-044,29.86,44.02,False,,,0
sin_alertas,anomalias-entrenamiento-045,75.51,70.82,False,,,0
sin_alertas,anomalias-entrenamiento-046,36.99,35.97,False,,,0
sin_alertas,anomalias-entrenamiento-047,28.9,38.61,False,,,0
sin_alertas,anomalias-entrenamiento-048,29.63,37.53,False,,,0
sin_alertas,anomalias-entrenamiento-049,19.48,38.44,False,,,0
sin_alertas,anomalias-entrenamiento-050,70.53,75.01,False,,,0
sin_alertas,anomalias-entrenamiento-051,31.53,35.76,False,,,0
sin_alertas,anomalias-entrenamiento-052,69.68,72.86,False,,,0
sin_alertas,anomalias-entrenamiento-053,73.12,63.96,False,,,0
sin_alertas,anomalias-entrenamiento-054,41.71,28.91,False,,,0
sin_alertas,anomalias-entrenamiento-055,67.05,70.96,False,,,0
sin_alertas,anomalias-entrenamiento-056,63.88,59.94,False,,,0
sin_alertas,anomalias-entrenamiento-057,35.0,41.46,False,,,0
sin_alertas,anomalias-entrenamiento-058,23.59,40.34,False,,,0
sin_alertas,anomalias-entrenamiento-059,69.6,60.67,False,,,0
sin_alertas,anomalias-entrenamiento-060,70.53,63.56,False,,,0
sin_alertas,anomalias-entrenamiento-061,20.47,36.15,False,,,0
sin_alertas,anomalias-entrenamiento-062,28.45,35.05,False,,,0
sin_alertas,anomalias-entrenamiento-063,32.39,32.21,False,,,0
sin_alertas,anomalias-entrenamiento-064,32.31,37.61,False,,,0
sin_alertas,anomalias-entrenamiento-065,64.84,65.33,False,,,0
sin_alertas,anomalias-entrenamiento-066,34.66,38.08,False,,,0
sin_alertas,anomalias-entrenamiento-067,24.11,40.54,False,,,0
sin_alertas,anomalias-entrenamiento-068,78.7,60.45,False,,,0
sin_alertas,anomalias-entrenamiento-069,66.73,63.8,False,,,0
sin_alertas,anomalias-entrenamiento-070,69.9,66.05,False,,,0
sin_alertas,anomalias-entrenamiento-071,36.44,27.62,False,,,0
sin_alertas,anomalias-entrenamiento-072,81.83,60.88,False,,,0
sin_alertas,anomalias-entrenamiento-073,31.41,27.9,False,,,0
sin_alertas,anomalias-entrenamiento-074,29.39,28.28,False,,,0
sin_alertas,anomalias-entrenamiento-075,67.97,64.75,False,,,0
sin_alertas,anomalias-entrenamiento-076,38.26,40.48,False,,,0
sin_alertas,anomalias-entrenamiento-077,70.09,58.41,False,,,0
sin_alertas,anomalias-entrenamiento-078,34.41,23.91,False,,,0
sin_alertas,anomalias-entrenamiento-079,23.58,41.55,False,,,0
sin_alertas,anomalias-entrenamiento-080,68.63,71.29,False,,,0
sin_alertas,anomalias-entrenamiento-081,19.54,28.78,False,,,0
sin_alertas,anomalias-entrenamiento-082,30.2,35.59,False,,,0
sin_alertas,anomalias-entrenamiento-083,61.53,67.78,False,,,0
sin_alertas,anomalias-entrenamiento-084,73.52,62.73,False,,,0
sin_alertas,anomalias-entrenamiento-085,81.12,72.29,False,,,0
sin_alertas,anomalias-entrenamiento-086,18.2,38.05,False,,,0
sin_alertas,anomalias-entrenamiento-087,72.85,65.4,False,,,0
sin_alertas,anomalias-entrenamiento-088,26.76,37.21,False,,,0
sin_alertas,anomalias-entrenamiento-089,29.34,42.19,False,,,0
sin_alertas,anomalias-entrenamiento-090,76.73,72.66,False,,,0
sin_alertas,anomalias-entrenamiento-091,23.03,38.18,False,,,0
sin_alertas,anomalias-entrenamiento-092,69.93,68.53,False,,,0
sin_alertas,anomalias-entrenamiento-093,72.29,61.81,False,,,0
sin_alertas,anomalias-entrenamiento-094,60.83,65.89,False,,,0
sin_alertas,anomalias-entrenamiento-095,25.57,33.08,False,,,0
sin_alertas,anomalias-entrenamiento-096,34.78,31.76,False,,,0
sin_alertas,anomalias-entrenamiento-097,28.42,35.25,False,,,0
sin_alertas,anomalias-entrenamiento-098,72.07,64.32,False,,,0
sin_alertas,anomalias-entrenamiento-099,66.84,60.92,False,,,0
sin_alertas,anomalias-entrenamiento-100,29.34,30.69,False,,,0
sin_alertas,anomalias-entrenamiento-101,41.41,35.71,False,,,0
sin_alertas,anomalias-entrenamiento-102,65.52,64.72,False,,,0
sin_alertas,anomalias-entrenamiento-103,23.85,37.54,False,,,0
sin_alertas,anomalias-entrenamiento-104,26.87,37.24,False,,,0
sin_alertas,anomalias-entrenamiento-105,34.59,34.81,False,,,0
sin_alertas,anomalias-entrenamiento-106,68.11,63.06,False,,,0
sin_alertas,anomalias-entrenamiento-107,20.39,33.54,False,,,0
sin_alertas,anomalias-entrenamiento-108,32.41,36.8,False,,,0
sin_alertas,anomalias-entrenamiento-109,34.85,29.97,False,,,0
sin_alertas,anomalias-entrenamiento-110,26.27,34.97,False,,,0
sin_alertas,anomalias-entrenamiento-111,29.03,33.71,False,,,0
sin_alertas,anomalias-entrenamiento-112,25.9,42.46,False,,,0
sin_alertas,anomalias-entrenamiento-113,70.34,72.4,False,,,0
sin_alertas,anomalias-entrenamiento-114,71.04,65.03,False,,,0
sin_alertas,anomalias-entrenamiento-115,70.58,71.47,False,,,0
sin_alertas,anomalias-entrenamiento-116,33.38,38.65,False,,,0
sin_alertas,anomalias-entrenamiento-117,27.42,34.37,False,,,0
sin_alertas,anomalias-entrenamiento-118,80.68,67.81,False,,,0
sin_alertas,anomalias-entrenamiento-119,71.65,58.53,False,,,0
sin_alertas,anomalias-entrenamiento-120,75.91,71.38,False,,,0
distancia_centro,anomalias-entrenamiento-001,33.5,35.79,False,1.2317661263749746,1.8077549888856033,0
distancia_centro,anomalias-entrenamiento-002,73.23,68.92,False,1.6046543263871296,1.8077549888856033,0
distancia_centro,anomalias-entrenamiento-003,66.26,62.33,False,1.0742482279805596,1.8077549888856033,0
distancia_centro,anomalias-entrenamiento-004,64.42,66.54,False,1.2161843307039177,1.8077549888856033,0
distancia_centro,anomalias-entrenamiento-005,73.1,69.87,False,1.643683397989594,1.8077549888856033,0
distancia_centro,anomalias-entrenamiento-006,25.96,36.08,False,1.4770300040163091,1.8077549888856033,0
distancia_centro,anomalias-entrenamiento-007,31.46,34.84,False,1.340964081219331,1.8077549888856033,0
distancia_centro,anomalias-entrenamiento-008,70.03,57.46,False,1.058918393562077,1.8077549888856033,0
distancia_centro,anomalias-entrenamiento-009,31.41,40.49,False,1.0991200630018636,1.8077549888856033,0
distancia_centro,anomalias-entrenamiento-010,32.41,34.99,False,1.3041214707395146,1.8077549888856033,0
distancia_centro,anomalias-entrenamiento-011,36.12,37.67,False,1.0602273027230877,1.8077549888856033,0
distancia_centro,anomalias-entrenamiento-012,65.66,65.05,False,1.178319376036604,1.8077549888856033,0
distancia_centro,anomalias-entrenamiento-013,69.95,77.64,False,1.9513404866002493,1.8077549888856033,1
distancia_centro,anomalias-entrenamiento-014,66.92,65.86,False,1.2566022017558587,1.8077549888856033,0
distancia_centro,anomalias-entrenamiento-015,35.96,36.06,False,1.1462554337421489,1.8077549888856033,0
distancia_centro,anomalias-entrenamiento-016,55.71,75.35,False,1.57502116008985,1.8077549888856033,0
distancia_centro,anomalias-entrenamiento-017,29.44,30.44,False,1.6180714313317448,1.8077549888856033,0
distancia_centro,anomalias-entrenamiento-018,40.58,36.8,False,0.9913688586979302,1.8077549888856033,0
distancia_centro,anomalias-entrenamiento-019,58.84,72.69,False,1.4478767114937217,1.8077549888856033,0
distancia_centro,anomalias-entrenamiento-020,70.15,63.33,False,1.2572647589095054,1.8077549888856033,0
distancia_centro,anomalias-entrenamiento-021,20.4,37.98,False,1.6296377119858672,1.8077549888856033,0
distancia_centro,anomalias-entrenamiento-022,59.19,59.26,False,0.6981346194620573,1.8077549888856033,0
distancia_centro,anomalias-entrenamiento-023,69.11,66.51,False,1.3576109553469475,1.8077549888856033,0
distancia_centro,anomalias-entrenamiento-024,62.24,63.93,False,1.0210777288260993,1.8077549888856033,0
distancia_centro,anomalias-entrenamiento-025,73.14,62.02,False,1.3261659796051426,1.8077549888856033,0
distancia_centro,anomalias-entrenamiento-026,24.96,38.61,False,1.4217672317895667,1.8077549888856033,0
distancia_centro,anomalias-entrenamiento-027,80.2,66.39,False,1.7612530264068629,1.8077549888856033,0
distancia_centro,anomalias-entrenamiento-028,62.97,71.75,False,1.4655507619674133,1.8077549888856033,0
distancia_centro,anomalias-entrenamiento-029,69.2,58.7,False,1.0569001378196299,1.8077549888856033,0
distancia_centro,anomalias-entrenamiento-030,68.47,58.42,False,1.0176152875510116,1.8077549888856033,0
distancia_centro,anomalias-entrenamiento-031,28.24,32.13,False,1.5717565883272262,1.8077549888856033,0
distancia_centro,anomalias-entrenamiento-032,67.86,64.43,False,1.2214933888083688,1.8077549888856033,0
distancia_centro,anomalias-entrenamiento-033,16.97,37.94,False,1.7756092892266873,1.8077549888856033,0
distancia_centro,anomalias-entrenamiento-034,35.49,37.28,False,1.0983683595731313,1.8077549888856033,0
distancia_centro,anomalias-entrenamiento-035,29.04,43.41,False,1.1023070278066291,1.8077549888856033,0
distancia_centro,anomalias-entrenamiento-036,76.03,75.2,False,1.9901673194239995,1.8077549888856033,1
distancia_centro,anomalias-entrenamiento-037,77.53,70.37,False,1.8168851275175488,1.8077549888856033,1
distancia_centro,anomalias-entrenamiento-038,75.64,59.6,False,1.3601625288730164,1.8077549888856033,0
distancia_centro,anomalias-entrenamiento-039,29.07,29.82,False,1.6600593035157247,1.8077549888856033,0
distancia_centro,anomalias-entrenamiento-040,69.49,60.92,False,1.1412060008748908,1.8077549888856033,0
distancia_centro,anomalias-entrenamiento-041,63.01,63.78,False,1.0356899077693003,1.8077549888856033,0
distancia_centro,anomalias-entrenamiento-042,42.52,30.96,False,1.3037750033728193,1.8077549888856033,0
distancia_centro,anomalias-entrenamiento-043,68.97,66.28,False,1.3424143900013015,1.8077549888856033,0
distancia_centro,anomalias-entrenamiento-044,29.86,44.02,False,1.0503903846590565,1.8077549888856033,0
distancia_centro,anomalias-entrenamiento-045,75.51,70.82,False,1.767102690868281,1.8077549888856033,0
distancia_centro,anomalias-entrenamiento-046,36.99,35.97,False,1.1230234370739196,1.8077549888856033,0
distancia_centro,anomalias-entrenamiento-047,28.9,38.61,False,1.266986255595921,1.8077549888856033,0
distancia_centro,anomalias-entrenamiento-048,29.63,37.53,False,1.2830202006065676,1.8077549888856033,0
distancia_centro,anomalias-entrenamiento-049,19.48,38.44,False,1.6541517466810276,1.8077549888856033,0
distancia_centro,anomalias-entrenamiento-050,70.53,75.01,False,1.8240369931922467,1.8077549888856033,1
distancia_centro,anomalias-entrenamiento-051,31.53,35.76,False,1.295418230594227,1.8077549888856033,0
distancia_centro,anomalias-entrenamiento-052,69.68,72.86,False,1.6883987169620467,1.8077549888856033,0
distancia_centro,anomalias-entrenamiento-053,73.12,63.96,False,1.3945896962576823,1.8077549888856033,0
distancia_centro,anomalias-entrenamiento-054,41.71,28.91,False,1.4390198845677071,1.8077549888856033,0
distancia_centro,anomalias-entrenamiento-055,67.05,70.96,False,1.5182949368036458,1.8077549888856033,0
distancia_centro,anomalias-entrenamiento-056,63.88,59.94,False,0.8884974996995841,1.8077549888856033,0
distancia_centro,anomalias-entrenamiento-057,35.0,41.46,False,0.9254981062801282,1.8077549888856033,0
distancia_centro,anomalias-entrenamiento-058,23.59,40.34,False,1.4233602766550801,1.8077549888856033,0
distancia_centro,anomalias-entrenamiento-059,69.6,60.67,False,1.1368835543289595,1.8077549888856033,0
distancia_centro,anomalias-entrenamiento-060,70.53,63.56,False,1.280605685952667,1.8077549888856033,0
distancia_centro,anomalias-entrenamiento-061,20.47,36.15,False,1.6874548923318786,1.8077549888856033,0
distancia_centro,anomalias-entrenamiento-062,28.45,35.05,False,1.4308737640700726,1.8077549888856033,0
distancia_centro,anomalias-entrenamiento-063,32.39,32.21,False,1.4439682018638915,1.8077549888856033,0
distancia_centro,anomalias-entrenamiento-064,32.31,37.61,False,1.1851616667031595,1.8077549888856033,0
distancia_centro,anomalias-entrenamiento-065,64.84,65.33,False,1.167037578213006,1.8077549888856033,0
distancia_centro,anomalias-entrenamiento-066,34.66,38.08,False,1.085720157966131,1.8077549888856033,0
distancia_centro,anomalias-entrenamiento-067,24.11,40.54,False,1.3953575530514428,1.8077549888856033,0
distancia_centro,anomalias-entrenamiento-068,78.7,60.45,False,1.5164009304306167,1.8077549888856033,0
distancia_centro,anomalias-entrenamiento-069,66.73,63.8,False,1.1549262924316512,1.8077549888856033,0
distancia_centro,anomalias-entrenamiento-070,69.9,66.05,False,1.3632001039636343,1.8077549888856033,0
distancia_centro,anomalias-entrenamiento-071,36.44,27.62,False,1.6013364833777477,1.8077549888856033,0
distancia_centro,anomalias-entrenamiento-072,81.83,60.88,False,1.665498544641575,1.8077549888856033,0
distancia_centro,anomalias-entrenamiento-073,31.41,27.9,False,1.6974736180442715,1.8077549888856033,0
distancia_centro,anomalias-entrenamiento-074,29.39,28.28,False,1.7301337790609015,1.8077549888856033,0
distancia_centro,anomalias-entrenamiento-075,67.97,64.75,False,1.239519503808935,1.8077549888856033,0
distancia_centro,anomalias-entrenamiento-076,38.26,40.48,False,0.8576271880031138,1.8077549888856033,0
distancia_centro,anomalias-entrenamiento-077,70.09,58.41,False,1.0866416289226388,1.8077549888856033,0
distancia_centro,anomalias-entrenamiento-078,34.41,23.91,False,1.8552417017208154,1.8077549888856033,1
distancia_centro,anomalias-entrenamiento-079,23.58,41.55,False,1.3898115017386026,1.8077549888856033,0
distancia_centro,anomalias-entrenamiento-080,68.63,71.29,False,1.5781116251165,1.8077549888856033,0
distancia_centro,anomalias-entrenamiento-081,19.54,28.78,False,2.0141699328435725,1.8077549888856033,1
distancia_centro,anomalias-entrenamiento-082,30.2,35.59,False,1.347218422940548,1.8077549888856033,0
distancia_centro,anomalias-entrenamiento-083,61.53,67.78,False,1.2102727948679777,1.8077549888856033,0
distancia_centro,anomalias-entrenamiento-084,73.52,62.73,False,1.365823286164753,1.8077549888856033,0
distancia_centro,anomalias-entrenamiento-085,81.12,72.29,False,2.026122285843402,1.8077549888856033,1
distancia_centro,anomalias-entrenamiento-086,18.2,38.05,False,1.720023695245572,1.8077549888856033,0
distancia_centro,anomalias-entrenamiento-087,72.85,65.4,False,1.4405453952664533,1.8077549888856033,0
distancia_centro,anomalias-entrenamiento-088,26.76,37.21,False,1.4024735182484636,1.8077549888856033,0
distancia_centro,anomalias-entrenamiento-089,29.34,42.19,False,1.1246463105659652,1.8077549888856033,0
distancia_centro,anomalias-entrenamiento-090,76.73,72.66,False,1.891626148165841,1.8077549888856033,1
distancia_centro,anomalias-entrenamiento-091,23.03,38.18,False,1.5146547409100146,1.8077549888856033,0
distancia_centro,anomalias-entrenamiento-092,69.93,68.53,False,1.4788562992046166,1.8077549888856033,0
distancia_centro,anomalias-entrenamiento-093,72.29,61.81,False,1.2845684082826612,1.8077549888856033,0
distancia_centro,anomalias-entrenamiento-094,60.83,65.89,False,1.089230950927266,1.8077549888856033,0
distancia_centro,anomalias-entrenamiento-095,25.57,33.08,False,1.6169167213725824,1.8077549888856033,0
distancia_centro,anomalias-entrenamiento-096,34.78,31.76,False,1.4049322003249847,1.8077549888856033,0
distancia_centro,anomalias-entrenamiento-097,28.42,35.25,False,1.4231314735801626,1.8077549888856033,0
distancia_centro,anomalias-entrenamiento-098,72.07,64.32,False,1.3683992419471316,1.8077549888856033,0
distancia_centro,anomalias-entrenamiento-099,66.84,60.92,False,1.037985150913012,1.8077549888856033,0
distancia_centro,anomalias-entrenamiento-100,29.34,30.69,False,1.608448109597702,1.8077549888856033,0
distancia_centro,anomalias-entrenamiento-101,41.41,35.71,False,1.0373119766065055,1.8077549888856033,0
distancia_centro,anomalias-entrenamiento-102,65.52,64.72,False,1.1580975878834734,1.8077549888856033,0
distancia_centro,anomalias-entrenamiento-103,23.85,37.54,False,1.5035533429223757,1.8077549888856033,0
distancia_centro,anomalias-entrenamiento-104,26.87,37.24,False,1.3971375385406148,1.8077549888856033,0
distancia_centro,anomalias-entrenamiento-105,34.59,34.81,False,1.2488191322513924,1.8077549888856033,0
distancia_centro,anomalias-entrenamiento-106,68.11,63.06,False,1.1712421453496573,1.8077549888856033,0
distancia_centro,anomalias-entrenamiento-107,20.39,33.54,False,1.7865343306659336,1.8077549888856033,0
distancia_centro,anomalias-entrenamiento-108,32.41,36.8,False,1.2184988135440356,1.8077549888856033,0
distancia_centro,anomalias-entrenamiento-109,34.85,29.97,False,1.5015023818185438,1.8077549888856033,0
distancia_centro,anomalias-entrenamiento-110,26.27,34.97,False,1.51110770727727,1.8077549888856033,0
distancia_centro,anomalias-entrenamiento-111,29.03,33.71,False,1.4721099171758858,1.8077549888856033,0
distancia_centro,anomalias-entrenamiento-112,25.9,42.46,False,1.264461910209996,1.8077549888856033,0
distancia_centro,anomalias-entrenamiento-113,70.34,72.4,False,1.6829342769850153,1.8077549888856033,0
distancia_centro,anomalias-entrenamiento-114,71.04,65.03,False,1.3592028914885477,1.8077549888856033,0
distancia_centro,anomalias-entrenamiento-115,70.58,71.47,False,1.6427004471973967,1.8077549888856033,0
distancia_centro,anomalias-entrenamiento-116,33.38,38.65,False,1.1024004302761337,1.8077549888856033,0
distancia_centro,anomalias-entrenamiento-117,27.42,34.37,False,1.4963271705810912,1.8077549888856033,0
distancia_centro,anomalias-entrenamiento-118,80.68,67.81,False,1.8315112403573934,1.8077549888856033,1
distancia_centro,anomalias-entrenamiento-119,71.65,58.53,False,1.1575917684055583,1.8077549888856033,0
distancia_centro,anomalias-entrenamiento-120,75.91,71.38,False,1.8058743682508442,1.8077549888856033,0
aislamiento,anomalias-entrenamiento-001,33.5,35.79,False,0.4494245103184782,0.6014451843720088,0
aislamiento,anomalias-entrenamiento-002,73.23,68.92,False,0.47476253280892594,0.6014451843720088,0
aislamiento,anomalias-entrenamiento-003,66.26,62.33,False,0.44849833640171743,0.6014451843720088,0
aislamiento,anomalias-entrenamiento-004,64.42,66.54,False,0.47256092853010573,0.6014451843720088,0
aislamiento,anomalias-entrenamiento-005,73.1,69.87,False,0.4819086231689354,0.6014451843720088,0
aislamiento,anomalias-entrenamiento-006,25.96,36.08,False,0.46445076422942944,0.6014451843720088,0
aislamiento,anomalias-entrenamiento-007,31.46,34.84,False,0.44019095430611427,0.6014451843720088,0
aislamiento,anomalias-entrenamiento-008,70.03,57.46,False,0.5036142977942024,0.6014451843720088,0
aislamiento,anomalias-entrenamiento-009,31.41,40.49,False,0.47585915086565894,0.6014451843720088,0
aislamiento,anomalias-entrenamiento-010,32.41,34.99,False,0.4409592754730701,0.6014451843720088,0
aislamiento,anomalias-entrenamiento-011,36.12,37.67,False,0.4741108629701929,0.6014451843720088,0
aislamiento,anomalias-entrenamiento-012,65.66,65.05,False,0.4427173118809631,0.6014451843720088,0
aislamiento,anomalias-entrenamiento-013,69.95,77.64,False,0.5683278128379974,0.6014451843720088,0
aislamiento,anomalias-entrenamiento-014,66.92,65.86,False,0.4419477733565434,0.6014451843720088,0
aislamiento,anomalias-entrenamiento-015,35.96,36.06,False,0.4677520620622582,0.6014451843720088,0
aislamiento,anomalias-entrenamiento-016,55.71,75.35,False,0.6183744056921743,0.6014451843720088,1
aislamiento,anomalias-entrenamiento-017,29.44,30.44,False,0.4933724377267855,0.6014451843720088,0
aislamiento,anomalias-entrenamiento-018,40.58,36.8,False,0.5403979351806638,0.6014451843720088,0
aislamiento,anomalias-entrenamiento-019,58.84,72.69,False,0.5678284828291246,0.6014451843720088,0
aislamiento,anomalias-entrenamiento-020,70.15,63.33,False,0.43130915803222214,0.6014451843720088,0
aislamiento,anomalias-entrenamiento-021,20.4,37.98,False,0.5097410320346378,0.6014451843720088,0
aislamiento,anomalias-entrenamiento-022,59.19,59.26,False,0.5651539095301136,0.6014451843720088,0
aislamiento,anomalias-entrenamiento-023,69.11,66.51,False,0.43266882545369156,0.6014451843720088,0
aislamiento,anomalias-entrenamiento-024,62.24,63.93,False,0.4968969665014397,0.6014451843720088,0
aislamiento,anomalias-entrenamiento-025,73.14,62.02,False,0.4750205646591293,0.6014451843720088,0
aislamiento,anomalias-entrenamiento-026,24.96,38.61,False,0.4851089341497404,0.6014451843720088,0
aislamiento,anomalias-entrenamiento-027,80.2,66.39,False,0.5669477596736711,0.6014451843720088,0
aislamiento,anomalias-entrenamiento-028,62.97,71.75,False,0.5204622126054768,0.6014451843720088,0
aislamiento,anomalias-entrenamiento-029,69.2,58.7,False,0.4773075262550617,0.6014451843720088,0
aislamiento,anomalias-entrenamiento-030,68.47,58.42,False,0.4865957080996767,0.6014451843720088,0
aislamiento,anomalias-entrenamiento-031,28.24,32.13,False,0.47309025589119696,0.6014451843720088,0
aislamiento,anomalias-entrenamiento-032,67.86,64.43,False,0.42825105875855696,0.6014451843720088,0
aislamiento,anomalias-entrenamiento-033,16.97,37.94,False,0.5757888743375597,0.6014451843720088,0
aislamiento,anomalias-entrenamiento-034,35.49,37.28,False,0.46285430223995916,0.6014451843720088,0
aislamiento,anomalias-entrenamiento-035,29.04,43.41,False,0.5264482373995862,0.6014451843720088,0
aislamiento,anomalias-entrenamiento-036,76.03,75.2,False,0.6007702222289285,0.6014451843720088,0
aislamiento,anomalias-entrenamiento-037,77.53,70.37,False,0.5324234472853039,0.6014451843720088,0
aislamiento,anomalias-entrenamiento-038,75.64,59.6,False,0.5407651814113511,0.6014451843720088,0
aislamiento,anomalias-entrenamiento-039,29.07,29.82,False,0.5090835134242808,0.6014451843720088,0
aislamiento,anomalias-entrenamiento-040,69.49,60.92,False,0.44417754668683773,0.6014451843720088,0
aislamiento,anomalias-entrenamiento-041,63.01,63.78,False,0.4845022004587207,0.6014451843720088,0
aislamiento,anomalias-entrenamiento-042,42.52,30.96,False,0.5856346685893735,0.6014451843720088,0
aislamiento,anomalias-entrenamiento-043,68.97,66.28,False,0.431224071492429,0.6014451843720088,0
aislamiento,anomalias-entrenamiento-044,29.86,44.02,False,0.5468531683879171,0.6014451843720088,0
aislamiento,anomalias-entrenamiento-045,75.51,70.82,False,0.5222512978010739,0.6014451843720088,0
aislamiento,anomalias-entrenamiento-046,36.99,35.97,False,0.4758875910419988,0.6014451843720088,0
aislamiento,anomalias-entrenamiento-047,28.9,38.61,False,0.4442022578947733,0.6014451843720088,0
aislamiento,anomalias-entrenamiento-048,29.63,37.53,False,0.442084611765298,0.6014451843720088,0
aislamiento,anomalias-entrenamiento-049,19.48,38.44,False,0.5245063614889309,0.6014451843720088,0
aislamiento,anomalias-entrenamiento-050,70.53,75.01,False,0.538600586500657,0.6014451843720088,0
aislamiento,anomalias-entrenamiento-051,31.53,35.76,False,0.4351422012344384,0.6014451843720088,0
aislamiento,anomalias-entrenamiento-052,69.68,72.86,False,0.4992293823559024,0.6014451843720088,0
aislamiento,anomalias-entrenamiento-053,73.12,63.96,False,0.464413737787174,0.6014451843720088,0
aislamiento,anomalias-entrenamiento-054,41.71,28.91,False,0.6030933010277174,0.6014451843720088,1
aislamiento,anomalias-entrenamiento-055,67.05,70.96,False,0.47816274790745916,0.6014451843720088,0
aislamiento,anomalias-entrenamiento-056,63.88,59.94,False,0.49904381972799555,0.6014451843720088,0
aislamiento,anomalias-entrenamiento-057,35.0,41.46,False,0.510709776891675,0.6014451843720088,0
aislamiento,anomalias-entrenamiento-058,23.59,40.34,False,0.5363715475882195,0.6014451843720088,0
aislamiento,anomalias-entrenamiento-059,69.6,60.67,False,0.44750131382070607,0.6014451843720088,0
aislamiento,anomalias-entrenamiento-060,70.53,63.56,False,0.4262616304394723,0.6014451843720088,0
aislamiento,anomalias-entrenamiento-061,20.47,36.15,False,0.5211415398151826,0.6014451843720088,0
aislamiento,anomalias-entrenamiento-062,28.45,35.05,False,0.43935029147262195,0.6014451843720088,0
aislamiento,anomalias-entrenamiento-063,32.39,32.21,False,0.4741892767029572,0.6014451843720088,0
aislamiento,anomalias-entrenamiento-064,32.31,37.61,False,0.44030911793318483,0.6014451843720088,0
aislamiento,anomalias-entrenamiento-065,64.84,65.33,False,0.45509456095808876,0.6014451843720088,0
aislamiento,anomalias-entrenamiento-066,34.66,38.08,False,0.4547179479287501,0.6014451843720088,0
aislamiento,anomalias-entrenamiento-067,24.11,40.54,False,0.5436284027082848,0.6014451843720088,0
aislamiento,anomalias-entrenamiento-068,78.7,60.45,False,0.5868930091347663,0.6014451843720088,0
aislamiento,anomalias-entrenamiento-069,66.73,63.8,False,0.43168680039813895,0.6014451843720088,0
aislamiento,anomalias-entrenamiento-070,69.9,66.05,False,0.4292751168530871,0.6014451843720088,0
aislamiento,anomalias-entrenamiento-071,36.44,27.62,False,0.5688493905929924,0.6014451843720088,0
aislamiento,anomalias-entrenamiento-072,81.83,60.88,False,0.5928695488206989,0.6014451843720088,0
aislamiento,anomalias-entrenamiento-073,31.41,27.9,False,0.5448119955505615,0.6014451843720088,0
aislamiento,anomalias-entrenamiento-074,29.39,28.28,False,0.5366792880333625,0.6014451843720088,0
aislamiento,anomalias-entrenamiento-075,67.97,64.75,False,0.4314847216564438,0.6014451843720088,0
aislamiento,anomalias-entrenamiento-076,38.26,40.48,False,0.5231989034170976,0.6014451843720088,0
aislamiento,anomalias-entrenamiento-077,70.09,58.41,False,0.47751220703111397,0.6014451843720088,0
aislamiento,anomalias-entrenamiento-078,34.41,23.91,False,0.600628201071772,0.6014451843720088,0
aislamiento,anomalias-entrenamiento-079,23.58,41.55,False,0.5619680537822013,0.6014451843720088,0
aislamiento,anomalias-entrenamiento-080,68.63,71.29,False,0.4667769677446989,0.6014451843720088,0
aislamiento,anomalias-entrenamiento-081,19.54,28.78,False,0.6156260292801407,0.6014451843720088,1
aislamiento,anomalias-entrenamiento-082,30.2,35.59,False,0.44477471913797856,0.6014451843720088,0
aislamiento,anomalias-entrenamiento-083,61.53,67.78,False,0.5242963870700263,0.6014451843720088,0
aislamiento,anomalias-entrenamiento-084,73.52,62.73,False,0.4768803500815243,0.6014451843720088,0
aislamiento,anomalias-entrenamiento-085,81.12,72.29,False,0.5900939246153389,0.6014451843720088,0
aislamiento,anomalias-entrenamiento-086,18.2,38.05,False,0.54320481373829,0.6014451843720088,0
aislamiento,anomalias-entrenamiento-087,72.85,65.4,False,0.4696988976416299,0.6014451843720088,0
aislamiento,anomalias-entrenamiento-088,26.76,37.21,False,0.45510336388168754,0.6014451843720088,0
aislamiento,anomalias-entrenamiento-089,29.34,42.19,False,0.5021320954858642,0.6014451843720088,0
aislamiento,anomalias-entrenamiento-090,76.73,72.66,False,0.5610683729143556,0.6014451843720088,0
aislamiento,anomalias-entrenamiento-091,23.03,38.18,False,0.49268220027783355,0.6014451843720088,0
aislamiento,anomalias-entrenamiento-092,69.93,68.53,False,0.44548126156585977,0.6014451843720088,0
aislamiento,anomalias-entrenamiento-093,72.29,61.81,False,0.467614654949457,0.6014451843720088,0
aislamiento,anomalias-entrenamiento-094,60.83,65.89,False,0.5079858394901063,0.6014451843720088,0
aislamiento,anomalias-entrenamiento-095,25.57,33.08,False,0.5053685608174573,0.6014451843720088,0
aislamiento,anomalias-entrenamiento-096,34.78,31.76,False,0.4870278539177076,0.6014451843720088,0
aislamiento,anomalias-entrenamiento-097,28.42,35.25,False,0.4383922576970705,0.6014451843720088,0
aislamiento,anomalias-entrenamiento-098,72.07,64.32,False,0.45422135539849345,0.6014451843720088,0
aislamiento,anomalias-entrenamiento-099,66.84,60.92,False,0.4600221983493903,0.6014451843720088,0
aislamiento,anomalias-entrenamiento-100,29.34,30.69,False,0.4834594594360591,0.6014451843720088,0
aislamiento,anomalias-entrenamiento-101,41.41,35.71,False,0.550243065178338,0.6014451843720088,0
aislamiento,anomalias-entrenamiento-102,65.52,64.72,False,0.4406139717491007,0.6014451843720088,0
aislamiento,anomalias-entrenamiento-103,23.85,37.54,False,0.4930743990586568,0.6014451843720088,0
aislamiento,anomalias-entrenamiento-104,26.87,37.24,False,0.4526530220332141,0.6014451843720088,0
aislamiento,anomalias-entrenamiento-105,34.59,34.81,False,0.4499505501334212,0.6014451843720088,0
aislamiento,anomalias-entrenamiento-106,68.11,63.06,False,0.43356587236943067,0.6014451843720088,0
aislamiento,anomalias-entrenamiento-107,20.39,33.54,False,0.5602951812369764,0.6014451843720088,0
aislamiento,anomalias-entrenamiento-108,32.41,36.8,False,0.43959439300846553,0.6014451843720088,0
aislamiento,anomalias-entrenamiento-109,34.85,29.97,False,0.5071396545450776,0.6014451843720088,0
aislamiento,anomalias-entrenamiento-110,26.27,34.97,False,0.471164909008046,0.6014451843720088,0
aislamiento,anomalias-entrenamiento-111,29.03,33.71,False,0.45074475482587256,0.6014451843720088,0
aislamiento,anomalias-entrenamiento-112,25.9,42.46,False,0.5557825963646319,0.6014451843720088,0
aislamiento,anomalias-entrenamiento-113,70.34,72.4,False,0.478025364096022,0.6014451843720088,0
aislamiento,anomalias-entrenamiento-114,71.04,65.03,False,0.4285048263748046,0.6014451843720088,0
aislamiento,anomalias-entrenamiento-115,70.58,71.47,False,0.4656116959721272,0.6014451843720088,0
aislamiento,anomalias-entrenamiento-116,33.38,38.65,False,0.46733409362329664,0.6014451843720088,0
aislamiento,anomalias-entrenamiento-117,27.42,34.37,False,0.4619428603209298,0.6014451843720088,0
aislamiento,anomalias-entrenamiento-118,80.68,67.81,False,0.5765448745147662,0.6014451843720088,0
aislamiento,anomalias-entrenamiento-119,71.65,58.53,False,0.49431763639148346,0.6014451843720088,0
aislamiento,anomalias-entrenamiento-120,75.91,71.38,False,0.5220165561944259,0.6014451843720088,0
