elemento,tema,titulo
I01,energia,Práctica ficticia de energia 1
I02,energia,Práctica ficticia de energia 2
I03,energia,Práctica ficticia de energia 3
I04,energia,Práctica ficticia de energia 4
I05,energia,Práctica ficticia de energia 5
I06,energia,Práctica ficticia de energia 6
I07,ambiente,Práctica ficticia de ambiente 1
I08,ambiente,Práctica ficticia de ambiente 2
I09,ambiente,Práctica ficticia de ambiente 3
I10,ambiente,Práctica ficticia de ambiente 4
I11,ambiente,Práctica ficticia de ambiente 5
I12,ambiente,Práctica ficticia de ambiente 6
I13,documentos,Práctica ficticia de documentos 1
I14,documentos,Práctica ficticia de documentos 2
I15,documentos,Práctica ficticia de documentos 3
I16,documentos,Práctica ficticia de documentos 4
I17,documentos,Práctica ficticia de documentos 5
I18,documentos,Práctica ficticia de documentos 6
I19,sensores,Práctica ficticia de sensores 1
I20,sensores,Práctica ficticia de sensores 2
I21,sensores,Práctica ficticia de sensores 3
I22,sensores,Práctica ficticia de sensores 4
I23,sensores,Práctica ficticia de sensores 5
I24,sensores,Práctica ficticia de sensores 6
I25,general,Guía ficticia general
I26,nuevo,Recurso ficticio nuevo
