usuario,elemento,fecha
U01,I12,2026-09-06T12:00:00-05:00
U02,I26,2026-09-06T12:00:00-05:00
U03,I13,2026-09-06T12:00:00-05:00
U04,I19,2026-09-06T12:00:00-05:00
U05,I01,2026-09-06T12:00:00-05:00
U06,I07,2026-09-06T12:00:00-05:00
U07,I15,2026-09-06T12:00:00-05:00
U08,I19,2026-09-06T12:00:00-05:00
U09,I05,2026-09-06T12:00:00-05:00
U10,I07,2026-09-06T12:00:00-05:00
U11,I14,2026-09-06T12:00:00-05:00
U12,I03,2026-09-06T12:00:00-05:00
U13,I08,2026-09-06T12:00:00-05:00
U14,I08,2026-09-06T12:00:00-05:00
U15,I17,2026-09-06T12:00:00-05:00
U16,I23,2026-09-06T12:00:00-05:00
U17,I07,2026-09-06T12:00:00-05:00
U18,I12,2026-09-06T12:00:00-05:00
U19,I16,2026-09-06T12:00:00-05:00
U20,I19,2026-09-06T12:00:00-05:00
U21,I11,2026-09-06T12:00:00-05:00
U22,I14,2026-09-06T12:00:00-05:00
U23,I15,2026-09-06T12:00:00-05:00
U24,I19,2026-09-06T12:00:00-05:00
U25,I02,2026-09-06T12:00:00-05:00
U26,I08,2026-09-06T12:00:00-05:00
U27,I16,2026-09-06T12:00:00-05:00
U28,I23,2026-09-06T12:00:00-05:00
U29,I10,2026-09-06T12:00:00-05:00
U30,I10,2026-09-06T12:00:00-05:00
U31,I13,2026-09-06T12:00:00-05:00
U32,I05,2026-09-06T12:00:00-05:00
U33,I06,2026-09-06T12:00:00-05:00
U34,I09,2026-09-06T12:00:00-05:00
U35,I15,2026-09-06T12:00:00-05:00
U36,I06,2026-09-06T12:00:00-05:00
U37,I01,2026-09-06T12:00:00-05:00
U38,I12,2026-09-06T12:00:00-05:00
U39,I18,2026-09-06T12:00:00-05:00
U40,I19,2026-09-06T12:00:00-05:00
U41,I01,2026-09-06T12:00:00-05:00
U42,I09,2026-09-06T12:00:00-05:00
U43,I13,2026-09-06T12:00:00-05:00
U44,I20,2026-09-06T12:00:00-05:00
U45,I08,2026-09-06T12:00:00-05:00
U46,I07,2026-09-06T12:00:00-05:00
U47,I14,2026-09-06T12:00:00-05:00
U48,I24,2026-09-06T12:00:00-05:00
U49,I04,2026-09-06T12:00:00-05:00
U50,I26,2026-09-06T12:00:00-05:00
U51,I15,2026-09-06T12:00:00-05:00
U52,I04,2026-09-06T12:00:00-05:00
U53,I05,2026-09-06T12:00:00-05:00
U54,I11,2026-09-06T12:00:00-05:00
U55,I18,2026-09-06T12:00:00-05:00
U56,I06,2026-09-06T12:00:00-05:00
