imagen_id,escena_id,archivo,clase,sha256
u21-entrenamiento-000-v0,u21-entrenamiento-000,imagenes/u21-entrenamiento-000-v0.png,0,6f8978de5438f68f8ba14c70ad6a5292459d297d3a834fa77975d7897a9e233f
u21-entrenamiento-000-v1,u21-entrenamiento-000,imagenes/u21-entrenamiento-000-v1.png,0,270f80b9a131e7401e9944d3ce0cdce5a4ddb565b02e142c0319b96fc87c5ca8
u21-entrenamiento-001-v0,u21-entrenamiento-001,imagenes/u21-entrenamiento-001-v0.png,1,ca52552d1b882404844fa2a16365b62e934ef7de8f235f0626c804800bb34528
u21-entrenamiento-001-v1,u21-entrenamiento-001,imagenes/u21-entrenamiento-001-v1.png,1,5e151ffd7c38602b3654c1324636b8cf83bce229ac60f98026bc052493e935d3
u21-entrenamiento-002-v0,u21-entrenamiento-002,imagenes/u21-entrenamiento-002-v0.png,2,c485a4a88d5028f19da44c0f3bcb1732b5647342e12dc171667aec80333536f2
u21-entrenamiento-002-v1,u21-entrenamiento-002,imagenes/u21-entrenamiento-002-v1.png,2,8091a2aad303b9bebaba12d8c8157ad9d92dcdb26bba3726713922ea0923aa90
u21-entrenamiento-003-v0,u21-entrenamiento-003,imagenes/u21-entrenamiento-003-v0.png,0,dadf2d0733975fd160cdf80205a59de981121b0727d1856728915e3606c33f02
u21-entrenamiento-003-v1,u21-entrenamiento-003,imagenes/u21-entrenamiento-003-v1.png,0,b2080500698e5af91cb012ccbd262e02b938005eb439f5c6d231d4214f47da53
u21-entrenamiento-004-v0,u21-entrenamiento-004,imagenes/u21-entrenamiento-004-v0.png,1,c500ae524da065fb8384905ac8a39b9417775483cc2df5a4e69730e64d3fb04b
u21-entrenamiento-004-v1,u21-entrenamiento-004,imagenes/u21-entrenamiento-004-v1.png,1,ebd47a0bc215eea4fa06b7fc5dc86d52d984dc6ce0f8c56a9a188e600856d7dd
u21-entrenamiento-005-v0,u21-entrenamiento-005,imagenes/u21-entrenamiento-005-v0.png,2,4dfdca7d63efdbf03fe4aa26de38c0c5f9ae8fdfe3d46f7e13ec61623de54307
u21-entrenamiento-005-v1,u21-entrenamiento-005,imagenes/u21-entrenamiento-005-v1.png,2,4ef571e16760311217a4ddd6c45fa0b951139ff31b3f36a7a36caa8b60c42a8a
u21-entrenamiento-006-v0,u21-entrenamiento-006,imagenes/u21-entrenamiento-006-v0.png,0,f3088491f808692c0795341f2d0abac279d8f0627f0d8cc5dff04f7410bc3aa8
u21-entrenamiento-006-v1,u21-entrenamiento-006,imagenes/u21-entrenamiento-006-v1.png,0,7f9141643cdf712bc352f4d6add4a407b7849550b0c1cab6c2acacc112b98f04
u21-entrenamiento-007-v0,u21-entrenamiento-007,imagenes/u21-entrenamiento-007-v0.png,1,304ffa9a252f2899fcb0ed1f9ebc16a8fc7972bfba3b3a0067cba9fcda417b95
u21-entrenamiento-007-v1,u21-entrenamiento-007,imagenes/u21-entrenamiento-007-v1.png,1,53462965c2ccd32b8d9362f3017f06060235da8aa143f4cbe3fc905bc00d3338
u21-entrenamiento-008-v0,u21-entrenamiento-008,imagenes/u21-entrenamiento-008-v0.png,2,0c44e0fed293ab9d5dde47651f17f641adf3410e1ec0af7edaf71b39cfb099fe
u21-entrenamiento-008-v1,u21-entrenamiento-008,imagenes/u21-entrenamiento-008-v1.png,2,2e7105e607ea0d932633fe64c03204c9b68e7bd95290337d126365bb82506a89
u21-entrenamiento-009-v0,u21-entrenamiento-009,imagenes/u21-entrenamiento-009-v0.png,0,0b3210c96a2b692e11abcd31a98add4df7c8f2fe626d8d15ac28085239c0bbb2
u21-entrenamiento-009-v1,u21-entrenamiento-009,imagenes/u21-entrenamiento-009-v1.png,0,b491b03c9e806a35c0ab77ad2fcd61777ca16325180a01aaea58bc3e0ece7005
u21-entrenamiento-010-v0,u21-entrenamiento-010,imagenes/u21-entrenamiento-010-v0.png,1,5c244818c9d574170abbe66e5dad84640b915e76c3330cf98cc9bb03516b9409
u21-entrenamiento-010-v1,u21-entrenamiento-010,imagenes/u21-entrenamiento-010-v1.png,1,8df2a8b9a4af2deaae7aa6262383611d29e6d80c5cc4216da0ac79041040660d
u21-entrenamiento-011-v0,u21-entrenamiento-011,imagenes/u21-entrenamiento-011-v0.png,2,f641d6cc210a74a0ca7085b08fd3925eab5bec4bbf10c0432c4fd091304682ad
u21-entrenamiento-011-v1,u21-entrenamiento-011,imagenes/u21-entrenamiento-011-v1.png,2,34686fcbc722dc24a1e41506af7eae78e74ae828a7a9d61c54a67ace3e2924f3
u21-entrenamiento-012-v0,u21-entrenamiento-012,imagenes/u21-entrenamiento-012-v0.png,0,e187b1da89bce03b57ea54e6fab0293b80e5854ea0ed5f2093b664f3cc642cc4
u21-entrenamiento-012-v1,u21-entrenamiento-012,imagenes/u21-entrenamiento-012-v1.png,0,fdb954f67a5142f028d1f5dac2ec74f355afb32fdcc2bae2eedd093bf87a4dfd
u21-entrenamiento-013-v0,u21-entrenamiento-013,imagenes/u21-entrenamiento-013-v0.png,1,bf8cccb26490908eb1af0977fcf875042b26cfee3586d563a9362bc502726efd
u21-entrenamiento-013-v1,u21-entrenamiento-013,imagenes/u21-entrenamiento-013-v1.png,1,408e31d85ea92e3997b64d57ba8733cce66889c156b577058af7a5473d5c076d
u21-entrenamiento-014-v0,u21-entrenamiento-014,imagenes/u21-entrenamiento-014-v0.png,2,72d4d4fc613cf1e52cb6c6742bdc828d6ff51ad91b63fb29e47d02790e5a5497
u21-entrenamiento-014-v1,u21-entrenamiento-014,imagenes/u21-entrenamiento-014-v1.png,2,cb1751f2c861f4e1d052a676169faf0a8fb8d30be976f2d4638e8ddba4e42635
u21-entrenamiento-015-v0,u21-entrenamiento-015,imagenes/u21-entrenamiento-015-v0.png,0,2eef779c63d94dea4d936741f9aeb6d46b6c34f17f1b0170626f6948596d7bd2
u21-entrenamiento-015-v1,u21-entrenamiento-015,imagenes/u21-entrenamiento-015-v1.png,0,d58341de68703c350a6e84b10d0cd90f12fc21f03519f94f7bd15c832638fd07
u21-entrenamiento-016-v0,u21-entrenamiento-016,imagenes/u21-entrenamiento-016-v0.png,1,04950ef65ebdbde0d67c9fc6ebf6b4f8a45f1d037d5929c749781901a4ba96d1
u21-entrenamiento-016-v1,u21-entrenamiento-016,imagenes/u21-entrenamiento-016-v1.png,1,5bce2b6896b02b065f0372e54c507a667a88d4b0aac02891a63da9eabe1dfc18
u21-entrenamiento-017-v0,u21-entrenamiento-017,imagenes/u21-entrenamiento-017-v0.png,2,6589bb072514ff789e4f8e81a403399706abf4f713d1827ce9c7078f9fbb7b03
u21-entrenamiento-017-v1,u21-entrenamiento-017,imagenes/u21-entrenamiento-017-v1.png,2,52419ecefda3f562c37f1b15dafc3ddf9dc9e41ac404999c0b8c5ff35b4e3019
u21-entrenamiento-018-v0,u21-entrenamiento-018,imagenes/u21-entrenamiento-018-v0.png,0,674dad1b2160559db76968a4e4e2bc64a3f991114c52a722ec1874e19e6c3586
u21-entrenamiento-018-v1,u21-entrenamiento-018,imagenes/u21-entrenamiento-018-v1.png,0,1857aa33531acc1c2af878ec9738ac32e49c10b2601971c0c0829a51d710959e
u21-entrenamiento-019-v0,u21-entrenamiento-019,imagenes/u21-entrenamiento-019-v0.png,1,1307400247d2c80fcead85a70e20f2902daee7c5dc92d4d9f43f4e3f7af7bc6b
u21-entrenamiento-019-v1,u21-entrenamiento-019,imagenes/u21-entrenamiento-019-v1.png,1,6f3b92a718168bc9f941ad13727c60a2a5653fb0049f7033c3ef06917c6a20cd
u21-entrenamiento-020-v0,u21-entrenamiento-020,imagenes/u21-entrenamiento-020-v0.png,2,deacc429ed4697649029c85fa1604cdf6fda9898ff57ea08d859dbe5ce6ae9dd
u21-entrenamiento-020-v1,u21-entrenamiento-020,imagenes/u21-entrenamiento-020-v1.png,2,897456b3d13344da1bb86cafd22ba69cd689533966b059072181dbdd09849abc
u21-entrenamiento-021-v0,u21-entrenamiento-021,imagenes/u21-entrenamiento-021-v0.png,0,cc2ef7347d35e76e53c7791f67160b673a854690fa6e060e545a3f13b8665140
u21-entrenamiento-021-v1,u21-entrenamiento-021,imagenes/u21-entrenamiento-021-v1.png,0,e1443cbd2324ef9485ee6a55e382cd0695f1c533a103ef74b0dc12ca0fd93fa1
u21-entrenamiento-022-v0,u21-entrenamiento-022,imagenes/u21-entrenamiento-022-v0.png,1,aa2482202a0c32f8785a34037c7b794aae23be4b7484bf389ee08a7d24a0a0ff
u21-entrenamiento-022-v1,u21-entrenamiento-022,imagenes/u21-entrenamiento-022-v1.png,1,2125e961bd55d877a2588ee29d011a58f5ed9cb2027b6d09aa37cfd7744c1860
u21-entrenamiento-023-v0,u21-entrenamiento-023,imagenes/u21-entrenamiento-023-v0.png,2,c231842cea099626905918797af9bcf22e68c00e19ab356ef5bb18f8db57912e
u21-entrenamiento-023-v1,u21-entrenamiento-023,imagenes/u21-entrenamiento-023-v1.png,2,ca860ec147d1a3561f3cb7ecd0d6a3842b8b8aa5bf24c67288e2353775e9452b
u21-entrenamiento-024-v0,u21-entrenamiento-024,imagenes/u21-entrenamiento-024-v0.png,0,915e9bca86b1226c73b6783b3997a07b764c9e225a232ee6c9aefde29043a907
u21-entrenamiento-024-v1,u21-entrenamiento-024,imagenes/u21-entrenamiento-024-v1.png,0,c408ec7044c72f7587f74e9f64ac78f7e28473f30d5270f1a1fabc8f87218f02
u21-entrenamiento-025-v0,u21-entrenamiento-025,imagenes/u21-entrenamiento-025-v0.png,1,b47aa3baa5f00f7e7209ccaed3618eaf3eac932536877d946c6f4a16cabd815b
u21-entrenamiento-025-v1,u21-entrenamiento-025,imagenes/u21-entrenamiento-025-v1.png,1,81141654bbd4c170ca04cffe2e56b81618d713eab2bc1957e2919cf45541e7a0
u21-entrenamiento-026-v0,u21-entrenamiento-026,imagenes/u21-entrenamiento-026-v0.png,2,37b6845abe033f926a6667e4a3a1a02dececcb9c542cfef4b18e864ef7d7b9b1
u21-entrenamiento-026-v1,u21-entrenamiento-026,imagenes/u21-entrenamiento-026-v1.png,2,7d207a3102d5da7a0a28abf471af471677680ed5b8817cecbcb745a6d38dbd1d
u21-entrenamiento-027-v0,u21-entrenamiento-027,imagenes/u21-entrenamiento-027-v0.png,0,61d1f70a7139893ee203d035d9524fecbead058c74cba6c62e581a8e678ef0cc
u21-entrenamiento-027-v1,u21-entrenamiento-027,imagenes/u21-entrenamiento-027-v1.png,0,6bd2f2b8110be8e38f7435acb4567792e87e3a90aa66ef8cb3b9ef376093416c
u21-entrenamiento-028-v0,u21-entrenamiento-028,imagenes/u21-entrenamiento-028-v0.png,1,4fdbb4cc96599beb965e53286bdd476308a14a8fe9084e0bb798cd5e64ec9d23
u21-entrenamiento-028-v1,u21-entrenamiento-028,imagenes/u21-entrenamiento-028-v1.png,1,637d43742437125c574e9b329d7bd956b4f3896788a8e64c8f3960bad94575d5
u21-entrenamiento-029-v0,u21-entrenamiento-029,imagenes/u21-entrenamiento-029-v0.png,2,cd01511742cd82a87294c7ec5ed6f5f87d6f7260ee743a01bb0b4ac17711d8de
u21-entrenamiento-029-v1,u21-entrenamiento-029,imagenes/u21-entrenamiento-029-v1.png,2,db36dbf289a5ce87c176677c0fc981da8fea40671b00adf90b183202b33c855f
u21-entrenamiento-030-v0,u21-entrenamiento-030,imagenes/u21-entrenamiento-030-v0.png,0,afd38ded70d2d193bcc01f863530ef7664b9db8f13e8d5f762d672b107b3d017
u21-entrenamiento-030-v1,u21-entrenamiento-030,imagenes/u21-entrenamiento-030-v1.png,0,47d960f29d645fd2763b5cf8026bc2b752e55da99c5369ab3a254af4cdfe7d1e
u21-entrenamiento-031-v0,u21-entrenamiento-031,imagenes/u21-entrenamiento-031-v0.png,1,00b8854d0508de4ef6665a0bf6d6372dcf794c29de2c1191c34eab1970ff387b
u21-entrenamiento-031-v1,u21-entrenamiento-031,imagenes/u21-entrenamiento-031-v1.png,1,a9bc763507844edf85a8d4d778b329567ac321191df63ae363ce2f3c277c3f48
u21-entrenamiento-032-v0,u21-entrenamiento-032,imagenes/u21-entrenamiento-032-v0.png,2,6e4d00a247b190ee99ecd45af9682142ec1d289ac9837a6d1e96013b577cf7fe
u21-entrenamiento-032-v1,u21-entrenamiento-032,imagenes/u21-entrenamiento-032-v1.png,2,8e351f997018c42ada60dc8f576af0618a6b81770087e4ed7efaab52e06f23ca
u21-entrenamiento-033-v0,u21-entrenamiento-033,imagenes/u21-entrenamiento-033-v0.png,0,534194c89f05e06c965ff8d98fe1cfc1dc4c377dd04745d7e4d611a6b3e0a5d2
u21-entrenamiento-033-v1,u21-entrenamiento-033,imagenes/u21-entrenamiento-033-v1.png,0,cbd9fd16cee8ff28f3c3092ba729cc607d8b171ce47fee1ccdc48d50da14d848
u21-entrenamiento-034-v0,u21-entrenamiento-034,imagenes/u21-entrenamiento-034-v0.png,1,e4b6627ec2e72cd4265aa01aeb11a376cc90cde4e6cd22aeefdcac4fd8ca590e
u21-entrenamiento-034-v1,u21-entrenamiento-034,imagenes/u21-entrenamiento-034-v1.png,1,6056ab94f721afff3bc66f20ba8fe3755a299c476b0f59db63f38fd144e84431
u21-entrenamiento-035-v0,u21-entrenamiento-035,imagenes/u21-entrenamiento-035-v0.png,2,03431e422f26fb9b8835a918c4282b95d64a5697addef42ad75d41f8d4301226
u21-entrenamiento-035-v1,u21-entrenamiento-035,imagenes/u21-entrenamiento-035-v1.png,2,6ebb681643772425d086b59566a3bd8a3ffc8beb6e53bd8305a3ff1be962cd48
u21-entrenamiento-036-v0,u21-entrenamiento-036,imagenes/u21-entrenamiento-036-v0.png,0,a64fc1b88fd23b1feb847797b9f1227226ff20476acc1012063e321ceaf17f87
u21-entrenamiento-036-v1,u21-entrenamiento-036,imagenes/u21-entrenamiento-036-v1.png,0,92ffffe73da35c53130c98aa4e8d933241915331d4833d7b0358b117d21f0f27
u21-entrenamiento-037-v0,u21-entrenamiento-037,imagenes/u21-entrenamiento-037-v0.png,1,f15958bca034196f5ea37372b99567fc8264971e2ac318c337066d2ce4babbc7
u21-entrenamiento-037-v1,u21-entrenamiento-037,imagenes/u21-entrenamiento-037-v1.png,1,8bf0e310ee314b11d17a92a3226e5326c0b4522cbafb641d187f06f23288e60e
u21-entrenamiento-038-v0,u21-entrenamiento-038,imagenes/u21-entrenamiento-038-v0.png,2,e0fe85fdc3effac5ba8a2d0e0bc1d57810f07c2d08bf5f1fbba05112453d6f37
u21-entrenamiento-038-v1,u21-entrenamiento-038,imagenes/u21-entrenamiento-038-v1.png,2,80d38dc1425525b03b72cbfe54defb5e7d0360944268793a701717ce814cbeec
u21-entrenamiento-039-v0,u21-entrenamiento-039,imagenes/u21-entrenamiento-039-v0.png,0,6e469c1b4f6651b2de3ab19a8086b23d06cc8b330c490c458b29f5a3bafda133
u21-entrenamiento-039-v1,u21-entrenamiento-039,imagenes/u21-entrenamiento-039-v1.png,0,2effe8342a95e5c149143cd4cdaeb45776c81c04e853de46221ee580a64a72bf
u21-entrenamiento-040-v0,u21-entrenamiento-040,imagenes/u21-entrenamiento-040-v0.png,1,c65d82cf47b462b4f3999a9f719cd29406395df5ee197f1c630496494ca43b8b
u21-entrenamiento-040-v1,u21-entrenamiento-040,imagenes/u21-entrenamiento-040-v1.png,1,ffa289894b3443b26dfde29420c5f1d97116fb0114023ae6fc22aa7b7c3194c2
u21-entrenamiento-041-v0,u21-entrenamiento-041,imagenes/u21-entrenamiento-041-v0.png,2,ef69350f852b088b48d1f40b72af4528a75aff8e00ae65172469b7dabe7ee7ab
u21-entrenamiento-041-v1,u21-entrenamiento-041,imagenes/u21-entrenamiento-041-v1.png,2,b8ab27d2eaa79529c734c399e83fc77adb5ba6027c4b7b760276a7e0e5cd5f19
u21-entrenamiento-042-v0,u21-entrenamiento-042,imagenes/u21-entrenamiento-042-v0.png,0,689c89d662f74d9c05344cd8a1940ac7cfab8472dc46c36389227a5e0814d121
u21-entrenamiento-042-v1,u21-entrenamiento-042,imagenes/u21-entrenamiento-042-v1.png,0,b9cb4b664a0d2c5a998f2a1ccfa5f9067132a73ab4c38b3e47b34a91cc39509d
u21-entrenamiento-043-v0,u21-entrenamiento-043,imagenes/u21-entrenamiento-043-v0.png,1,f59f3b7fe135ba55c6d396abe610d278eda948b7b763c3fc9f66ddc03400a05d
u21-entrenamiento-043-v1,u21-entrenamiento-043,imagenes/u21-entrenamiento-043-v1.png,1,b26d005abdceea2846d9b2753f3c8b1363be82992f3f76384ede8f4369521e45
u21-entrenamiento-044-v0,u21-entrenamiento-044,imagenes/u21-entrenamiento-044-v0.png,2,56dd9f2edd6a665856101bc8b0417a24232eeccf15fb77905e05849f845bcfe9
u21-entrenamiento-044-v1,u21-entrenamiento-044,imagenes/u21-entrenamiento-044-v1.png,2,57364edf0b41eb0c85bc51a961762d5b4e1c067d6fc821ae1bc93d2abf858df1
u21-entrenamiento-045-v0,u21-entrenamiento-045,imagenes/u21-entrenamiento-045-v0.png,0,2a50385b2fdb296bdc34e294caefb0992b7dc8f8ac2bcfb9f3201ff00cacbc1f
u21-entrenamiento-045-v1,u21-entrenamiento-045,imagenes/u21-entrenamiento-045-v1.png,0,b999d79f830b7f5f510f52774d2b71a02dbf722c22d86264eb67667e4ad0808c
u21-entrenamiento-046-v0,u21-entrenamiento-046,imagenes/u21-entrenamiento-046-v0.png,1,8e154839e3c67bd038b74b111f9a115889a28db1b9a89666ac88c57fe9a14b43
u21-entrenamiento-046-v1,u21-entrenamiento-046,imagenes/u21-entrenamiento-046-v1.png,1,bae94c30844b79c9b837265c3c4164f690125ecb1f3c6cb3d122c8e239821981
u21-entrenamiento-047-v0,u21-entrenamiento-047,imagenes/u21-entrenamiento-047-v0.png,2,40acc48bd894616aaa8261779d419b3cc183e82cb99b8f45f6c9e73c0a1f828f
u21-entrenamiento-047-v1,u21-entrenamiento-047,imagenes/u21-entrenamiento-047-v1.png,2,76b3c364f85d50649980c2778beef0f375f858ae712917959cf3e241390ee7f0
u21-entrenamiento-048-v0,u21-entrenamiento-048,imagenes/u21-entrenamiento-048-v0.png,0,1f6e35cfdf5906487fbf033386648b6501243b4dd88722aa5571a3838163cd59
u21-entrenamiento-048-v1,u21-entrenamiento-048,imagenes/u21-entrenamiento-048-v1.png,0,f2fab8e6d6f52b22fa9fdc95988895cc37ef02487a98a9fae01ef89a2b687a5d
u21-entrenamiento-049-v0,u21-entrenamiento-049,imagenes/u21-entrenamiento-049-v0.png,1,f151d58d02332c3ff63f0a24edf534e2e86e9d33cfbd522dfce6365bd7055cca
u21-entrenamiento-049-v1,u21-entrenamiento-049,imagenes/u21-entrenamiento-049-v1.png,1,7f43696b0ea12000bf7e43567096a1c86afed24d2ff2c64863d8174761acb7cf
u21-entrenamiento-050-v0,u21-entrenamiento-050,imagenes/u21-entrenamiento-050-v0.png,2,8d66c5d7d36537f68566ee1b0d8addf6a31ef657022175a59f0126df85776afe
u21-entrenamiento-050-v1,u21-entrenamiento-050,imagenes/u21-entrenamiento-050-v1.png,2,3c330e51107fd46d214e1ad575de62d7dba78c68d6f6013a0fab687462ef933c
u21-entrenamiento-051-v0,u21-entrenamiento-051,imagenes/u21-entrenamiento-051-v0.png,0,bd70ad758f1965fe5e52323807a85d016c005d38afc5d649d9b4845ed711007c
u21-entrenamiento-051-v1,u21-entrenamiento-051,imagenes/u21-entrenamiento-051-v1.png,0,3a8a4fc8c441f9060f7368c533e675a3035a65499590cb7de12afcc4d00ec0c5
u21-entrenamiento-052-v0,u21-entrenamiento-052,imagenes/u21-entrenamiento-052-v0.png,1,0f89946d27b6d493c7be39ff64a3fb01c667c4a4846cb699f3e42a5ff0e5fa4e
u21-entrenamiento-052-v1,u21-entrenamiento-052,imagenes/u21-entrenamiento-052-v1.png,1,19233d4ee1a0aa270c372e8ca3bfe6e7a583ae481241ada6c3105c2fd9703191
u21-entrenamiento-053-v0,u21-entrenamiento-053,imagenes/u21-entrenamiento-053-v0.png,2,8007a36bdc7a012631fcc8c12face1994deb4546cf9c559d17b7c445aa652e78
u21-entrenamiento-053-v1,u21-entrenamiento-053,imagenes/u21-entrenamiento-053-v1.png,2,cbc4ce5644eeecc633b50d51751dd99683831e052c9ba856836b971d5a75bd64
u21-entrenamiento-054-v0,u21-entrenamiento-054,imagenes/u21-entrenamiento-054-v0.png,0,73f0fccd608a4e9b8fdf166a6251c4b28e1c539e16a220404b6754284067b8b4
u21-entrenamiento-054-v1,u21-entrenamiento-054,imagenes/u21-entrenamiento-054-v1.png,0,ecb24e68309181ca2fe90b56b4394a2a01d59b8d405760947a615e8158386446
u21-entrenamiento-055-v0,u21-entrenamiento-055,imagenes/u21-entrenamiento-055-v0.png,1,2ab4e4a7bda14b356c13901ecf595f151e28ae9ed161e56de8774f655325bc23
u21-entrenamiento-055-v1,u21-entrenamiento-055,imagenes/u21-entrenamiento-055-v1.png,1,19257057518bc16fb0e93dad0a5313e15d91f8723e05e9089d50e1041a4d666d
u21-entrenamiento-056-v0,u21-entrenamiento-056,imagenes/u21-entrenamiento-056-v0.png,2,64944ef922b054479e9d8ea71aa0594fb717ae188e378349c21aee621c325027
u21-entrenamiento-056-v1,u21-entrenamiento-056,imagenes/u21-entrenamiento-056-v1.png,2,2cfce1da28ab88a72048800b8c10554eae700d1aacf9fc0b65797d72f04d9817
u21-entrenamiento-057-v0,u21-entrenamiento-057,imagenes/u21-entrenamiento-057-v0.png,0,43f6c60dac9f6ef08ba3e9485e00d1f3fdce869a59134a406b9f9afe35bfe94a
u21-entrenamiento-057-v1,u21-entrenamiento-057,imagenes/u21-entrenamiento-057-v1.png,0,f35419cd32f07d5cec2882bb16d9115025aab40ba3aa66fc5f402d9feb75f10c
u21-entrenamiento-058-v0,u21-entrenamiento-058,imagenes/u21-entrenamiento-058-v0.png,1,bdf3adf92374fe08bfdc136eb7042c018f84034b70d03b36738b59dab8524285
u21-entrenamiento-058-v1,u21-entrenamiento-058,imagenes/u21-entrenamiento-058-v1.png,1,1f67e6206b3702ee963035bf5119aafb4936ac9a93f2d9e0525ed19c3fd4bcba
u21-entrenamiento-059-v0,u21-entrenamiento-059,imagenes/u21-entrenamiento-059-v0.png,2,76164ca593b58ae19e712dcb8ec5e44c9758efc4778c2508c066d874fb988423
u21-entrenamiento-059-v1,u21-entrenamiento-059,imagenes/u21-entrenamiento-059-v1.png,2,c6e1c2448e69d59a48d6dd9bab5e988aaf3671b1e99bcffcdd2a00b0adee6d6d
