politica,caso_id,lote_id,puntuacion,real,decision,resultado
umbral050_sin_cupo,capacidad-validacion-001,validacion-L01,0.3,0,0,VN
umbral050_sin_cupo,capacidad-validacion-002,validacion-L01,0.0,0,0,VN
umbral050_sin_cupo,capacidad-validacion-003,validacion-L01,0.1,0,0,VN
umbral050_sin_cupo,capacidad-validacion-004,validacion-L01,0.1,0,0,VN
umbral050_sin_cupo,capacidad-validacion-005,validacion-L01,0.1,0,0,VN
umbral050_sin_cupo,capacidad-validacion-006,validacion-L01,0.0,0,0,VN
umbral050_sin_cupo,capacidad-validacion-007,validacion-L01,0.3,0,0,VN
umbral050_sin_cupo,capacidad-validacion-008,validacion-L01,0.1,0,0,VN
umbral050_sin_cupo,capacidad-validacion-009,validacion-L01,0.0,0,0,VN
umbral050_sin_cupo,capacidad-validacion-010,validacion-L01,0.3,0,0,VN
umbral050_sin_cupo,capacidad-validacion-011,validacion-L01,0.2,0,0,VN
umbral050_sin_cupo,capacidad-validacion-012,validacion-L01,0.0,0,0,VN
umbral050_sin_cupo,capacidad-validacion-013,validacion-L01,0.2,0,0,VN
umbral050_sin_cupo,capacidad-validacion-014,validacion-L01,0.1,0,0,VN
umbral050_sin_cupo,capacidad-validacion-015,validacion-L01,0.2,0,0,VN
umbral050_sin_cupo,capacidad-validacion-016,validacion-L01,0.1,0,0,VN
umbral050_sin_cupo,capacidad-validacion-017,validacion-L01,0.2,0,0,VN
umbral050_sin_cupo,capacidad-validacion-018,validacion-L01,0.1,0,0,VN
umbral050_sin_cupo,capacidad-validacion-019,validacion-L01,0.4,0,0,VN
umbral050_sin_cupo,capacidad-validacion-020,validacion-L01,0.0,0,0,VN
umbral050_sin_cupo,capacidad-validacion-021,validacion-L01,0.0,0,0,VN
umbral050_sin_cupo,capacidad-validacion-022,validacion-L01,0.0,0,0,VN
umbral050_sin_cupo,capacidad-validacion-023,validacion-L01,0.3,0,0,VN
umbral050_sin_cupo,capacidad-validacion-024,validacion-L01,0.2,0,0,VN
umbral050_sin_cupo,capacidad-validacion-025,validacion-L01,0.2,1,0,FN
umbral050_sin_cupo,capacidad-validacion-026,validacion-L01,0.4,1,0,FN
umbral050_sin_cupo,capacidad-validacion-027,validacion-L01,0.2,0,0,VN
umbral050_sin_cupo,capacidad-validacion-028,validacion-L01,0.1,0,0,VN
umbral050_sin_cupo,capacidad-validacion-029,validacion-L01,0.0,0,0,VN
umbral050_sin_cupo,capacidad-validacion-030,validacion-L01,0.2,0,0,VN
umbral050_sin_cupo,capacidad-validacion-031,validacion-L02,0.4,0,0,VN
umbral050_sin_cupo,capacidad-validacion-032,validacion-L02,0.4,1,0,FN
umbral050_sin_cupo,capacidad-validacion-033,validacion-L02,0.5,0,1,FP
umbral050_sin_cupo,capacidad-validacion-034,validacion-L02,0.4,1,0,FN
umbral050_sin_cupo,capacidad-validacion-035,validacion-L02,0.6,1,1,VP
umbral050_sin_cupo,capacidad-validacion-036,validacion-L02,0.3,0,0,VN
umbral050_sin_cupo,capacidad-validacion-037,validacion-L02,0.3,1,0,FN
umbral050_sin_cupo,capacidad-validacion-038,validacion-L02,0.3,0,0,VN
umbral050_sin_cupo,capacidad-validacion-039,validacion-L02,0.4,1,0,FN
umbral050_sin_cupo,capacidad-validacion-040,validacion-L02,0.2,0,0,VN
umbral050_sin_cupo,capacidad-validacion-041,validacion-L02,0.4,0,0,VN
umbral050_sin_cupo,capacidad-validacion-042,validacion-L02,0.2,1,0,FN
umbral050_sin_cupo,capacidad-validacion-043,validacion-L02,0.2,0,0,VN
umbral050_sin_cupo,capacidad-validacion-044,validacion-L02,0.1,1,0,FN
umbral050_sin_cupo,capacidad-validacion-045,validacion-L02,0.8,0,1,FP
umbral050_sin_cupo,capacidad-validacion-046,validacion-L02,0.4,0,0,VN
umbral050_sin_cupo,capacidad-validacion-047,validacion-L02,0.4,1,0,FN
umbral050_sin_cupo,capacidad-validacion-048,validacion-L02,0.2,1,0,FN
umbral050_sin_cupo,capacidad-validacion-049,validacion-L02,0.7,0,1,FP
umbral050_sin_cupo,capacidad-validacion-050,validacion-L02,0.4,0,0,VN
umbral050_sin_cupo,capacidad-validacion-051,validacion-L02,0.7,1,1,VP
umbral050_sin_cupo,capacidad-validacion-052,validacion-L02,0.5,0,1,FP
umbral050_sin_cupo,capacidad-validacion-053,validacion-L02,0.4,1,0,FN
umbral050_sin_cupo,capacidad-validacion-054,validacion-L02,0.2,0,0,VN
umbral050_sin_cupo,capacidad-validacion-055,validacion-L02,0.4,0,0,VN
umbral050_sin_cupo,capacidad-validacion-056,validacion-L02,0.8,1,1,VP
umbral050_sin_cupo,capacidad-validacion-057,validacion-L02,0.3,0,0,VN
umbral050_sin_cupo,capacidad-validacion-058,validacion-L02,0.5,0,1,FP
umbral050_sin_cupo,capacidad-validacion-059,validacion-L02,0.6,0,1,FP
umbral050_sin_cupo,capacidad-validacion-060,validacion-L02,0.7,1,1,VP
umbral050_sin_cupo,capacidad-validacion-061,validacion-L03,0.2,1,0,FN
umbral050_sin_cupo,capacidad-validacion-062,validacion-L03,0.7,0,1,FP
umbral050_sin_cupo,capacidad-validacion-063,validacion-L03,0.2,0,0,VN
umbral050_sin_cupo,capacidad-validacion-064,validacion-L03,0.1,0,0,VN
umbral050_sin_cupo,capacidad-validacion-065,validacion-L03,0.5,1,1,VP
umbral050_sin_cupo,capacidad-validacion-066,validacion-L03,0.3,0,0,VN
umbral050_sin_cupo,capacidad-validacion-067,validacion-L03,0.7,1,1,VP
umbral050_sin_cupo,capacidad-validacion-068,validacion-L03,0.3,1,0,FN
umbral050_sin_cupo,capacidad-validacion-069,validacion-L03,0.2,0,0,VN
umbral050_sin_cupo,capacidad-validacion-070,validacion-L03,0.9,1,1,VP
umbral050_sin_cupo,capacidad-validacion-071,validacion-L03,0.4,0,0,VN
umbral050_sin_cupo,capacidad-validacion-072,validacion-L03,0.3,0,0,VN
umbral050_sin_cupo,capacidad-validacion-073,validacion-L03,0.5,0,1,FP
umbral050_sin_cupo,capacidad-validacion-074,validacion-L03,0.2,0,0,VN
umbral050_sin_cupo,capacidad-validacion-075,validacion-L03,0.5,1,1,VP
umbral050_sin_cupo,capacidad-validacion-076,validacion-L03,0.2,0,0,VN
umbral050_sin_cupo,capacidad-validacion-077,validacion-L03,0.8,1,1,VP
umbral050_sin_cupo,capacidad-validacion-078,validacion-L03,0.2,1,0,FN
umbral050_sin_cupo,capacidad-validacion-079,validacion-L03,0.5,0,1,FP
umbral050_sin_cupo,capacidad-validacion-080,validacion-L03,0.1,0,0,VN
umbral050_sin_cupo,capacidad-validacion-081,validacion-L03,0.1,0,0,VN
umbral050_sin_cupo,capacidad-validacion-082,validacion-L03,0.3,0,0,VN
umbral050_sin_cupo,capacidad-validacion-083,validacion-L03,0.4,1,0,FN
umbral050_sin_cupo,capacidad-validacion-084,validacion-L03,0.4,1,0,FN
umbral050_sin_cupo,capacidad-validacion-085,validacion-L03,0.3,0,0,VN
umbral050_sin_cupo,capacidad-validacion-086,validacion-L03,0.9,1,1,VP
umbral050_sin_cupo,capacidad-validacion-087,validacion-L03,0.3,1,0,FN
umbral050_sin_cupo,capacidad-validacion-088,validacion-L03,0.2,0,0,VN
umbral050_sin_cupo,capacidad-validacion-089,validacion-L03,0.5,1,1,VP
umbral050_sin_cupo,capacidad-validacion-090,validacion-L03,0.3,0,0,VN
umbral050_sin_cupo,capacidad-validacion-091,validacion-L04,0.1,1,0,FN
umbral050_sin_cupo,capacidad-validacion-092,validacion-L04,0.2,1,0,FN
umbral050_sin_cupo,capacidad-validacion-093,validacion-L04,0.0,0,0,VN
umbral050_sin_cupo,capacidad-validacion-094,validacion-L04,0.1,0,0,VN
umbral050_sin_cupo,capacidad-validacion-095,validacion-L04,0.1,1,0,FN
umbral050_sin_cupo,capacidad-validacion-096,validacion-L04,0.2,0,0,VN
umbral050_sin_cupo,capacidad-validacion-097,validacion-L04,0.1,0,0,VN
umbral050_sin_cupo,capacidad-validacion-098,validacion-L04,0.4,1,0,FN
umbral050_sin_cupo,capacidad-validacion-099,validacion-L04,0.1,0,0,VN
umbral050_sin_cupo,capacidad-validacion-100,validacion-L04,0.1,1,0,FN
umbral050_sin_cupo,capacidad-validacion-101,validacion-L04,0.0,0,0,VN
umbral050_sin_cupo,capacidad-validacion-102,validacion-L04,0.2,0,0,VN
umbral050_sin_cupo,capacidad-validacion-103,validacion-L04,0.2,0,0,VN
umbral050_sin_cupo,capacidad-validacion-104,validacion-L04,0.0,0,0,VN
umbral050_sin_cupo,capacidad-validacion-105,validacion-L04,0.1,0,0,VN
umbral050_sin_cupo,capacidad-validacion-106,validacion-L04,0.0,0,0,VN
umbral050_sin_cupo,capacidad-validacion-107,validacion-L04,0.3,1,0,FN
umbral050_sin_cupo,capacidad-validacion-108,validacion-L04,0.4,0,0,VN
umbral050_sin_cupo,capacidad-validacion-109,validacion-L04,0.1,0,0,VN
umbral050_sin_cupo,capacidad-validacion-110,validacion-L04,0.1,0,0,VN
umbral050_sin_cupo,capacidad-validacion-111,validacion-L04,0.3,0,0,VN
umbral050_sin_cupo,capacidad-validacion-112,validacion-L04,0.4,0,0,VN
umbral050_sin_cupo,capacidad-validacion-113,validacion-L04,0.1,0,0,VN
umbral050_sin_cupo,capacidad-validacion-114,validacion-L04,0.1,0,0,VN
umbral050_sin_cupo,capacidad-validacion-115,validacion-L04,0.0,0,0,VN
umbral050_sin_cupo,capacidad-validacion-116,validacion-L04,0.0,0,0,VN
umbral050_sin_cupo,capacidad-validacion-117,validacion-L04,0.1,0,0,VN
umbral050_sin_cupo,capacidad-validacion-118,validacion-L04,0.3,0,0,VN
umbral050_sin_cupo,capacidad-validacion-119,validacion-L04,0.1,0,0,VN
umbral050_sin_cupo,capacidad-validacion-120,validacion-L04,0.2,0,0,VN
umbral050_sin_cupo,capacidad-validacion-121,validacion-L05,0.6,1,1,VP
umbral050_sin_cupo,capacidad-validacion-122,validacion-L05,0.7,1,1,VP
umbral050_sin_cupo,capacidad-validacion-123,validacion-L05,0.4,1,0,FN
umbral050_sin_cupo,capacidad-validacion-124,validacion-L05,0.7,1,1,VP
umbral050_sin_cupo,capacidad-validacion-125,validacion-L05,0.3,0,0,VN
umbral050_sin_cupo,capacidad-validacion-126,validacion-L05,0.3,0,0,VN
umbral050_sin_cupo,capacidad-validacion-127,validacion-L05,0.5,1,1,VP
umbral050_sin_cupo,capacidad-validacion-128,validacion-L05,0.5,1,1,VP
umbral050_sin_cupo,capacidad-validacion-129,validacion-L05,0.6,0,1,FP
umbral050_sin_cupo,capacidad-validacion-130,validacion-L05,0.4,0,0,VN
umbral050_sin_cupo,capacidad-validacion-131,validacion-L05,0.2,0,0,VN
umbral050_sin_cupo,capacidad-validacion-132,validacion-L05,0.3,1,0,FN
umbral050_sin_cupo,capacidad-validacion-133,validacion-L05,0.2,0,0,VN
umbral050_sin_cupo,capacidad-validacion-134,validacion-L05,0.1,1,0,FN
umbral050_sin_cupo,capacidad-validacion-135,validacion-L05,0.3,0,0,VN
umbral050_sin_cupo,capacidad-validacion-136,validacion-L05,0.4,0,0,VN
umbral050_sin_cupo,capacidad-validacion-137,validacion-L05,0.3,0,0,VN
umbral050_sin_cupo,capacidad-validacion-138,validacion-L05,0.1,0,0,VN
umbral050_sin_cupo,capacidad-validacion-139,validacion-L05,0.5,0,1,FP
umbral050_sin_cupo,capacidad-validacion-140,validacion-L05,0.7,1,1,VP
umbral050_sin_cupo,capacidad-validacion-141,validacion-L05,0.3,1,0,FN
umbral050_sin_cupo,capacidad-validacion-142,validacion-L05,0.2,0,0,VN
umbral050_sin_cupo,capacidad-validacion-143,validacion-L05,0.2,0,0,VN
umbral050_sin_cupo,capacidad-validacion-144,validacion-L05,0.7,0,1,FP
umbral050_sin_cupo,capacidad-validacion-145,validacion-L05,0.6,0,1,FP
umbral050_sin_cupo,capacidad-validacion-146,validacion-L05,0.4,0,0,VN
umbral050_sin_cupo,capacidad-validacion-147,validacion-L05,0.3,0,0,VN
umbral050_sin_cupo,capacidad-validacion-148,validacion-L05,0.2,0,0,VN
umbral050_sin_cupo,capacidad-validacion-149,validacion-L05,0.3,0,0,VN
umbral050_sin_cupo,capacidad-validacion-150,validacion-L05,0.2,0,0,VN
umbral050_sin_cupo,capacidad-validacion-151,validacion-L06,0.5,1,1,VP
umbral050_sin_cupo,capacidad-validacion-152,validacion-L06,0.5,0,1,FP
umbral050_sin_cupo,capacidad-validacion-153,validacion-L06,0.4,0,0,VN
umbral050_sin_cupo,capacidad-validacion-154,validacion-L06,0.3,1,0,FN
umbral050_sin_cupo,capacidad-validacion-155,validacion-L06,0.7,1,1,VP
umbral050_sin_cupo,capacidad-validacion-156,validacion-L06,0.3,1,0,FN
umbral050_sin_cupo,capacidad-validacion-157,validacion-L06,0.5,0,1,FP
umbral050_sin_cupo,capacidad-validacion-158,validacion-L06,0.5,1,1,VP
umbral050_sin_cupo,capacidad-validacion-159,validacion-L06,0.6,1,1,VP
umbral050_sin_cupo,capacidad-validacion-160,validacion-L06,0.5,1,1,VP
umbral050_sin_cupo,capacidad-validacion-161,validacion-L06,0.5,1,1,VP
umbral050_sin_cupo,capacidad-validacion-162,validacion-L06,0.4,0,0,VN
umbral050_sin_cupo,capacidad-validacion-163,validacion-L06,0.4,0,0,VN
umbral050_sin_cupo,capacidad-validacion-164,validacion-L06,0.1,0,0,VN
umbral050_sin_cupo,capacidad-validacion-165,validacion-L06,0.2,0,0,VN
umbral050_sin_cupo,capacidad-validacion-166,validacion-L06,0.3,0,0,VN
umbral050_sin_cupo,capacidad-validacion-167,validacion-L06,0.4,0,0,VN
umbral050_sin_cupo,capacidad-validacion-168,validacion-L06,0.4,1,0,FN
umbral050_sin_cupo,capacidad-validacion-169,validacion-L06,0.1,0,0,VN
umbral050_sin_cupo,capacidad-validacion-170,validacion-L06,0.6,1,1,VP
umbral050_sin_cupo,capacidad-validacion-171,validacion-L06,0.4,1,0,FN
umbral050_sin_cupo,capacidad-validacion-172,validacion-L06,0.5,1,1,VP
umbral050_sin_cupo,capacidad-validacion-173,validacion-L06,0.1,1,0,FN
umbral050_sin_cupo,capacidad-validacion-174,validacion-L06,0.3,0,0,VN
umbral050_sin_cupo,capacidad-validacion-175,validacion-L06,0.4,0,0,VN
umbral050_sin_cupo,capacidad-validacion-176,validacion-L06,0.5,0,1,FP
umbral050_sin_cupo,capacidad-validacion-177,validacion-L06,0.8,1,1,VP
umbral050_sin_cupo,capacidad-validacion-178,validacion-L06,0.4,1,0,FN
umbral050_sin_cupo,capacidad-validacion-179,validacion-L06,0.6,0,1,FP
umbral050_sin_cupo,capacidad-validacion-180,validacion-L06,0.6,1,1,VP
umbral050_sin_cupo,capacidad-validacion-181,validacion-L07,0.3,0,0,VN
umbral050_sin_cupo,capacidad-validacion-182,validacion-L07,0.1,1,0,FN
umbral050_sin_cupo,capacidad-validacion-183,validacion-L07,0.1,0,0,VN
umbral050_sin_cupo,capacidad-validacion-184,validacion-L07,0.2,0,0,VN
umbral050_sin_cupo,capacidad-validacion-185,validacion-L07,0.2,0,0,VN
umbral050_sin_cupo,capacidad-validacion-186,validacion-L07,0.2,0,0,VN
umbral050_sin_cupo,capacidad-validacion-187,validacion-L07,0.1,0,0,VN
umbral050_sin_cupo,capacidad-validacion-188,validacion-L07,0.0,0,0,VN
umbral050_sin_cupo,capacidad-validacion-189,validacion-L07,0.0,0,0,VN
umbral050_sin_cupo,capacidad-validacion-190,validacion-L07,0.1,0,0,VN
umbral050_sin_cupo,capacidad-validacion-191,validacion-L07,0.1,0,0,VN
umbral050_sin_cupo,capacidad-validacion-192,validacion-L07,0.1,0,0,VN
umbral050_sin_cupo,capacidad-validacion-193,validacion-L07,0.1,0,0,VN
umbral050_sin_cupo,capacidad-validacion-194,validacion-L07,0.3,0,0,VN
umbral050_sin_cupo,capacidad-validacion-195,validacion-L07,0.2,0,0,VN
umbral050_sin_cupo,capacidad-validacion-196,validacion-L07,0.0,0,0,VN
umbral050_sin_cupo,capacidad-validacion-197,validacion-L07,0.0,0,0,VN
umbral050_sin_cupo,capacidad-validacion-198,validacion-L07,0.2,1,0,FN
umbral050_sin_cupo,capacidad-validacion-199,validacion-L07,0.1,0,0,VN
umbral050_sin_cupo,capacidad-validacion-200,validacion-L07,0.0,0,0,VN
umbral050_sin_cupo,capacidad-validacion-201,validacion-L07,0.1,0,0,VN
umbral050_sin_cupo,capacidad-validacion-202,validacion-L07,0.0,0,0,VN
umbral050_sin_cupo,capacidad-validacion-203,validacion-L07,0.0,0,0,VN
umbral050_sin_cupo,capacidad-validacion-204,validacion-L07,0.3,0,0,VN
umbral050_sin_cupo,capacidad-validacion-205,validacion-L07,0.2,0,0,VN
umbral050_sin_cupo,capacidad-validacion-206,validacion-L07,0.0,0,0,VN
umbral050_sin_cupo,capacidad-validacion-207,validacion-L07,0.1,0,0,VN
umbral050_sin_cupo,capacidad-validacion-208,validacion-L07,0.2,0,0,VN
umbral050_sin_cupo,capacidad-validacion-209,validacion-L07,0.0,0,0,VN
umbral050_sin_cupo,capacidad-validacion-210,validacion-L07,0.0,0,0,VN
umbral050_sin_cupo,capacidad-validacion-211,validacion-L08,0.4,1,0,FN
umbral050_sin_cupo,capacidad-validacion-212,validacion-L08,0.2,0,0,VN
umbral050_sin_cupo,capacidad-validacion-213,validacion-L08,0.6,1,1,VP
umbral050_sin_cupo,capacidad-validacion-214,validacion-L08,0.3,1,0,FN
umbral050_sin_cupo,capacidad-validacion-215,validacion-L08,0.8,0,1,FP
umbral050_sin_cupo,capacidad-validacion-216,validacion-L08,0.8,0,1,FP
umbral050_sin_cupo,capacidad-validacion-217,validacion-L08,0.4,0,0,VN
umbral050_sin_cupo,capacidad-validacion-218,validacion-L08,0.4,0,0,VN
umbral050_sin_cupo,capacidad-validacion-219,validacion-L08,0.1,0,0,VN
umbral050_sin_cupo,capacidad-validacion-220,validacion-L08,0.3,0,0,VN
umbral050_sin_cupo,capacidad-validacion-221,validacion-L08,0.5,1,1,VP
umbral050_sin_cupo,capacidad-validacion-222,validacion-L08,0.5,1,1,VP
umbral050_sin_cupo,capacidad-validacion-223,validacion-L08,0.1,0,0,VN
umbral050_sin_cupo,capacidad-validacion-224,validacion-L08,0.6,0,1,FP
umbral050_sin_cupo,capacidad-validacion-225,validacion-L08,0.5,1,1,VP
umbral050_sin_cupo,capacidad-validacion-226,validacion-L08,0.2,0,0,VN
umbral050_sin_cupo,capacidad-validacion-227,validacion-L08,0.6,0,1,FP
umbral050_sin_cupo,capacidad-validacion-228,validacion-L08,0.6,1,1,VP
umbral050_sin_cupo,capacidad-validacion-229,validacion-L08,0.2,0,0,VN
umbral050_sin_cupo,capacidad-validacion-230,validacion-L08,0.9,1,1,VP
umbral050_sin_cupo,capacidad-validacion-231,validacion-L08,0.3,1,0,FN
umbral050_sin_cupo,capacidad-validacion-232,validacion-L08,0.7,0,1,FP
umbral050_sin_cupo,capacidad-validacion-233,validacion-L08,0.8,1,1,VP
umbral050_sin_cupo,capacidad-validacion-234,validacion-L08,0.4,0,0,VN
umbral050_sin_cupo,capacidad-validacion-235,validacion-L08,0.5,1,1,VP
umbral050_sin_cupo,capacidad-validacion-236,validacion-L08,0.7,1,1,VP
umbral050_sin_cupo,capacidad-validacion-237,validacion-L08,0.1,0,0,VN
umbral050_sin_cupo,capacidad-validacion-238,validacion-L08,0.4,1,0,FN
umbral050_sin_cupo,capacidad-validacion-239,validacion-L08,0.8,0,1,FP
umbral050_sin_cupo,capacidad-validacion-240,validacion-L08,0.2,0,0,VN
