id,sensor,instante,disponible,temperatura_c
s1-0768,s1,2026-09-02T00:00:00-05:00,2026-09-02T00:10:00-05:00,19.908258
s1-0769,s1,2026-09-02T01:00:00-05:00,2026-09-02T01:10:00-05:00,19.644563
s1-0770,s1,2026-09-02T02:00:00-05:00,2026-09-02T02:10:00-05:00,19.526346
s1-0771,s1,2026-09-02T03:00:00-05:00,2026-09-02T03:10:00-05:00,19.662496
s1-0772,s1,2026-09-02T04:00:00-05:00,2026-09-02T04:10:00-05:00,20.067635
s1-0773,s1,2026-09-02T05:00:00-05:00,2026-09-02T05:10:00-05:00,20.300094
s1-0774,s1,2026-09-02T06:00:00-05:00,2026-09-02T06:10:00-05:00,21.282446
s1-0775,s1,2026-09-02T07:00:00-05:00,2026-09-02T07:10:00-05:00,21.763373
s1-0776,s1,2026-09-02T08:00:00-05:00,2026-09-02T08:10:00-05:00,22.183933
s1-0777,s1,2026-09-02T09:00:00-05:00,2026-09-02T09:10:00-05:00,23.344180
s1-0778,s1,2026-09-02T10:00:00-05:00,2026-09-02T10:10:00-05:00,23.959657
s1-0779,s1,2026-09-02T11:00:00-05:00,2026-09-02T11:10:00-05:00,24.501745
s1-0780,s1,2026-09-02T12:00:00-05:00,2026-09-02T12:10:00-05:00,25.033067
s1-0781,s1,2026-09-02T13:00:00-05:00,2026-09-02T13:10:00-05:00,25.323398
s1-0782,s1,2026-09-02T14:00:00-05:00,2026-09-02T14:10:00-05:00,25.324118
s1-0783,s1,2026-09-02T15:00:00-05:00,2026-09-02T15:10:00-05:00,25.444784
s1-0784,s1,2026-09-02T16:00:00-05:00,2026-09-02T16:10:00-05:00,25.360056
s1-0785,s1,2026-09-02T17:00:00-05:00,2026-09-02T17:10:00-05:00,24.722501
s1-0786,s1,2026-09-02T18:00:00-05:00,2026-09-02T18:10:00-05:00,23.977525
s1-0787,s1,2026-09-02T19:00:00-05:00,2026-09-02T19:10:00-05:00,23.434687
s1-0788,s1,2026-09-02T20:00:00-05:00,2026-09-02T20:10:00-05:00,22.071133
s1-0789,s1,2026-09-02T21:00:00-05:00,2026-09-02T21:10:00-05:00,21.644582
s1-0790,s1,2026-09-02T22:00:00-05:00,2026-09-02T22:10:00-05:00,20.611579
s1-0791,s1,2026-09-02T23:00:00-05:00,2026-09-02T23:10:00-05:00,20.467783
s1-0792,s1,2026-09-03T00:00:00-05:00,2026-09-03T00:10:00-05:00,19.864463
s1-0793,s1,2026-09-03T01:00:00-05:00,2026-09-03T01:10:00-05:00,19.433255
s1-0794,s1,2026-09-03T02:00:00-05:00,2026-09-03T02:10:00-05:00,19.561107
s1-0795,s1,2026-09-03T03:00:00-05:00,2026-09-03T03:10:00-05:00,19.540269
s1-0796,s1,2026-09-03T04:00:00-05:00,2026-09-03T04:10:00-05:00,19.985169
s1-0797,s1,2026-09-03T05:00:00-05:00,2026-09-03T05:10:00-05:00,20.151005
s1-0798,s1,2026-09-03T06:00:00-05:00,2026-09-03T06:10:00-05:00,20.841743
s1-0799,s1,2026-09-03T07:00:00-05:00,2026-09-03T07:10:00-05:00,21.634488
s1-0800,s1,2026-09-03T08:00:00-05:00,2026-09-03T08:10:00-05:00,22.663700
s1-0801,s1,2026-09-03T09:00:00-05:00,2026-09-03T09:10:00-05:00,23.107106
s1-0802,s1,2026-09-03T10:00:00-05:00,2026-09-03T10:10:00-05:00,23.818962
s1-0803,s1,2026-09-03T11:00:00-05:00,2026-09-03T11:10:00-05:00,24.190556
s1-0804,s1,2026-09-03T12:00:00-05:00,2026-09-03T12:10:00-05:00,25.075008
s1-0805,s1,2026-09-03T13:00:00-05:00,2026-09-03T13:10:00-05:00,25.511610
s1-0806,s1,2026-09-03T14:00:00-05:00,2026-09-03T14:10:00-05:00,25.597105
s1-0807,s1,2026-09-03T15:00:00-05:00,2026-09-03T15:10:00-05:00,25.110319
s1-0808,s1,2026-09-03T16:00:00-05:00,2026-09-03T16:10:00-05:00,24.986984
s1-0810,s1,2026-09-03T18:00:00-05:00,2026-09-03T18:10:00-05:00,23.827195
s1-0811,s1,2026-09-03T19:00:00-05:00,2026-09-03T19:10:00-05:00,23.123622
s1-0812,s1,2026-09-03T20:00:00-05:00,2026-09-03T20:10:00-05:00,22.373470
s1-0813,s1,2026-09-03T21:00:00-05:00,2026-09-03T21:10:00-05:00,21.678259
s1-0814,s1,2026-09-03T22:00:00-05:00,2026-09-03T22:10:00-05:00,21.026754
s1-0815,s1,2026-09-03T23:00:00-05:00,2026-09-03T23:10:00-05:00,20.426202
s1-0816,s1,2026-09-04T00:00:00-05:00,2026-09-04T00:10:00-05:00,19.762848
s1-0817,s1,2026-09-04T01:00:00-05:00,2026-09-04T01:10:00-05:00,19.607645
s1-0818,s1,2026-09-04T02:00:00-05:00,2026-09-04T02:10:00-05:00,19.574839
s1-0819,s1,2026-09-04T03:00:00-05:00,2026-09-04T03:10:00-05:00,19.553373
s1-0820,s1,2026-09-04T04:00:00-05:00,2026-09-04T04:10:00-05:00,19.878484
s1-0821,s1,2026-09-04T05:00:00-05:00,2026-09-04T05:10:00-05:00,20.754064
s1-0822,s1,2026-09-04T06:00:00-05:00,2026-09-04T06:10:00-05:00,20.978482
s1-0823,s1,2026-09-04T07:00:00-05:00,2026-09-04T07:10:00-05:00,21.834186
s1-0824,s1,2026-09-04T08:00:00-05:00,2026-09-04T08:10:00-05:00,22.457964
s1-0825,s1,2026-09-04T09:00:00-05:00,2026-09-04T09:10:00-05:00,23.373297
s1-0826,s1,2026-09-04T10:00:00-05:00,2026-09-04T10:10:00-05:00,24.088480
s1-0827,s1,2026-09-04T11:00:00-05:00,2026-09-04T11:10:00-05:00,24.697841
s1-0828,s1,2026-09-04T12:00:00-05:00,2026-09-04T12:10:00-05:00,25.176998
s1-0829,s1,2026-09-04T13:00:00-05:00,2026-09-04T13:10:00-05:00,25.619933
s1-0830,s1,2026-09-04T14:00:00-05:00,2026-09-04T14:10:00-05:00,25.753867
s1-0831,s1,2026-09-04T15:00:00-05:00,2026-09-04T15:10:00-05:00,25.193712
s1-0832,s1,2026-09-04T16:00:00-05:00,2026-09-04T16:10:00-05:00,25.441402
s1-0833,s1,2026-09-04T17:00:00-05:00,2026-09-04T17:10:00-05:00,25.098807
s1-0834,s1,2026-09-04T18:00:00-05:00,2026-09-04T18:10:00-05:00,24.141616
s1-0835,s1,2026-09-04T19:00:00-05:00,2026-09-04T19:10:00-05:00,23.771610
s1-0836,s1,2026-09-04T20:00:00-05:00,2026-09-04T20:10:00-05:00,22.637176
s1-0837,s1,2026-09-04T21:00:00-05:00,2026-09-04T21:10:00-05:00,22.091374
s1-0838,s1,2026-09-04T22:00:00-05:00,2026-09-04T22:10:00-05:00,21.436428
s1-0839,s1,2026-09-04T23:00:00-05:00,2026-09-04T23:10:00-05:00,20.657868
s1-0840,s1,2026-09-05T00:00:00-05:00,2026-09-05T00:10:00-05:00,20.612682
s1-0841,s1,2026-09-05T01:00:00-05:00,2026-09-05T01:10:00-05:00,19.855669
s1-0842,s1,2026-09-05T02:00:00-05:00,2026-09-05T02:10:00-05:00,19.714108
s1-0843,s1,2026-09-05T03:00:00-05:00,2026-09-05T03:10:00-05:00,19.767596
s1-0844,s1,2026-09-05T04:00:00-05:00,2026-09-05T04:10:00-05:00,20.262030
s1-0845,s1,2026-09-05T05:00:00-05:00,2026-09-05T05:10:00-05:00,20.592303
s1-0846,s1,2026-09-05T06:00:00-05:00,2026-09-05T06:10:00-05:00,21.441990
s1-0847,s1,2026-09-05T07:00:00-05:00,2026-09-05T07:10:00-05:00,
s1-0848,s1,2026-09-05T08:00:00-05:00,2026-09-05T08:10:00-05:00,23.168724
s1-0849,s1,2026-09-05T09:00:00-05:00,2026-09-05T09:10:00-05:00,24.144192
s1-0850,s1,2026-09-05T10:00:00-05:00,2026-09-05T10:10:00-05:00,24.649582
s1-0851,s1,2026-09-05T11:00:00-05:00,2026-09-05T11:10:00-05:00,25.151729
s1-0852,s1,2026-09-05T12:00:00-05:00,2026-09-05T12:10:00-05:00,25.894096
s1-0853,s1,2026-09-05T13:00:00-05:00,2026-09-05T13:10:00-05:00,25.664004
s1-0854,s1,2026-09-05T14:00:00-05:00,2026-09-05T14:10:00-05:00,25.916845
s1-0855,s1,2026-09-05T15:00:00-05:00,2026-09-05T15:10:00-05:00,26.095306
s1-0856,s1,2026-09-05T16:00:00-05:00,2026-09-05T16:10:00-05:00,25.479140
s1-0857,s1,2026-09-05T17:00:00-05:00,2026-09-05T17:10:00-05:00,25.337945
s1-0858,s1,2026-09-05T18:00:00-05:00,2026-09-05T18:10:00-05:00,24.676907
s1-0859,s1,2026-09-05T19:00:00-05:00,2026-09-05T19:10:00-05:00,23.824500
s1-0860,s1,2026-09-05T20:00:00-05:00,2026-09-05T20:10:00-05:00,23.154459
s1-0861,s1,2026-09-05T21:00:00-05:00,2026-09-05T21:10:00-05:00,22.810152
s1-0862,s1,2026-09-05T22:00:00-05:00,2026-09-05T22:10:00-05:00,22.044883
s1-0863,s1,2026-09-05T23:00:00-05:00,2026-09-05T23:10:00-05:00,21.021612
s1-0864,s1,2026-09-06T00:00:00-05:00,2026-09-06T00:10:00-05:00,18.763278
s1-0865,s1,2026-09-06T01:00:00-05:00,2026-09-06T01:10:00-05:00,18.724285
s1-0866,s1,2026-09-06T02:00:00-05:00,2026-09-06T02:10:00-05:00,18.492787
s1-0867,s1,2026-09-06T03:00:00-05:00,2026-09-06T03:10:00-05:00,18.614044
s1-0868,s1,2026-09-06T04:00:00-05:00,2026-09-06T04:10:00-05:00,18.912337
s1-0869,s1,2026-09-06T05:00:00-05:00,2026-09-06T05:10:00-05:00,19.430882
s1-0870,s1,2026-09-06T06:00:00-05:00,2026-09-06T06:10:00-05:00,20.077325
s1-0871,s1,2026-09-06T07:00:00-05:00,2026-09-06T07:10:00-05:00,20.632455
s1-0872,s1,2026-09-06T08:00:00-05:00,2026-09-06T08:10:00-05:00,21.674824
s1-0873,s1,2026-09-06T09:00:00-05:00,2026-09-06T09:10:00-05:00,22.361564
s1-0874,s1,2026-09-06T10:00:00-05:00,2026-09-06T10:10:00-05:00,23.314809
s1-0876,s1,2026-09-06T12:00:00-05:00,2026-09-06T12:10:00-05:00,24.193649
s1-0877,s1,2026-09-06T13:00:00-05:00,2026-09-06T13:10:00-05:00,24.751401
s1-0878,s1,2026-09-06T14:00:00-05:00,2026-09-06T14:10:00-05:00,24.626282
s1-0879,s1,2026-09-06T15:00:00-05:00,2026-09-06T15:10:00-05:00,24.487889
s1-0880,s1,2026-09-06T16:00:00-05:00,2026-09-06T16:10:00-05:00,24.231747
s1-0881,s1,2026-09-06T17:00:00-05:00,2026-09-06T17:10:00-05:00,23.886960
s1-0882,s1,2026-09-06T18:00:00-05:00,2026-09-06T18:10:00-05:00,23.345889
s1-0883,s1,2026-09-06T19:00:00-05:00,2026-09-06T19:10:00-05:00,22.165573
s1-0884,s1,2026-09-06T20:00:00-05:00,2026-09-06T20:10:00-05:00,21.684121
s1-0885,s1,2026-09-06T21:00:00-05:00,2026-09-06T21:10:00-05:00,20.991895
s1-0886,s1,2026-09-06T22:00:00-05:00,2026-09-06T22:10:00-05:00,20.043976
s1-0887,s1,2026-09-06T23:00:00-05:00,2026-09-06T23:10:00-05:00,19.544703
s1-0888,s1,2026-09-07T00:00:00-05:00,2026-09-07T00:10:00-05:00,19.031733
s1-0889,s1,2026-09-07T01:00:00-05:00,2026-09-07T01:10:00-05:00,18.759504
s1-0890,s1,2026-09-07T02:00:00-05:00,2026-09-07T02:10:00-05:00,18.592874
s1-0891,s1,2026-09-07T03:00:00-05:00,2026-09-07T03:10:00-05:00,18.722867
s1-0892,s1,2026-09-07T04:00:00-05:00,2026-09-07T04:10:00-05:00,18.763319
s1-0893,s1,2026-09-07T05:00:00-05:00,2026-09-07T05:10:00-05:00,19.640062
s1-0894,s1,2026-09-07T06:00:00-05:00,2026-09-07T06:10:00-05:00,20.021633
s1-0895,s1,2026-09-07T07:00:00-05:00,2026-09-07T07:10:00-05:00,21.033948
s1-0896,s1,2026-09-07T08:00:00-05:00,2026-09-07T08:10:00-05:00,21.563247
s1-0897,s1,2026-09-07T09:00:00-05:00,2026-09-07T09:10:00-05:00,22.166945
s1-0898,s1,2026-09-07T10:00:00-05:00,2026-09-07T10:10:00-05:00,22.802960
s1-0899,s1,2026-09-07T11:00:00-05:00,2026-09-07T11:10:00-05:00,23.479523
s1-0900,s1,2026-09-07T12:00:00-05:00,2026-09-07T13:30:00-05:00,24.494853
s1-0901,s1,2026-09-07T13:00:00-05:00,2026-09-07T13:10:00-05:00,24.365643
s1-0902,s1,2026-09-07T14:00:00-05:00,2026-09-07T14:10:00-05:00,24.544235
s1-0903,s1,2026-09-07T15:00:00-05:00,2026-09-07T15:10:00-05:00,
s1-0904,s1,2026-09-07T16:00:00-05:00,2026-09-07T16:10:00-05:00,23.822709
s1-0905,s1,2026-09-07T17:00:00-05:00,2026-09-07T17:10:00-05:00,23.730535
s1-0906,s1,2026-09-07T18:00:00-05:00,2026-09-07T18:10:00-05:00,22.884858
s1-0907,s1,2026-09-07T19:00:00-05:00,2026-09-07T19:10:00-05:00,21.973998
s1-0908,s1,2026-09-07T20:00:00-05:00,2026-09-07T20:10:00-05:00,21.165530
s1-0909,s1,2026-09-07T21:00:00-05:00,2026-09-07T21:10:00-05:00,20.681171
s1-0910,s1,2026-09-07T22:00:00-05:00,2026-09-07T22:10:00-05:00,20.171289
s1-0911,s1,2026-09-07T23:00:00-05:00,2026-09-07T23:10:00-05:00,19.233184
s1-0912,s1,2026-09-08T00:00:00-05:00,2026-09-08T00:10:00-05:00,18.619192
s1-0913,s1,2026-09-08T01:00:00-05:00,2026-09-08T01:10:00-05:00,18.309251
s1-0914,s1,2026-09-08T02:00:00-05:00,2026-09-08T02:10:00-05:00,18.402941
s1-0915,s1,2026-09-08T03:00:00-05:00,2026-09-08T03:10:00-05:00,18.661648
s1-0916,s1,2026-09-08T04:00:00-05:00,2026-09-08T04:10:00-05:00,18.909021
s1-0917,s1,2026-09-08T05:00:00-05:00,2026-09-08T05:10:00-05:00,19.360882
s1-0918,s1,2026-09-08T06:00:00-05:00,2026-09-08T06:10:00-05:00,20.063808
s1-0919,s1,2026-09-08T07:00:00-05:00,2026-09-08T07:10:00-05:00,20.508657
s1-0920,s1,2026-09-08T08:00:00-05:00,2026-09-08T08:10:00-05:00,21.362176
s1-0921,s1,2026-09-08T09:00:00-05:00,2026-09-08T09:10:00-05:00,21.907211
s1-0922,s1,2026-09-08T10:00:00-05:00,2026-09-08T10:10:00-05:00,22.878537
s1-0923,s1,2026-09-08T11:00:00-05:00,2026-09-08T11:10:00-05:00,23.009089
s1-0924,s1,2026-09-08T12:00:00-05:00,2026-09-08T12:10:00-05:00,23.508540
s1-0925,s1,2026-09-08T13:00:00-05:00,2026-09-08T13:10:00-05:00,23.873313
s1-0926,s1,2026-09-08T14:00:00-05:00,2026-09-08T14:10:00-05:00,24.470016
s1-0927,s1,2026-09-08T15:00:00-05:00,2026-09-08T15:10:00-05:00,24.022169
s1-0928,s1,2026-09-08T16:00:00-05:00,2026-09-08T16:10:00-05:00,23.568114
s1-0929,s1,2026-09-08T17:00:00-05:00,2026-09-08T17:10:00-05:00,23.215869
s1-0930,s1,2026-09-08T18:00:00-05:00,2026-09-08T18:10:00-05:00,22.488235
s1-0931,s1,2026-09-08T19:00:00-05:00,2026-09-08T19:10:00-05:00,21.864676
s1-0932,s1,2026-09-08T20:00:00-05:00,2026-09-08T20:10:00-05:00,21.104204
s1-0934,s1,2026-09-08T22:00:00-05:00,2026-09-08T22:10:00-05:00,19.799526
s1-0935,s1,2026-09-08T23:00:00-05:00,2026-09-08T23:10:00-05:00,19.005767
s1-0936,s1,2026-09-09T00:00:00-05:00,2026-09-09T00:10:00-05:00,18.615783
s1-0937,s1,2026-09-09T01:00:00-05:00,2026-09-09T01:10:00-05:00,17.963133
s1-0938,s1,2026-09-09T02:00:00-05:00,2026-09-09T02:10:00-05:00,18.007244
s1-0939,s1,2026-09-09T03:00:00-05:00,2026-09-09T03:10:00-05:00,17.995012
s1-0940,s1,2026-09-09T04:00:00-05:00,2026-09-09T04:10:00-05:00,18.538055
s1-0941,s1,2026-09-09T05:00:00-05:00,2026-09-09T05:10:00-05:00,18.949983
s1-0942,s1,2026-09-09T06:00:00-05:00,2026-09-09T06:10:00-05:00,19.702921
s1-0943,s1,2026-09-09T07:00:00-05:00,2026-09-09T07:10:00-05:00,20.319133
s1-0944,s1,2026-09-09T08:00:00-05:00,2026-09-09T08:10:00-05:00,21.172099
s1-0945,s1,2026-09-09T09:00:00-05:00,2026-09-09T09:10:00-05:00,21.755292
s1-0946,s1,2026-09-09T10:00:00-05:00,2026-09-09T10:10:00-05:00,22.146101
s1-0947,s1,2026-09-09T11:00:00-05:00,2026-09-09T11:10:00-05:00,23.252045
s1-0948,s1,2026-09-09T12:00:00-05:00,2026-09-09T12:10:00-05:00,23.611038
s1-0949,s1,2026-09-09T13:00:00-05:00,2026-09-09T13:10:00-05:00,23.747332
s1-0950,s1,2026-09-09T14:00:00-05:00,2026-09-09T14:10:00-05:00,24.290401
s1-0951,s1,2026-09-09T15:00:00-05:00,2026-09-09T15:10:00-05:00,23.870055
s1-0952,s1,2026-09-09T16:00:00-05:00,2026-09-09T16:10:00-05:00,23.524565
s1-0953,s1,2026-09-09T17:00:00-05:00,2026-09-09T17:10:00-05:00,23.089235
s1-0954,s1,2026-09-09T18:00:00-05:00,2026-09-09T18:10:00-05:00,22.560296
s1-0955,s1,2026-09-09T19:00:00-05:00,2026-09-09T20:30:00-05:00,21.643669
s1-0956,s1,2026-09-09T20:00:00-05:00,2026-09-09T20:10:00-05:00,20.789864
s1-0957,s1,2026-09-09T21:00:00-05:00,2026-09-09T21:10:00-05:00,20.410215
s1-0958,s1,2026-09-09T22:00:00-05:00,2026-09-09T22:10:00-05:00,19.374717
s1-0959,s1,2026-09-09T23:00:00-05:00,2026-09-09T23:10:00-05:00,18.643121
