caso_id,senal_a,senal_b,indice_respuesta
pca-prueba-001,60.014,59.103,23.085
pca-prueba-002,51.420,51.393,20.067
pca-prueba-003,52.143,52.474,19.272
pca-prueba-004,45.938,45.155,22.477
pca-prueba-005,34.963,35.258,19.076
pca-prueba-006,57.017,57.299,19.344
pca-prueba-007,49.148,50.004,17.152
pca-prueba-008,45.223,44.149,23.496
pca-prueba-009,31.963,32.474,18.555
pca-prueba-010,64.473,65.106,17.876
pca-prueba-011,36.671,37.474,17.386
pca-prueba-012,44.607,43.952,22.703
pca-prueba-013,36.539,35.410,23.305
pca-prueba-014,56.615,57.531,16.954
pca-prueba-015,59.888,59.471,21.480
pca-prueba-016,55.344,56.302,16.954
pca-prueba-017,38.438,37.444,23.356
pca-prueba-018,65.689,65.454,20.642
pca-prueba-019,56.073,54.992,23.750
pca-prueba-020,54.255,53.628,21.786
pca-prueba-021,41.983,41.344,22.326
pca-prueba-022,31.340,31.053,20.974
pca-prueba-023,38.997,38.031,23.339
pca-prueba-024,44.728,44.434,21.086
pca-prueba-025,49.958,49.610,20.979
pca-prueba-026,66.858,67.218,18.845
pca-prueba-027,38.261,38.510,19.214
pca-prueba-028,60.581,59.485,23.647
pca-prueba-029,36.955,36.149,22.668
pca-prueba-030,68.969,67.850,23.477
pca-prueba-031,55.722,55.293,21.367
pca-prueba-032,48.310,48.925,17.663
pca-prueba-033,65.667,66.403,17.632
pca-prueba-034,60.966,60.996,20.084
pca-prueba-035,35.497,35.821,18.869
pca-prueba-036,68.830,69.577,17.617
pca-prueba-037,37.843,37.122,22.352
pca-prueba-038,68.514,69.017,18.362
pca-prueba-039,56.307,57.398,16.250
pca-prueba-040,54.650,54.961,19.486
pca-prueba-041,48.188,48.636,18.468
pca-prueba-042,68.418,69.130,17.734
pca-prueba-043,44.874,44.763,20.257
pca-prueba-044,38.020,37.677,20.776
pca-prueba-045,57.570,57.211,21.187
pca-prueba-046,33.417,32.786,22.230
pca-prueba-047,67.334,67.985,17.714
pca-prueba-048,66.326,65.268,23.605
