caso_id,senal_a,senal_b,puntuacion,requiere_revision
costos-prueba-001,0.864,0.253,0.3,0
costos-prueba-002,0.808,0.073,0.2,0
costos-prueba-003,0.148,0.692,0.1,0
costos-prueba-004,0.559,0.677,0.3,1
costos-prueba-005,0.830,0.713,0.5,0
costos-prueba-006,0.741,0.907,0.5,0
costos-prueba-007,0.384,0.386,0.1,1
costos-prueba-008,0.924,0.620,0.5,0
costos-prueba-009,0.617,0.392,0.2,0
costos-prueba-010,0.180,0.608,0.1,0
costos-prueba-011,0.646,0.046,0.1,0
costos-prueba-012,0.853,0.580,0.4,1
costos-prueba-013,0.226,0.173,0.0,0
costos-prueba-014,0.734,0.254,0.2,1
costos-prueba-015,0.304,0.678,0.2,0
costos-prueba-016,0.719,0.948,0.5,0
costos-prueba-017,0.219,0.802,0.1,0
costos-prueba-018,0.943,0.613,0.5,0
costos-prueba-019,0.632,0.150,0.1,0
costos-prueba-020,0.316,0.352,0.1,0
costos-prueba-021,0.336,0.686,0.2,0
costos-prueba-022,0.220,0.808,0.2,0
costos-prueba-023,0.344,0.215,0.1,0
costos-prueba-024,0.058,0.207,0.0,0
costos-prueba-025,0.343,0.863,0.2,0
costos-prueba-026,0.403,0.925,0.3,0
costos-prueba-027,0.884,0.346,0.3,0
costos-prueba-028,0.421,0.526,0.2,0
costos-prueba-029,0.261,0.141,0.1,0
costos-prueba-030,0.814,0.545,0.4,0
costos-prueba-031,0.325,0.302,0.1,0
costos-prueba-032,0.947,0.739,0.6,1
costos-prueba-033,0.924,0.857,0.6,1
costos-prueba-034,0.087,0.526,0.1,0
costos-prueba-035,0.402,0.940,0.3,0
costos-prueba-036,0.374,0.748,0.2,0
costos-prueba-037,0.400,0.586,0.2,0
costos-prueba-038,0.056,0.114,0.0,0
costos-prueba-039,0.483,0.277,0.1,0
costos-prueba-040,0.110,0.870,0.1,0
costos-prueba-041,0.693,0.310,0.2,1
costos-prueba-042,0.801,0.578,0.4,1
costos-prueba-043,0.626,0.935,0.4,0
costos-prueba-044,0.284,0.228,0.1,0
costos-prueba-045,0.915,0.695,0.5,0
costos-prueba-046,0.041,0.965,0.1,1
costos-prueba-047,0.399,0.943,0.3,0
costos-prueba-048,0.978,0.302,0.4,0
costos-prueba-049,0.575,0.653,0.3,1
costos-prueba-050,0.288,0.962,0.2,0
costos-prueba-051,0.824,0.954,0.6,0
costos-prueba-052,0.282,0.455,0.1,0
costos-prueba-053,0.444,0.695,0.2,0
costos-prueba-054,0.117,0.134,0.0,0
costos-prueba-055,0.236,0.230,0.1,0
costos-prueba-056,0.114,0.573,0.1,1
costos-prueba-057,0.441,0.194,0.1,1
costos-prueba-058,0.581,0.619,0.3,0
costos-prueba-059,0.869,0.605,0.5,1
costos-prueba-060,0.393,0.462,0.1,0
costos-prueba-061,0.540,0.161,0.1,0
costos-prueba-062,0.424,0.573,0.2,0
costos-prueba-063,0.447,0.652,0.2,0
costos-prueba-064,0.400,0.912,0.3,1
costos-prueba-065,0.903,0.075,0.2,0
costos-prueba-066,0.913,0.316,0.3,0
costos-prueba-067,0.829,0.273,0.3,0
costos-prueba-068,0.674,0.865,0.4,0
costos-prueba-069,0.227,0.445,0.1,0
costos-prueba-070,0.336,0.855,0.2,0
costos-prueba-071,0.768,0.388,0.3,1
costos-prueba-072,0.103,0.546,0.1,0
costos-prueba-073,0.915,0.333,0.4,1
costos-prueba-074,0.243,0.109,0.0,0
costos-prueba-075,0.688,0.128,0.2,0
costos-prueba-076,0.191,0.873,0.2,1
costos-prueba-077,0.543,0.605,0.2,0
costos-prueba-078,0.591,0.047,0.1,0
costos-prueba-079,0.701,0.792,0.4,0
costos-prueba-080,0.908,0.144,0.3,0
costos-prueba-081,0.331,0.272,0.1,0
costos-prueba-082,0.815,0.753,0.5,0
costos-prueba-083,0.421,0.900,0.3,1
costos-prueba-084,0.298,0.422,0.1,0
costos-prueba-085,0.386,0.792,0.2,0
costos-prueba-086,0.757,0.378,0.3,0
costos-prueba-087,0.202,0.029,0.0,0
costos-prueba-088,0.516,0.929,0.4,0
costos-prueba-089,0.298,0.567,0.1,0
costos-prueba-090,0.159,0.503,0.1,0
costos-prueba-091,0.423,0.399,0.1,0
costos-prueba-092,0.257,0.197,0.1,0
costos-prueba-093,0.593,0.772,0.3,1
costos-prueba-094,0.635,0.166,0.1,0
costos-prueba-095,0.957,0.863,0.6,1
costos-prueba-096,0.460,0.560,0.2,0
costos-prueba-097,0.740,0.135,0.2,0
costos-prueba-098,0.022,0.509,0.1,0
costos-prueba-099,0.803,0.025,0.2,0
costos-prueba-100,0.095,0.124,0.0,0
costos-prueba-101,0.907,0.812,0.6,1
costos-prueba-102,0.890,0.527,0.4,1
costos-prueba-103,0.877,0.126,0.2,0
costos-prueba-104,0.111,0.241,0.0,0
costos-prueba-105,0.055,0.991,0.1,0
costos-prueba-106,0.971,0.862,0.7,1
costos-prueba-107,0.381,0.864,0.2,0
costos-prueba-108,0.762,0.394,0.3,0
costos-prueba-109,0.576,0.891,0.4,0
costos-prueba-110,0.987,0.299,0.4,0
costos-prueba-111,0.695,0.974,0.5,0
costos-prueba-112,0.297,0.382,0.1,0
costos-prueba-113,0.900,0.123,0.3,1
costos-prueba-114,0.735,0.284,0.2,1
costos-prueba-115,0.361,0.301,0.1,0
costos-prueba-116,0.808,0.501,0.4,1
costos-prueba-117,0.048,0.272,0.0,0
costos-prueba-118,0.844,0.215,0.3,1
costos-prueba-119,0.069,0.538,0.1,0
costos-prueba-120,0.229,0.815,0.2,0
