caso_id,senal_previa,revision_confirmada
equilibrado-entrenamiento-001,5.00,0
equilibrado-entrenamiento-002,5.00,0
equilibrado-entrenamiento-003,5.00,0
equilibrado-entrenamiento-004,5.00,0
equilibrado-entrenamiento-005,5.00,0
equilibrado-entrenamiento-006,5.00,0
equilibrado-entrenamiento-007,5.00,0
equilibrado-entrenamiento-008,5.00,0
equilibrado-entrenamiento-009,15.00,1
equilibrado-entrenamiento-010,15.00,0
equilibrado-entrenamiento-011,15.00,0
equilibrado-entrenamiento-012,15.00,0
equilibrado-entrenamiento-013,15.00,0
equilibrado-entrenamiento-014,15.00,0
equilibrado-entrenamiento-015,15.00,0
equilibrado-entrenamiento-016,15.00,0
equilibrado-entrenamiento-017,25.00,1
equilibrado-entrenamiento-018,25.00,0
equilibrado-entrenamiento-019,25.00,0
equilibrado-entrenamiento-020,25.00,0
equilibrado-entrenamiento-021,25.00,0
equilibrado-entrenamiento-022,25.00,0
equilibrado-entrenamiento-023,25.00,0
equilibrado-entrenamiento-024,25.00,0
equilibrado-entrenamiento-025,35.00,1
equilibrado-entrenamiento-026,35.00,1
equilibrado-entrenamiento-027,35.00,0
equilibrado-entrenamiento-028,35.00,0
equilibrado-entrenamiento-029,35.00,0
equilibrado-entrenamiento-030,35.00,0
equilibrado-entrenamiento-031,35.00,0
equilibrado-entrenamiento-032,35.00,0
equilibrado-entrenamiento-033,45.00,1
equilibrado-entrenamiento-034,45.00,1
equilibrado-entrenamiento-035,45.00,1
equilibrado-entrenamiento-036,45.00,0
equilibrado-entrenamiento-037,45.00,0
equilibrado-entrenamiento-038,45.00,0
equilibrado-entrenamiento-039,45.00,0
equilibrado-entrenamiento-040,45.00,0
equilibrado-entrenamiento-041,55.00,1
equilibrado-entrenamiento-042,55.00,1
equilibrado-entrenamiento-043,55.00,1
equilibrado-entrenamiento-044,55.00,1
equilibrado-entrenamiento-045,55.00,0
equilibrado-entrenamiento-046,55.00,0
equilibrado-entrenamiento-047,55.00,0
equilibrado-entrenamiento-048,55.00,0
equilibrado-entrenamiento-049,65.00,1
equilibrado-entrenamiento-050,65.00,1
equilibrado-entrenamiento-051,65.00,1
equilibrado-entrenamiento-052,65.00,1
equilibrado-entrenamiento-053,65.00,1
equilibrado-entrenamiento-054,65.00,0
equilibrado-entrenamiento-055,65.00,0
equilibrado-entrenamiento-056,65.00,0
equilibrado-entrenamiento-057,75.00,1
equilibrado-entrenamiento-058,75.00,1
equilibrado-entrenamiento-059,75.00,1
equilibrado-entrenamiento-060,75.00,1
equilibrado-entrenamiento-061,75.00,1
equilibrado-entrenamiento-062,75.00,1
equilibrado-entrenamiento-063,75.00,0
equilibrado-entrenamiento-064,75.00,0
equilibrado-entrenamiento-065,85.00,1
equilibrado-entrenamiento-066,85.00,1
equilibrado-entrenamiento-067,85.00,1
equilibrado-entrenamiento-068,85.00,1
equilibrado-entrenamiento-069,85.00,1
equilibrado-entrenamiento-070,85.00,1
equilibrado-entrenamiento-071,85.00,1
equilibrado-entrenamiento-072,85.00,0
equilibrado-entrenamiento-073,95.00,1
equilibrado-entrenamiento-074,95.00,1
equilibrado-entrenamiento-075,95.00,1
equilibrado-entrenamiento-076,95.00,1
equilibrado-entrenamiento-077,95.00,1
equilibrado-entrenamiento-078,95.00,1
equilibrado-entrenamiento-079,95.00,1
equilibrado-entrenamiento-080,95.00,0
