caso_id,senal_a,senal_b,objetivo
xor-entrenamiento-000,-0.61700,-0.42642,0
xor-entrenamiento-001,-0.96038,-0.85980,0
xor-entrenamiento-002,0.68287,-0.50974,1
xor-entrenamiento-003,0.49675,-0.85324,1
xor-entrenamiento-004,-0.97829,0.45566,1
xor-entrenamiento-005,-0.32369,0.93629,1
xor-entrenamiento-006,-0.90002,0.66169,1
xor-entrenamiento-007,0.77965,-0.51162,1
xor-entrenamiento-008,-0.91251,0.79994,1
xor-entrenamiento-009,-0.63245,0.38792,1
xor-entrenamiento-010,-0.92366,0.87094,1
xor-entrenamiento-011,-0.29748,-0.26683,0
xor-entrenamiento-012,0.62445,0.64446,0
xor-entrenamiento-013,0.55584,-0.69514,1
xor-entrenamiento-014,-0.25237,0.83768,1
xor-entrenamiento-015,-0.58383,0.90237,1
xor-entrenamiento-016,-0.94080,0.90139,1
xor-entrenamiento-017,-0.72379,-0.79524,0
xor-entrenamiento-018,0.35327,-0.30287,1
xor-entrenamiento-019,0.60723,0.44717,0
xor-entrenamiento-020,0.75273,0.71143,0
xor-entrenamiento-021,-0.27334,0.69217,1
xor-entrenamiento-022,-0.35698,0.30401,1
xor-entrenamiento-023,-0.53745,0.31237,1
xor-entrenamiento-024,-0.80455,-0.34107,0
xor-entrenamiento-025,-0.73284,-0.66207,0
xor-entrenamiento-026,0.41856,0.38296,0
xor-entrenamiento-027,0.93984,-0.47999,1
xor-entrenamiento-028,0.63979,-0.84568,1
xor-entrenamiento-029,-0.29258,-0.81994,0
xor-entrenamiento-030,0.85437,-0.29997,1
xor-entrenamiento-031,0.66319,0.51224,0
xor-entrenamiento-032,-0.83330,-0.33315,0
xor-entrenamiento-033,-0.57205,-0.72752,0
xor-entrenamiento-034,0.80668,-0.50696,1
xor-entrenamiento-035,-0.96494,0.87602,1
xor-entrenamiento-036,-0.90543,0.26056,1
xor-entrenamiento-037,0.87467,-0.73947,1
xor-entrenamiento-038,0.65792,-0.71521,1
xor-entrenamiento-039,-0.84719,-0.81612,0
xor-entrenamiento-040,0.29227,0.88334,0
xor-entrenamiento-041,-0.30353,0.37069,1
xor-entrenamiento-042,-0.56976,-0.40601,0
xor-entrenamiento-043,-0.39498,-0.65464,0
xor-entrenamiento-044,-0.87016,-0.42830,0
xor-entrenamiento-045,0.37357,0.32401,0
xor-entrenamiento-046,0.68927,0.47315,0
xor-entrenamiento-047,-0.80330,0.49786,1
xor-entrenamiento-048,-0.80956,0.61032,1
xor-entrenamiento-049,-0.26260,0.99934,1
xor-entrenamiento-050,0.86899,0.43280,0
xor-entrenamiento-051,0.92318,0.89059,0
xor-entrenamiento-052,0.40773,0.60225,0
xor-entrenamiento-053,0.79986,-0.31600,1
xor-entrenamiento-054,0.73202,0.29713,0
xor-entrenamiento-055,0.51539,0.77258,0
xor-entrenamiento-056,-0.97377,-0.33717,0
xor-entrenamiento-057,0.81567,-0.39857,1
xor-entrenamiento-058,-0.54214,-0.72577,0
xor-entrenamiento-059,0.49923,0.36178,0
xor-entrenamiento-060,0.44528,-0.73946,1
xor-entrenamiento-061,0.95719,-0.89764,1
xor-entrenamiento-062,-0.55726,-0.78047,0
xor-entrenamiento-063,-0.34347,-0.56529,0
xor-entrenamiento-064,-0.40145,0.79909,1
xor-entrenamiento-065,-0.78184,-0.96701,0
xor-entrenamiento-066,-0.57293,0.53011,1
xor-entrenamiento-067,-0.62541,-0.53510,0
xor-entrenamiento-068,-0.35832,0.95880,1
xor-entrenamiento-069,0.88455,-0.65452,1
xor-entrenamiento-070,-0.49705,0.37633,1
xor-entrenamiento-071,-0.37468,-0.64276,0
xor-entrenamiento-072,-0.41577,0.62950,1
xor-entrenamiento-073,-0.28957,-0.76573,0
xor-entrenamiento-074,0.83452,-0.79037,1
xor-entrenamiento-075,-0.63009,0.76685,1
xor-entrenamiento-076,0.32598,0.57959,0
xor-entrenamiento-077,0.32467,-0.53155,1
xor-entrenamiento-078,0.40943,-0.45891,1
xor-entrenamiento-079,-0.88532,-0.91453,0
xor-entrenamiento-080,0.38474,-0.53977,1
xor-entrenamiento-081,-0.46683,0.64396,1
xor-entrenamiento-082,-0.44641,0.56709,1
xor-entrenamiento-083,0.79010,0.77219,0
xor-entrenamiento-084,-0.98404,-0.82412,0
xor-entrenamiento-085,0.71365,-0.71874,1
xor-entrenamiento-086,-0.26194,0.60118,1
xor-entrenamiento-087,-0.48535,-0.66280,0
xor-entrenamiento-088,0.34689,0.61518,0
xor-entrenamiento-089,0.94666,-0.27189,1
xor-entrenamiento-090,-0.82229,0.73699,1
xor-entrenamiento-091,-0.45195,-0.99941,0
xor-entrenamiento-092,0.26071,0.62270,0
xor-entrenamiento-093,0.75589,-0.28382,1
xor-entrenamiento-094,-0.93754,0.59582,1
xor-entrenamiento-095,0.40567,0.49570,0
xor-entrenamiento-096,-0.49192,-0.60486,0
xor-entrenamiento-097,0.87345,-0.31972,1
xor-entrenamiento-098,-0.35644,0.50753,1
xor-entrenamiento-099,0.87001,-0.45732,1
xor-entrenamiento-100,0.78500,0.71023,0
xor-entrenamiento-101,0.44028,-0.58092,1
xor-entrenamiento-102,0.74526,-0.41754,1
xor-entrenamiento-103,0.50926,-0.36572,1
xor-entrenamiento-104,-0.31501,-0.86464,0
xor-entrenamiento-105,-0.93163,0.61470,1
xor-entrenamiento-106,-0.91884,-0.26045,0
xor-entrenamiento-107,-0.87884,-0.67961,0
xor-entrenamiento-108,-0.32466,0.66897,1
xor-entrenamiento-109,-0.86580,-0.41589,0
xor-entrenamiento-110,0.99797,-0.26618,1
xor-entrenamiento-111,-0.88036,-0.28394,0
xor-entrenamiento-112,0.48693,0.47126,0
xor-entrenamiento-113,-0.98964,-0.87548,0
xor-entrenamiento-114,-0.34169,0.77229,1
xor-entrenamiento-115,0.51905,0.28249,0
xor-entrenamiento-116,-0.30849,-0.55105,0
xor-entrenamiento-117,0.87007,-0.78331,1
xor-entrenamiento-118,-0.82082,0.40225,1
xor-entrenamiento-119,0.29776,0.82057,0
xor-entrenamiento-120,0.43968,0.71905,0
xor-entrenamiento-121,0.65130,0.39323,0
xor-entrenamiento-122,0.50349,-0.84576,1
xor-entrenamiento-123,0.25148,0.96893,0
xor-entrenamiento-124,-0.74415,0.45105,1
xor-entrenamiento-125,-0.92103,0.94402,1
xor-entrenamiento-126,-0.37040,0.29152,1
xor-entrenamiento-127,-0.80885,-0.33230,0
xor-entrenamiento-128,0.50332,-0.30124,1
xor-entrenamiento-129,-0.29468,-0.40394,0
xor-entrenamiento-130,0.77006,0.48322,0
xor-entrenamiento-131,0.69486,0.43322,0
xor-entrenamiento-132,0.70121,-0.81566,1
xor-entrenamiento-133,0.71979,0.30688,0
xor-entrenamiento-134,0.64536,0.80263,0
xor-entrenamiento-135,0.57709,0.31631,0
xor-entrenamiento-136,-0.32498,-0.87915,0
xor-entrenamiento-137,0.97823,-0.99872,1
xor-entrenamiento-138,0.68097,-0.26921,1
xor-entrenamiento-139,0.98954,0.78266,0
xor-entrenamiento-140,-0.55014,0.28111,1
xor-entrenamiento-141,0.39608,-0.73302,1
xor-entrenamiento-142,0.87252,0.78320,0
xor-entrenamiento-143,0.62847,0.95210,0
xor-entrenamiento-144,-0.81785,0.39774,1
xor-entrenamiento-145,-0.56378,0.85689,1
xor-entrenamiento-146,0.31137,0.48348,0
xor-entrenamiento-147,0.71700,0.87010,0
xor-entrenamiento-148,0.71038,0.85810,0
xor-entrenamiento-149,-0.77547,-0.28063,0
xor-entrenamiento-150,-0.79197,-0.74781,0
xor-entrenamiento-151,-0.94823,-0.65921,0
xor-entrenamiento-152,0.52265,0.63708,0
xor-entrenamiento-153,0.28589,0.58189,0
xor-entrenamiento-154,-0.77307,-0.80645,0
xor-entrenamiento-155,0.97282,0.70443,0
xor-entrenamiento-156,0.73040,-0.91659,1
xor-entrenamiento-157,0.51762,0.88605,0
xor-entrenamiento-158,0.43396,0.66254,0
xor-entrenamiento-159,0.69207,-0.92271,1
xor-entrenamiento-160,-0.73944,-0.94343,0
xor-entrenamiento-161,-0.54175,-0.56253,0
xor-entrenamiento-162,-0.59979,-0.68927,0
xor-entrenamiento-163,-0.95385,0.31197,1
xor-entrenamiento-164,0.90733,0.35491,0
xor-entrenamiento-165,-0.94089,-0.82782,0
xor-entrenamiento-166,0.30861,0.45898,0
xor-entrenamiento-167,-0.93897,0.37765,1
xor-entrenamiento-168,-0.98331,0.74807,1
xor-entrenamiento-169,-0.91847,-0.55905,0
xor-entrenamiento-170,0.72776,0.72980,0
xor-entrenamiento-171,-0.49255,0.32074,1
xor-entrenamiento-172,0.90716,0.50118,0
xor-entrenamiento-173,0.95265,-0.33134,1
xor-entrenamiento-174,0.40509,-0.33985,1
xor-entrenamiento-175,-0.75906,-0.71764,0
xor-entrenamiento-176,0.46428,-0.99090,1
xor-entrenamiento-177,0.60046,0.30911,0
xor-entrenamiento-178,0.56077,-0.57157,1
xor-entrenamiento-179,-0.73927,-0.33210,0
xor-entrenamiento-180,0.43309,-0.90256,1
xor-entrenamiento-181,-0.82377,-0.62374,0
xor-entrenamiento-182,0.82150,-0.86401,1
xor-entrenamiento-183,-0.70592,0.93537,1
xor-entrenamiento-184,0.48828,-0.60426,1
xor-entrenamiento-185,0.98125,-0.93862,1
xor-entrenamiento-186,0.72333,0.99748,0
xor-entrenamiento-187,-0.66868,0.80568,1
xor-entrenamiento-188,0.83953,-0.88669,1
xor-entrenamiento-189,0.85666,-0.64712,1
xor-entrenamiento-190,-0.83078,0.93214,1
xor-entrenamiento-191,-0.77222,0.70797,1
