caso_id,horas_previstas,potencia_prevista_kw,lectura_cierre_kwh,consumo_final_kwh
interaccion-entrenamiento-001,9.240,7.180,1055.900,55.900
interaccion-entrenamiento-002,6.070,2.450,1014.414,14.414
interaccion-entrenamiento-003,9.060,2.800,1023.284,23.284
interaccion-entrenamiento-004,6.210,5.120,1028.553,28.553
interaccion-entrenamiento-005,4.350,6.600,1025.810,25.810
interaccion-entrenamiento-006,9.180,7.030,1054.173,54.173
interaccion-entrenamiento-007,2.630,7.900,1019.676,19.676
interaccion-entrenamiento-008,6.690,2.690,1016.722,16.722
interaccion-entrenamiento-009,6.680,2.800,1019.776,19.776
interaccion-entrenamiento-010,6.070,7.710,1040.312,40.312
interaccion-entrenamiento-011,4.700,5.760,1024.783,24.783
interaccion-entrenamiento-012,8.320,5.690,1040.359,40.359
interaccion-entrenamiento-013,4.690,2.980,1013.973,13.973
interaccion-entrenamiento-014,4.430,6.580,1026.463,26.463
interaccion-entrenamiento-015,9.930,4.950,1042.439,42.439
interaccion-entrenamiento-016,7.340,3.140,1021.547,21.547
interaccion-entrenamiento-017,3.570,4.820,1017.718,17.718
interaccion-entrenamiento-018,4.130,4.270,1017.653,17.653
interaccion-entrenamiento-019,3.130,7.600,1021.889,21.889
interaccion-entrenamiento-020,9.730,4.240,1035.525,35.525
interaccion-entrenamiento-021,5.440,2.960,1016.011,16.011
interaccion-entrenamiento-022,9.990,4.430,1038.206,38.206
interaccion-entrenamiento-023,6.610,7.590,1043.119,43.119
interaccion-entrenamiento-024,7.860,4.030,1028.483,28.483
interaccion-entrenamiento-025,6.720,3.570,1022.276,22.276
interaccion-entrenamiento-026,3.520,5.200,1016.322,16.322
interaccion-entrenamiento-027,6.430,6.100,1034.990,34.990
interaccion-entrenamiento-028,7.410,4.440,1029.421,29.421
interaccion-entrenamiento-029,8.150,7.030,1049.238,49.238
interaccion-entrenamiento-030,5.570,7.690,1036.501,36.501
interaccion-entrenamiento-031,8.890,6.330,1048.352,48.352
interaccion-entrenamiento-032,8.220,7.170,1050.012,50.012
interaccion-entrenamiento-033,3.420,5.750,1018.479,18.479
interaccion-entrenamiento-034,6.720,4.190,1025.320,25.320
interaccion-entrenamiento-035,5.990,6.840,1035.021,35.021
interaccion-entrenamiento-036,5.180,4.030,1019.953,19.953
interaccion-entrenamiento-037,8.880,7.160,1053.939,53.939
interaccion-entrenamiento-038,5.930,6.090,1031.410,31.410
interaccion-entrenamiento-039,3.960,3.970,1015.419,15.419
interaccion-entrenamiento-040,3.710,6.480,1021.736,21.736
interaccion-entrenamiento-041,4.670,4.010,1017.591,17.591
interaccion-entrenamiento-042,8.560,3.310,1026.250,26.250
interaccion-entrenamiento-043,7.240,2.590,1017.485,17.485
interaccion-entrenamiento-044,2.920,4.600,1014.001,14.001
interaccion-entrenamiento-045,7.310,6.130,1039.609,39.609
interaccion-entrenamiento-046,5.650,3.710,1019.544,19.544
interaccion-entrenamiento-047,8.560,7.060,1050.436,50.436
interaccion-entrenamiento-048,6.860,3.920,1024.197,24.197
interaccion-entrenamiento-049,3.710,6.380,1022.993,22.993
interaccion-entrenamiento-050,6.420,7.380,1041.962,41.962
interaccion-entrenamiento-051,7.820,6.610,1043.296,43.296
interaccion-entrenamiento-052,5.590,4.960,1025.996,25.996
interaccion-entrenamiento-053,5.470,4.420,1021.681,21.681
interaccion-entrenamiento-054,5.890,7.730,1039.139,39.139
interaccion-entrenamiento-055,4.900,2.830,1013.869,13.869
interaccion-entrenamiento-056,6.830,4.120,1025.158,25.158
interaccion-entrenamiento-057,7.230,4.110,1026.391,26.391
interaccion-entrenamiento-058,4.820,6.810,1029.991,29.991
interaccion-entrenamiento-059,6.140,6.070,1032.289,32.289
interaccion-entrenamiento-060,2.040,5.060,1011.066,11.066
interaccion-entrenamiento-061,8.490,6.920,1050.168,50.168
interaccion-entrenamiento-062,6.740,4.990,1030.201,30.201
interaccion-entrenamiento-063,4.360,7.790,1030.301,30.301
interaccion-entrenamiento-064,7.560,6.830,1044.367,44.367
interaccion-entrenamiento-065,2.450,6.990,1016.421,16.421
interaccion-entrenamiento-066,6.720,2.990,1020.262,20.262
interaccion-entrenamiento-067,3.060,7.890,1022.900,22.900
interaccion-entrenamiento-068,5.410,4.170,1020.949,20.949
interaccion-entrenamiento-069,4.760,7.410,1031.189,31.189
interaccion-entrenamiento-070,5.070,5.350,1024.738,24.738
interaccion-entrenamiento-071,8.660,5.320,1040.244,40.244
interaccion-entrenamiento-072,7.650,3.680,1024.995,24.995
interaccion-entrenamiento-073,4.680,4.890,1021.714,21.714
interaccion-entrenamiento-074,3.070,4.110,1013.860,13.860
interaccion-entrenamiento-075,3.740,4.840,1017.802,17.802
interaccion-entrenamiento-076,2.140,3.180,1007.975,7.975
interaccion-entrenamiento-077,4.000,2.150,1010.359,10.359
interaccion-entrenamiento-078,2.930,2.460,1009.139,9.139
interaccion-entrenamiento-079,5.320,4.900,1024.739,24.739
interaccion-entrenamiento-080,5.390,6.950,1033.811,33.811
interaccion-entrenamiento-081,6.340,5.770,1032.970,32.970
interaccion-entrenamiento-082,4.210,4.260,1016.734,16.734
interaccion-entrenamiento-083,3.950,4.410,1017.550,17.550
interaccion-entrenamiento-084,6.880,4.040,1026.063,26.063
interaccion-entrenamiento-085,8.300,3.370,1025.142,25.142
interaccion-entrenamiento-086,7.850,4.520,1030.756,30.756
interaccion-entrenamiento-087,4.480,7.150,1027.833,27.833
interaccion-entrenamiento-088,3.100,4.080,1013.594,13.594
interaccion-entrenamiento-089,5.970,3.400,1019.502,19.502
interaccion-entrenamiento-090,5.380,7.990,1037.209,37.209
interaccion-entrenamiento-091,6.400,3.520,1019.927,19.927
interaccion-entrenamiento-092,3.190,5.260,1017.654,17.654
interaccion-entrenamiento-093,8.590,4.630,1034.547,34.547
interaccion-entrenamiento-094,4.790,5.550,1024.840,24.840
interaccion-entrenamiento-095,2.300,4.020,1010.498,10.498
interaccion-entrenamiento-096,4.920,7.530,1032.930,32.930
