caso_id,senal_a,senal_b
anomalias-calibracion-001,77.29,63.03
anomalias-calibracion-002,63.38,72.97
anomalias-calibracion-003,27.35,37.28
anomalias-calibracion-004,65.53,66.12
anomalias-calibracion-005,18.10,36.25
anomalias-calibracion-006,33.84,24.93
anomalias-calibracion-007,63.58,62.38
anomalias-calibracion-008,61.76,61.70
anomalias-calibracion-009,79.83,58.31
anomalias-calibracion-010,32.49,41.67
anomalias-calibracion-011,64.53,57.69
anomalias-calibracion-012,22.72,23.76
anomalias-calibracion-013,38.38,36.08
anomalias-calibracion-014,61.07,65.07
anomalias-calibracion-015,69.32,65.66
anomalias-calibracion-016,61.93,65.87
anomalias-calibracion-017,72.51,73.38
anomalias-calibracion-018,30.12,37.47
anomalias-calibracion-019,77.69,63.70
anomalias-calibracion-020,37.45,36.20
anomalias-calibracion-021,71.84,70.05
anomalias-calibracion-022,60.54,54.26
anomalias-calibracion-023,37.14,34.34
anomalias-calibracion-024,25.97,31.81
anomalias-calibracion-025,68.50,68.52
anomalias-calibracion-026,24.06,31.20
anomalias-calibracion-027,67.61,58.79
anomalias-calibracion-028,73.57,60.04
anomalias-calibracion-029,20.38,25.49
anomalias-calibracion-030,33.66,38.97
anomalias-calibracion-031,66.93,62.28
anomalias-calibracion-032,16.60,31.98
anomalias-calibracion-033,66.15,63.29
anomalias-calibracion-034,31.51,38.29
anomalias-calibracion-035,83.00,62.38
anomalias-calibracion-036,28.32,31.20
anomalias-calibracion-037,29.50,43.20
anomalias-calibracion-038,62.81,66.25
anomalias-calibracion-039,65.49,55.65
anomalias-calibracion-040,28.52,29.71
anomalias-calibracion-041,63.82,61.67
anomalias-calibracion-042,76.70,68.29
anomalias-calibracion-043,34.90,34.54
anomalias-calibracion-044,28.62,38.91
anomalias-calibracion-045,77.46,55.19
anomalias-calibracion-046,74.44,69.01
anomalias-calibracion-047,61.70,57.58
anomalias-calibracion-048,24.92,34.17
anomalias-calibracion-049,24.61,29.70
anomalias-calibracion-050,76.75,59.00
anomalias-calibracion-051,34.66,33.56
anomalias-calibracion-052,29.19,31.96
anomalias-calibracion-053,60.00,62.43
anomalias-calibracion-054,76.81,66.09
anomalias-calibracion-055,29.96,37.24
anomalias-calibracion-056,27.74,30.53
anomalias-calibracion-057,20.55,40.57
anomalias-calibracion-058,36.94,38.31
anomalias-calibracion-059,26.13,35.53
anomalias-calibracion-060,35.05,35.60
