caso_id,senal_a,senal_b,anomalia_sintetica
anomalias-prueba-001,27.70,75.61,1
anomalias-prueba-002,19.39,40.18,0
anomalias-prueba-003,33.59,36.54,0
anomalias-prueba-004,75.42,59.85,0
anomalias-prueba-005,24.65,32.45,0
anomalias-prueba-006,69.14,61.64,0
anomalias-prueba-007,61.54,71.03,0
anomalias-prueba-008,28.92,38.69,0
anomalias-prueba-009,32.53,32.74,0
anomalias-prueba-010,70.73,64.77,0
anomalias-prueba-011,44.72,40.07,1
anomalias-prueba-012,70.11,59.72,0
anomalias-prueba-013,28.89,22.75,0
anomalias-prueba-014,32.22,36.30,0
anomalias-prueba-015,40.14,41.04,0
anomalias-prueba-016,40.31,38.71,1
anomalias-prueba-017,57.38,41.81,1
anomalias-prueba-018,69.64,26.27,1
anomalias-prueba-019,32.23,30.71,0
anomalias-prueba-020,72.10,56.04,0
anomalias-prueba-021,41.82,40.68,1
anomalias-prueba-022,65.60,64.30,0
anomalias-prueba-023,25.07,35.44,0
anomalias-prueba-024,76.27,69.83,0
anomalias-prueba-025,23.24,34.26,0
anomalias-prueba-026,37.86,37.45,0
anomalias-prueba-027,30.11,38.27,0
anomalias-prueba-028,28.63,32.54,0
anomalias-prueba-029,31.59,75.53,1
anomalias-prueba-030,62.65,67.33,0
anomalias-prueba-031,67.29,65.71,0
anomalias-prueba-032,67.57,32.40,1
anomalias-prueba-033,64.04,64.04,0
anomalias-prueba-034,32.13,30.36,0
anomalias-prueba-035,33.49,32.43,0
anomalias-prueba-036,27.32,28.65,0
anomalias-prueba-037,33.40,38.56,0
anomalias-prueba-038,74.79,67.75,0
anomalias-prueba-039,67.03,68.22,0
anomalias-prueba-040,73.35,73.69,0
anomalias-prueba-041,40.51,45.60,0
anomalias-prueba-042,70.44,59.31,0
anomalias-prueba-043,23.41,37.83,0
anomalias-prueba-044,34.11,34.02,0
anomalias-prueba-045,56.17,63.44,0
anomalias-prueba-046,31.46,38.54,0
anomalias-prueba-047,64.33,58.17,0
anomalias-prueba-048,72.83,53.74,0
anomalias-prueba-049,28.01,33.49,0
anomalias-prueba-050,72.56,64.67,0
anomalias-prueba-051,38.30,41.32,0
anomalias-prueba-052,34.94,28.96,0
anomalias-prueba-053,64.82,66.23,0
anomalias-prueba-054,42.84,36.72,1
anomalias-prueba-055,66.41,63.74,0
anomalias-prueba-056,74.93,70.58,0
anomalias-prueba-057,61.54,69.13,0
anomalias-prueba-058,59.08,52.89,1
anomalias-prueba-059,72.52,33.39,1
anomalias-prueba-060,37.47,35.02,0
anomalias-prueba-061,62.17,76.70,0
anomalias-prueba-062,24.65,30.99,0
anomalias-prueba-063,67.66,62.02,0
anomalias-prueba-064,35.74,26.08,0
anomalias-prueba-065,38.57,40.93,0
anomalias-prueba-066,70.46,66.65,0
anomalias-prueba-067,71.42,64.06,0
anomalias-prueba-068,28.23,41.38,0
anomalias-prueba-069,25.95,70.35,1
anomalias-prueba-070,35.23,36.98,0
anomalias-prueba-071,67.51,65.64,0
anomalias-prueba-072,61.86,72.65,0
anomalias-prueba-073,57.94,59.95,1
anomalias-prueba-074,68.16,66.99,0
anomalias-prueba-075,30.25,67.54,1
anomalias-prueba-076,69.03,64.92,0
anomalias-prueba-077,31.66,38.78,0
anomalias-prueba-078,71.69,72.43,0
anomalias-prueba-079,58.79,53.68,1
anomalias-prueba-080,64.31,35.26,1
