imagen_id,escena_id,real,prediccion,candidato,p_horizontal,p_vertical,p_diagonal
u21-entrenamiento-000-v0,u21-entrenamiento-000,0,0,prevalencia,0.3333333333333333,0.3333333333333333,0.3333333333333333
u21-entrenamiento-000-v1,u21-entrenamiento-000,0,0,prevalencia,0.3333333333333333,0.3333333333333333,0.3333333333333333
u21-entrenamiento-001-v0,u21-entrenamiento-001,1,0,prevalencia,0.3333333333333333,0.3333333333333333,0.3333333333333333
u21-entrenamiento-001-v1,u21-entrenamiento-001,1,0,prevalencia,0.3333333333333333,0.3333333333333333,0.3333333333333333
u21-entrenamiento-002-v0,u21-entrenamiento-002,2,0,prevalencia,0.3333333333333333,0.3333333333333333,0.3333333333333333
u21-entrenamiento-002-v1,u21-entrenamiento-002,2,0,prevalencia,0.3333333333333333,0.3333333333333333,0.3333333333333333
u21-entrenamiento-003-v0,u21-entrenamiento-003,0,0,prevalencia,0.3333333333333333,0.3333333333333333,0.3333333333333333
u21-entrenamiento-003-v1,u21-entrenamiento-003,0,0,prevalencia,0.3333333333333333,0.3333333333333333,0.3333333333333333
u21-entrenamiento-004-v0,u21-entrenamiento-004,1,0,prevalencia,0.3333333333333333,0.3333333333333333,0.3333333333333333
u21-entrenamiento-004-v1,u21-entrenamiento-004,1,0,prevalencia,0.3333333333333333,0.3333333333333333,0.3333333333333333
u21-entrenamiento-005-v0,u21-entrenamiento-005,2,0,prevalencia,0.3333333333333333,0.3333333333333333,0.3333333333333333
u21-entrenamiento-005-v1,u21-entrenamiento-005,2,0,prevalencia,0.3333333333333333,0.3333333333333333,0.3333333333333333
u21-entrenamiento-006-v0,u21-entrenamiento-006,0,0,prevalencia,0.3333333333333333,0.3333333333333333,0.3333333333333333
u21-entrenamiento-006-v1,u21-entrenamiento-006,0,0,prevalencia,0.3333333333333333,0.3333333333333333,0.3333333333333333
u21-entrenamiento-007-v0,u21-entrenamiento-007,1,0,prevalencia,0.3333333333333333,0.3333333333333333,0.3333333333333333
u21-entrenamiento-007-v1,u21-entrenamiento-007,1,0,prevalencia,0.3333333333333333,0.3333333333333333,0.3333333333333333
u21-entrenamiento-008-v0,u21-entrenamiento-008,2,0,prevalencia,0.3333333333333333,0.3333333333333333,0.3333333333333333
u21-entrenamiento-008-v1,u21-entrenamiento-008,2,0,prevalencia,0.3333333333333333,0.3333333333333333,0.3333333333333333
u21-entrenamiento-009-v0,u21-entrenamiento-009,0,0,prevalencia,0.3333333333333333,0.3333333333333333,0.3333333333333333
u21-entrenamiento-009-v1,u21-entrenamiento-009,0,0,prevalencia,0.3333333333333333,0.3333333333333333,0.3333333333333333
u21-entrenamiento-010-v0,u21-entrenamiento-010,1,0,prevalencia,0.3333333333333333,0.3333333333333333,0.3333333333333333
u21-entrenamiento-010-v1,u21-entrenamiento-010,1,0,prevalencia,0.3333333333333333,0.3333333333333333,0.3333333333333333
u21-entrenamiento-011-v0,u21-entrenamiento-011,2,0,prevalencia,0.3333333333333333,0.3333333333333333,0.3333333333333333
u21-entrenamiento-011-v1,u21-entrenamiento-011,2,0,prevalencia,0.3333333333333333,0.3333333333333333,0.3333333333333333
u21-entrenamiento-012-v0,u21-entrenamiento-012,0,0,prevalencia,0.3333333333333333,0.3333333333333333,0.3333333333333333
u21-entrenamiento-012-v1,u21-entrenamiento-012,0,0,prevalencia,0.3333333333333333,0.3333333333333333,0.3333333333333333
u21-entrenamiento-013-v0,u21-entrenamiento-013,1,0,prevalencia,0.3333333333333333,0.3333333333333333,0.3333333333333333
u21-entrenamiento-013-v1,u21-entrenamiento-013,1,0,prevalencia,0.3333333333333333,0.3333333333333333,0.3333333333333333
u21-entrenamiento-014-v0,u21-entrenamiento-014,2,0,prevalencia,0.3333333333333333,0.3333333333333333,0.3333333333333333
u21-entrenamiento-014-v1,u21-entrenamiento-014,2,0,prevalencia,0.3333333333333333,0.3333333333333333,0.3333333333333333
u21-entrenamiento-015-v0,u21-entrenamiento-015,0,0,prevalencia,0.3333333333333333,0.3333333333333333,0.3333333333333333
u21-entrenamiento-015-v1,u21-entrenamiento-015,0,0,prevalencia,0.3333333333333333,0.3333333333333333,0.3333333333333333
u21-entrenamiento-016-v0,u21-entrenamiento-016,1,0,prevalencia,0.3333333333333333,0.3333333333333333,0.3333333333333333
u21-entrenamiento-016-v1,u21-entrenamiento-016,1,0,prevalencia,0.3333333333333333,0.3333333333333333,0.3333333333333333
u21-entrenamiento-017-v0,u21-entrenamiento-017,2,0,prevalencia,0.3333333333333333,0.3333333333333333,0.3333333333333333
u21-entrenamiento-017-v1,u21-entrenamiento-017,2,0,prevalencia,0.3333333333333333,0.3333333333333333,0.3333333333333333
u21-entrenamiento-018-v0,u21-entrenamiento-018,0,0,prevalencia,0.3333333333333333,0.3333333333333333,0.3333333333333333
u21-entrenamiento-018-v1,u21-entrenamiento-018,0,0,prevalencia,0.3333333333333333,0.3333333333333333,0.3333333333333333
u21-entrenamiento-019-v0,u21-entrenamiento-019,1,0,prevalencia,0.3333333333333333,0.3333333333333333,0.3333333333333333
u21-entrenamiento-019-v1,u21-entrenamiento-019,1,0,prevalencia,0.3333333333333333,0.3333333333333333,0.3333333333333333
u21-entrenamiento-020-v0,u21-entrenamiento-020,2,0,prevalencia,0.3333333333333333,0.3333333333333333,0.3333333333333333
u21-entrenamiento-020-v1,u21-entrenamiento-020,2,0,prevalencia,0.3333333333333333,0.3333333333333333,0.3333333333333333
u21-entrenamiento-021-v0,u21-entrenamiento-021,0,0,prevalencia,0.3333333333333333,0.3333333333333333,0.3333333333333333
u21-entrenamiento-021-v1,u21-entrenamiento-021,0,0,prevalencia,0.3333333333333333,0.3333333333333333,0.3333333333333333
u21-entrenamiento-022-v0,u21-entrenamiento-022,1,0,prevalencia,0.3333333333333333,0.3333333333333333,0.3333333333333333
u21-entrenamiento-022-v1,u21-entrenamiento-022,1,0,prevalencia,0.3333333333333333,0.3333333333333333,0.3333333333333333
u21-entrenamiento-023-v0,u21-entrenamiento-023,2,0,prevalencia,0.3333333333333333,0.3333333333333333,0.3333333333333333
u21-entrenamiento-023-v1,u21-entrenamiento-023,2,0,prevalencia,0.3333333333333333,0.3333333333333333,0.3333333333333333
u21-entrenamiento-024-v0,u21-entrenamiento-024,0,0,prevalencia,0.3333333333333333,0.3333333333333333,0.3333333333333333
u21-entrenamiento-024-v1,u21-entrenamiento-024,0,0,prevalencia,0.3333333333333333,0.3333333333333333,0.3333333333333333
u21-entrenamiento-025-v0,u21-entrenamiento-025,1,0,prevalencia,0.3333333333333333,0.3333333333333333,0.3333333333333333
u21-entrenamiento-025-v1,u21-entrenamiento-025,1,0,prevalencia,0.3333333333333333,0.3333333333333333,0.3333333333333333
u21-entrenamiento-026-v0,u21-entrenamiento-026,2,0,prevalencia,0.3333333333333333,0.3333333333333333,0.3333333333333333
u21-entrenamiento-026-v1,u21-entrenamiento-026,2,0,prevalencia,0.3333333333333333,0.3333333333333333,0.3333333333333333
u21-entrenamiento-027-v0,u21-entrenamiento-027,0,0,prevalencia,0.3333333333333333,0.3333333333333333,0.3333333333333333
u21-entrenamiento-027-v1,u21-entrenamiento-027,0,0,prevalencia,0.3333333333333333,0.3333333333333333,0.3333333333333333
u21-entrenamiento-028-v0,u21-entrenamiento-028,1,0,prevalencia,0.3333333333333333,0.3333333333333333,0.3333333333333333
u21-entrenamiento-028-v1,u21-entrenamiento-028,1,0,prevalencia,0.3333333333333333,0.3333333333333333,0.3333333333333333
u21-entrenamiento-029-v0,u21-entrenamiento-029,2,0,prevalencia,0.3333333333333333,0.3333333333333333,0.3333333333333333
u21-entrenamiento-029-v1,u21-entrenamiento-029,2,0,prevalencia,0.3333333333333333,0.3333333333333333,0.3333333333333333
u21-entrenamiento-030-v0,u21-entrenamiento-030,0,0,prevalencia,0.3333333333333333,0.3333333333333333,0.3333333333333333
u21-entrenamiento-030-v1,u21-entrenamiento-030,0,0,prevalencia,0.3333333333333333,0.3333333333333333,0.3333333333333333
u21-entrenamiento-031-v0,u21-entrenamiento-031,1,0,prevalencia,0.3333333333333333,0.3333333333333333,0.3333333333333333
u21-entrenamiento-031-v1,u21-entrenamiento-031,1,0,prevalencia,0.3333333333333333,0.3333333333333333,0.3333333333333333
u21-entrenamiento-032-v0,u21-entrenamiento-032,2,0,prevalencia,0.3333333333333333,0.3333333333333333,0.3333333333333333
u21-entrenamiento-032-v1,u21-entrenamiento-032,2,0,prevalencia,0.3333333333333333,0.3333333333333333,0.3333333333333333
u21-entrenamiento-033-v0,u21-entrenamiento-033,0,0,prevalencia,0.3333333333333333,0.3333333333333333,0.3333333333333333
u21-entrenamiento-033-v1,u21-entrenamiento-033,0,0,prevalencia,0.3333333333333333,0.3333333333333333,0.3333333333333333
u21-entrenamiento-034-v0,u21-entrenamiento-034,1,0,prevalencia,0.3333333333333333,0.3333333333333333,0.3333333333333333
u21-entrenamiento-034-v1,u21-entrenamiento-034,1,0,prevalencia,0.3333333333333333,0.3333333333333333,0.3333333333333333
u21-entrenamiento-035-v0,u21-entrenamiento-035,2,0,prevalencia,0.3333333333333333,0.3333333333333333,0.3333333333333333
u21-entrenamiento-035-v1,u21-entrenamiento-035,2,0,prevalencia,0.3333333333333333,0.3333333333333333,0.3333333333333333
u21-entrenamiento-036-v0,u21-entrenamiento-036,0,0,prevalencia,0.3333333333333333,0.3333333333333333,0.3333333333333333
u21-entrenamiento-036-v1,u21-entrenamiento-036,0,0,prevalencia,0.3333333333333333,0.3333333333333333,0.3333333333333333
u21-entrenamiento-037-v0,u21-entrenamiento-037,1,0,prevalencia,0.3333333333333333,0.3333333333333333,0.3333333333333333
u21-entrenamiento-037-v1,u21-entrenamiento-037,1,0,prevalencia,0.3333333333333333,0.3333333333333333,0.3333333333333333
u21-entrenamiento-038-v0,u21-entrenamiento-038,2,0,prevalencia,0.3333333333333333,0.3333333333333333,0.3333333333333333
u21-entrenamiento-038-v1,u21-entrenamiento-038,2,0,prevalencia,0.3333333333333333,0.3333333333333333,0.3333333333333333
u21-entrenamiento-039-v0,u21-entrenamiento-039,0,0,prevalencia,0.3333333333333333,0.3333333333333333,0.3333333333333333
u21-entrenamiento-039-v1,u21-entrenamiento-039,0,0,prevalencia,0.3333333333333333,0.3333333333333333,0.3333333333333333
u21-entrenamiento-040-v0,u21-entrenamiento-040,1,0,prevalencia,0.3333333333333333,0.3333333333333333,0.3333333333333333
u21-entrenamiento-040-v1,u21-entrenamiento-040,1,0,prevalencia,0.3333333333333333,0.3333333333333333,0.3333333333333333
u21-entrenamiento-041-v0,u21-entrenamiento-041,2,0,prevalencia,0.3333333333333333,0.3333333333333333,0.3333333333333333
u21-entrenamiento-041-v1,u21-entrenamiento-041,2,0,prevalencia,0.3333333333333333,0.3333333333333333,0.3333333333333333
u21-entrenamiento-042-v0,u21-entrenamiento-042,0,0,prevalencia,0.3333333333333333,0.3333333333333333,0.3333333333333333
u21-entrenamiento-042-v1,u21-entrenamiento-042,0,0,prevalencia,0.3333333333333333,0.3333333333333333,0.3333333333333333
u21-entrenamiento-043-v0,u21-entrenamiento-043,1,0,prevalencia,0.3333333333333333,0.3333333333333333,0.3333333333333333
u21-entrenamiento-043-v1,u21-entrenamiento-043,1,0,prevalencia,0.3333333333333333,0.3333333333333333,0.3333333333333333
u21-entrenamiento-044-v0,u21-entrenamiento-044,2,0,prevalencia,0.3333333333333333,0.3333333333333333,0.3333333333333333
u21-entrenamiento-044-v1,u21-entrenamiento-044,2,0,prevalencia,0.3333333333333333,0.3333333333333333,0.3333333333333333
u21-entrenamiento-045-v0,u21-entrenamiento-045,0,0,prevalencia,0.3333333333333333,0.3333333333333333,0.3333333333333333
u21-entrenamiento-045-v1,u21-entrenamiento-045,0,0,prevalencia,0.3333333333333333,0.3333333333333333,0.3333333333333333
u21-entrenamiento-046-v0,u21-entrenamiento-046,1,0,prevalencia,0.3333333333333333,0.3333333333333333,0.3333333333333333
u21-entrenamiento-046-v1,u21-entrenamiento-046,1,0,prevalencia,0.3333333333333333,0.3333333333333333,0.3333333333333333
u21-entrenamiento-047-v0,u21-entrenamiento-047,2,0,prevalencia,0.3333333333333333,0.3333333333333333,0.3333333333333333
u21-entrenamiento-047-v1,u21-entrenamiento-047,2,0,prevalencia,0.3333333333333333,0.3333333333333333,0.3333333333333333
u21-entrenamiento-048-v0,u21-entrenamiento-048,0,0,prevalencia,0.3333333333333333,0.3333333333333333,0.3333333333333333
u21-entrenamiento-048-v1,u21-entrenamiento-048,0,0,prevalencia,0.3333333333333333,0.3333333333333333,0.3333333333333333
u21-entrenamiento-049-v0,u21-entrenamiento-049,1,0,prevalencia,0.3333333333333333,0.3333333333333333,0.3333333333333333
u21-entrenamiento-049-v1,u21-entrenamiento-049,1,0,prevalencia,0.3333333333333333,0.3333333333333333,0.3333333333333333
u21-entrenamiento-050-v0,u21-entrenamiento-050,2,0,prevalencia,0.3333333333333333,0.3333333333333333,0.3333333333333333
u21-entrenamiento-050-v1,u21-entrenamiento-050,2,0,prevalencia,0.3333333333333333,0.3333333333333333,0.3333333333333333
u21-entrenamiento-051-v0,u21-entrenamiento-051,0,0,prevalencia,0.3333333333333333,0.3333333333333333,0.3333333333333333
u21-entrenamiento-051-v1,u21-entrenamiento-051,0,0,prevalencia,0.3333333333333333,0.3333333333333333,0.3333333333333333
u21-entrenamiento-052-v0,u21-entrenamiento-052,1,0,prevalencia,0.3333333333333333,0.3333333333333333,0.3333333333333333
u21-entrenamiento-052-v1,u21-entrenamiento-052,1,0,prevalencia,0.3333333333333333,0.3333333333333333,0.3333333333333333
u21-entrenamiento-053-v0,u21-entrenamiento-053,2,0,prevalencia,0.3333333333333333,0.3333333333333333,0.3333333333333333
u21-entrenamiento-053-v1,u21-entrenamiento-053,2,0,prevalencia,0.3333333333333333,0.3333333333333333,0.3333333333333333
u21-entrenamiento-054-v0,u21-entrenamiento-054,0,0,prevalencia,0.3333333333333333,0.3333333333333333,0.3333333333333333
u21-entrenamiento-054-v1,u21-entrenamiento-054,0,0,prevalencia,0.3333333333333333,0.3333333333333333,0.3333333333333333
u21-entrenamiento-055-v0,u21-entrenamiento-055,1,0,prevalencia,0.3333333333333333,0.3333333333333333,0.3333333333333333
u21-entrenamiento-055-v1,u21-entrenamiento-055,1,0,prevalencia,0.3333333333333333,0.3333333333333333,0.3333333333333333
u21-entrenamiento-056-v0,u21-entrenamiento-056,2,0,prevalencia,0.3333333333333333,0.3333333333333333,0.3333333333333333
u21-entrenamiento-056-v1,u21-entrenamiento-056,2,0,prevalencia,0.3333333333333333,0.3333333333333333,0.3333333333333333
u21-entrenamiento-057-v0,u21-entrenamiento-057,0,0,prevalencia,0.3333333333333333,0.3333333333333333,0.3333333333333333
u21-entrenamiento-057-v1,u21-entrenamiento-057,0,0,prevalencia,0.3333333333333333,0.3333333333333333,0.3333333333333333
u21-entrenamiento-058-v0,u21-entrenamiento-058,1,0,prevalencia,0.3333333333333333,0.3333333333333333,0.3333333333333333
u21-entrenamiento-058-v1,u21-entrenamiento-058,1,0,prevalencia,0.3333333333333333,0.3333333333333333,0.3333333333333333
u21-entrenamiento-059-v0,u21-entrenamiento-059,2,0,prevalencia,0.3333333333333333,0.3333333333333333,0.3333333333333333
u21-entrenamiento-059-v1,u21-entrenamiento-059,2,0,prevalencia,0.3333333333333333,0.3333333333333333,0.3333333333333333
u21-entrenamiento-000-v0,u21-entrenamiento-000,0,0,lineal,0.9893377782976515,0.009603627589685698,0.0010585941126629913
u21-entrenamiento-000-v1,u21-entrenamiento-000,0,0,lineal,0.9873392579146967,0.011479666984979812,0.0011810751003235869
u21-entrenamiento-001-v0,u21-entrenamiento-001,1,1,lineal,0.0699087700184456,0.8899786857504131,0.04011254423114134
u21-entrenamiento-001-v1,u21-entrenamiento-001,1,1,lineal,0.03470407027866087,0.9363444001759207,0.028951529545418464
u21-entrenamiento-002-v0,u21-entrenamiento-002,2,2,lineal,0.00964604610468952,0.027779587417051665,0.9625743664782588
u21-entrenamiento-002-v1,u21-entrenamiento-002,2,2,lineal,0.008899092772778776,0.10831287459591651,0.8827880326313048
u21-entrenamiento-003-v0,u21-entrenamiento-003,0,0,lineal,0.989898845091226,0.0030614337011660307,0.007039721207608115
u21-entrenamiento-003-v1,u21-entrenamiento-003,0,0,lineal,0.9849310387171106,0.0050121285827049895,0.010056832700184285
u21-entrenamiento-004-v0,u21-entrenamiento-004,1,1,lineal,0.003813278446952688,0.9887103480627975,0.007476373490250015
u21-entrenamiento-004-v1,u21-entrenamiento-004,1,1,lineal,0.006822021180370622,0.9837110195361651,0.00946695928346404
u21-entrenamiento-005-v0,u21-entrenamiento-005,2,2,lineal,0.010726393748385597,0.014588497883039231,0.974685108368575
u21-entrenamiento-005-v1,u21-entrenamiento-005,2,2,lineal,0.0031078259408728304,0.0047295972796130925,0.9921625767795141
u21-entrenamiento-006-v0,u21-entrenamiento-006,0,0,lineal,0.8377709129193015,0.10449954390734974,0.057729543173348635
u21-entrenamiento-006-v1,u21-entrenamiento-006,0,0,lineal,0.6083635249143905,0.33880451351348595,0.05283196157212354
u21-entrenamiento-007-v0,u21-entrenamiento-007,1,1,lineal,0.011046725782633682,0.9764387078903582,0.012514566327008038
u21-entrenamiento-007-v1,u21-entrenamiento-007,1,1,lineal,0.015221159209850529,0.9612228217451159,0.023556019045033592
u21-entrenamiento-008-v0,u21-entrenamiento-008,2,2,lineal,0.008949504578874792,0.03156230922257398,0.9594881861985513
u21-entrenamiento-008-v1,u21-entrenamiento-008,2,2,lineal,0.02547737078807362,0.03432294975859361,0.9401996794533327
u21-entrenamiento-009-v0,u21-entrenamiento-009,0,0,lineal,0.9823050388170783,0.001703610234620534,0.015991350948301175
u21-entrenamiento-009-v1,u21-entrenamiento-009,0,0,lineal,0.9864986315206059,0.0023671827463723634,0.011134185733021804
u21-entrenamiento-010-v0,u21-entrenamiento-010,1,1,lineal,0.007497569895351694,0.9574795084450584,0.03502292165958987
u21-entrenamiento-010-v1,u21-entrenamiento-010,1,1,lineal,0.0042215548694884645,0.9665514770996431,0.02922696803086852
u21-entrenamiento-011-v0,u21-entrenamiento-011,2,2,lineal,0.05996884861456958,0.03805964266643819,0.9019715087189921
u21-entrenamiento-011-v1,u21-entrenamiento-011,2,2,lineal,0.047010495092185425,0.07703866319984463,0.87595084170797
u21-entrenamiento-012-v0,u21-entrenamiento-012,0,0,lineal,0.9948790516201027,0.0006525547797383752,0.004468393600158916
u21-entrenamiento-012-v1,u21-entrenamiento-012,0,0,lineal,0.9911607822274355,0.0012962151887465094,0.007543002583817954
u21-entrenamiento-013-v0,u21-entrenamiento-013,1,1,lineal,0.023691805078099242,0.9216997002954255,0.05460849462647522
u21-entrenamiento-013-v1,u21-entrenamiento-013,1,1,lineal,0.031216505689207426,0.8682444853296617,0.10053900898113097
u21-entrenamiento-014-v0,u21-entrenamiento-014,2,2,lineal,0.021549484618454618,0.02346658193019863,0.9549839334513468
u21-entrenamiento-014-v1,u21-entrenamiento-014,2,2,lineal,0.08996248941475243,0.014299870859674157,0.8957376397255735
u21-entrenamiento-015-v0,u21-entrenamiento-015,0,0,lineal,0.9392848830238646,0.014892330909185243,0.045822786066950214
u21-entrenamiento-015-v1,u21-entrenamiento-015,0,0,lineal,0.8421545596111957,0.08395992580910643,0.07388551457969801
u21-entrenamiento-016-v0,u21-entrenamiento-016,1,1,lineal,0.00905301358872441,0.9669034571674016,0.02404352924387398
u21-entrenamiento-016-v1,u21-entrenamiento-016,1,1,lineal,0.006309715937189168,0.9384908828060461,0.05519940125676487
u21-entrenamiento-017-v0,u21-entrenamiento-017,2,2,lineal,0.014166449167044995,0.047175191860624625,0.9386583589723304
u21-entrenamiento-017-v1,u21-entrenamiento-017,2,2,lineal,0.02316248958093029,0.014445173310171725,0.962392337108898
u21-entrenamiento-018-v0,u21-entrenamiento-018,0,0,lineal,0.9915634795167587,0.006854472806109031,0.0015820476771322256
u21-entrenamiento-018-v1,u21-entrenamiento-018,0,0,lineal,0.9706073988011419,0.027342672707036084,0.002049928491821994
u21-entrenamiento-019-v0,u21-entrenamiento-019,1,1,lineal,0.0486746565948281,0.8624495623979059,0.08887578100726602
u21-entrenamiento-019-v1,u21-entrenamiento-019,1,1,lineal,0.013716344158092924,0.9584218784961787,0.02786177734572848
u21-entrenamiento-020-v0,u21-entrenamiento-020,2,2,lineal,0.12217134653056604,0.10399283146446806,0.7738358220049658
u21-entrenamiento-020-v1,u21-entrenamiento-020,2,2,lineal,0.07831202018561297,0.04292428838244781,0.8787636914319393
u21-entrenamiento-021-v0,u21-entrenamiento-021,0,0,lineal,0.9895318243208259,0.002020229620381701,0.008447946058792425
u21-entrenamiento-021-v1,u21-entrenamiento-021,0,0,lineal,0.9924075326472687,0.0012007366360319341,0.006391730716699472
u21-entrenamiento-022-v0,u21-entrenamiento-022,1,1,lineal,0.006857180171596378,0.9871950663646198,0.005947753463783854
u21-entrenamiento-022-v1,u21-entrenamiento-022,1,1,lineal,0.010644597560337662,0.9767705220392288,0.01258488040043357
u21-entrenamiento-023-v0,u21-entrenamiento-023,2,2,lineal,0.009091278259220986,0.018714530700966375,0.9721941910398126
u21-entrenamiento-023-v1,u21-entrenamiento-023,2,2,lineal,0.006319538865504942,0.0169618872291759,0.9767185739053191
u21-entrenamiento-024-v0,u21-entrenamiento-024,0,0,lineal,0.9417927106655789,0.04512320815158067,0.013084081182840452
u21-entrenamiento-024-v1,u21-entrenamiento-024,0,0,lineal,0.9330362959888485,0.0521580399198663,0.01480566409128509
u21-entrenamiento-025-v0,u21-entrenamiento-025,1,1,lineal,0.0071907895219833,0.957987557059595,0.03482165341842177
u21-entrenamiento-025-v1,u21-entrenamiento-025,1,1,lineal,0.005975013723141514,0.9555332713632791,0.03849171491357933
u21-entrenamiento-026-v0,u21-entrenamiento-026,2,2,lineal,0.005303238762190272,0.02664442920713484,0.968052332030675
u21-entrenamiento-026-v1,u21-entrenamiento-026,2,2,lineal,0.004122135336420118,0.03310298925541846,0.9627748754081614
u21-entrenamiento-027-v0,u21-entrenamiento-027,0,0,lineal,0.9914719679254813,0.00031641781581558223,0.00821161425870294
u21-entrenamiento-027-v1,u21-entrenamiento-027,0,0,lineal,0.9178193342627146,0.0191348600448932,0.0630458056923922
u21-entrenamiento-028-v0,u21-entrenamiento-028,1,1,lineal,0.009766084797260597,0.9463233959779616,0.04391051922477785
u21-entrenamiento-028-v1,u21-entrenamiento-028,1,1,lineal,0.010884871975248928,0.9587799874831124,0.030335140541638737
u21-entrenamiento-029-v0,u21-entrenamiento-029,2,2,lineal,0.0005074988338408914,0.043077406022665764,0.9564150951434933
u21-entrenamiento-029-v1,u21-entrenamiento-029,2,2,lineal,0.00047572761067773056,0.030554504047143185,0.9689697683421791
u21-entrenamiento-030-v0,u21-entrenamiento-030,0,0,lineal,0.9709031831672349,0.01081010516653284,0.01828671166623229
u21-entrenamiento-030-v1,u21-entrenamiento-030,0,0,lineal,0.9626667207052606,0.012377801983312895,0.024955477311426565
u21-entrenamiento-031-v0,u21-entrenamiento-031,1,1,lineal,0.1010523481005953,0.7489775242978401,0.14997012760156456
u21-entrenamiento-031-v1,u21-entrenamiento-031,1,1,lineal,0.1197655387178925,0.8330746986358424,0.04715976264626518
u21-entrenamiento-032-v0,u21-entrenamiento-032,2,2,lineal,0.009419078275847882,0.07631072792829612,0.914270193795856
u21-entrenamiento-032-v1,u21-entrenamiento-032,2,2,lineal,0.008575720345638237,0.07113077919323485,0.920293500461127
u21-entrenamiento-033-v0,u21-entrenamiento-033,0,0,lineal,0.87779572972548,0.0958616584443233,0.026342611830196764
u21-entrenamiento-033-v1,u21-entrenamiento-033,0,0,lineal,0.5506813381249831,0.08373772955253658,0.36558093232248035
u21-entrenamiento-034-v0,u21-entrenamiento-034,1,1,lineal,0.20105872035938624,0.4041849328825565,0.3947563467580572
u21-entrenamiento-034-v1,u21-entrenamiento-034,1,1,lineal,0.2799088639487419,0.4228101746178065,0.2972809614334515
u21-entrenamiento-035-v0,u21-entrenamiento-035,2,2,lineal,0.05860590566165321,0.038262625987016186,0.9031314683513306
u21-entrenamiento-035-v1,u21-entrenamiento-035,2,2,lineal,0.04312528390175061,0.03684019289858955,0.92003452319966
u21-entrenamiento-036-v0,u21-entrenamiento-036,0,0,lineal,0.9049537776546065,0.02865493923307328,0.0663912831123203
u21-entrenamiento-036-v1,u21-entrenamiento-036,0,0,lineal,0.9537105806816931,0.021126859683042246,0.025162559635264425
u21-entrenamiento-037-v0,u21-entrenamiento-037,1,1,lineal,0.053488874751573705,0.8088571282781684,0.13765399697025796
u21-entrenamiento-037-v1,u21-entrenamiento-037,1,1,lineal,0.04118323516047357,0.8577165004229204,0.10110026441660602
u21-entrenamiento-038-v0,u21-entrenamiento-038,2,2,lineal,0.07527713623820262,0.05027229834454995,0.8744505654172475
u21-entrenamiento-038-v1,u21-entrenamiento-038,2,2,lineal,0.07033359159493605,0.08090102026869686,0.8487653881363671
u21-entrenamiento-039-v0,u21-entrenamiento-039,0,0,lineal,0.9648926445683338,0.005779941930716896,0.02932741350094945
u21-entrenamiento-039-v1,u21-entrenamiento-039,0,0,lineal,0.9724103797495345,0.00474167483077424,0.02284794541969126
u21-entrenamiento-040-v0,u21-entrenamiento-040,1,1,lineal,0.011102002104742397,0.8855174296189476,0.10338056827630998
u21-entrenamiento-040-v1,u21-entrenamiento-040,1,1,lineal,0.01726997554565166,0.8621905661726021,0.12053945828174618
u21-entrenamiento-041-v0,u21-entrenamiento-041,2,2,lineal,0.011179474938200212,0.005750466627283426,0.9830700584345164
u21-entrenamiento-041-v1,u21-entrenamiento-041,2,2,lineal,0.010905446358178425,0.004855584646047682,0.9842389689957739
u21-entrenamiento-042-v0,u21-entrenamiento-042,0,0,lineal,0.9924301626975396,0.006519002129231977,0.0010508351732283557
u21-entrenamiento-042-v1,u21-entrenamiento-042,0,0,lineal,0.9947588964072461,0.003749179512749537,0.0014919240800045713
u21-entrenamiento-043-v0,u21-entrenamiento-043,1,1,lineal,0.19088321715197148,0.7896411182315961,0.019475664616432544
u21-entrenamiento-043-v1,u21-entrenamiento-043,1,1,lineal,0.07341182158751783,0.9044129942074229,0.022175184205059175
u21-entrenamiento-044-v0,u21-entrenamiento-044,2,2,lineal,0.013671325844017793,0.04062121589911062,0.9457074582568716
u21-entrenamiento-044-v1,u21-entrenamiento-044,2,2,lineal,0.017191967371879634,0.024004981592032397,0.958803051036088
u21-entrenamiento-045-v0,u21-entrenamiento-045,0,0,lineal,0.9943346391845537,0.0024245806237124692,0.0032407801917338636
u21-entrenamiento-045-v1,u21-entrenamiento-045,0,0,lineal,0.984296729328755,0.009512745614539806,0.0061905250567052044
u21-entrenamiento-046-v0,u21-entrenamiento-046,1,1,lineal,0.0035339292511996413,0.9866841753807674,0.009781895368033087
u21-entrenamiento-046-v1,u21-entrenamiento-046,1,1,lineal,0.16209850184017738,0.7661590372833493,0.07174246087647328
u21-entrenamiento-047-v0,u21-entrenamiento-047,2,2,lineal,0.022225030623001452,0.033744732157999925,0.9440302372189985
u21-entrenamiento-047-v1,u21-entrenamiento-047,2,2,lineal,0.020880860573266637,0.03956009845077054,0.9395590409759629
u21-entrenamiento-048-v0,u21-entrenamiento-048,0,0,lineal,0.9985083477812766,0.00019605092618735657,0.0012956012925360997
u21-entrenamiento-048-v1,u21-entrenamiento-048,0,0,lineal,0.9954045293095625,0.00035887414513847027,0.004236596545299053
u21-entrenamiento-049-v0,u21-entrenamiento-049,1,1,lineal,0.001933676181383768,0.9892699496809823,0.008796374137633924
u21-entrenamiento-049-v1,u21-entrenamiento-049,1,1,lineal,0.003721295206368584,0.982892932247227,0.013385772546404433
u21-entrenamiento-050-v0,u21-entrenamiento-050,2,2,lineal,0.019792868801184357,0.08859493005250743,0.8916122011463081
u21-entrenamiento-050-v1,u21-entrenamiento-050,2,2,lineal,0.010168180461309299,0.06898004238699892,0.9208517771516918
u21-entrenamiento-051-v0,u21-entrenamiento-051,0,0,lineal,0.9980074908917764,0.00023522995811539986,0.0017572791501082828
u21-entrenamiento-051-v1,u21-entrenamiento-051,0,0,lineal,0.9969665603485733,0.0004669529383176799,0.00256648671310897
u21-entrenamiento-052-v0,u21-entrenamiento-052,1,1,lineal,0.062002664894459,0.9064405973956773,0.03155673770986368
u21-entrenamiento-052-v1,u21-entrenamiento-052,1,1,lineal,0.06421052201947791,0.9109570061977055,0.024832471782816626
u21-entrenamiento-053-v0,u21-entrenamiento-053,2,2,lineal,0.01158824162285558,0.00011780026054641133,0.988293958116598
u21-entrenamiento-053-v1,u21-entrenamiento-053,2,2,lineal,0.012685818966167368,0.014739800718553143,0.9725743803152795
u21-entrenamiento-054-v0,u21-entrenamiento-054,0,0,lineal,0.9365817190116796,0.032941836866306064,0.03047644412201445
u21-entrenamiento-054-v1,u21-entrenamiento-054,0,0,lineal,0.967077161211623,0.016228110133224553,0.016694728655152292
u21-entrenamiento-055-v0,u21-entrenamiento-055,1,1,lineal,0.11431770495436146,0.7810729754517316,0.10460931959390687
u21-entrenamiento-055-v1,u21-entrenamiento-055,1,1,lineal,0.14314590875397823,0.6138948636618545,0.24295922758416727
u21-entrenamiento-056-v0,u21-entrenamiento-056,2,2,lineal,0.003584255369897311,0.0035299294664755724,0.9928858151636271
u21-entrenamiento-056-v1,u21-entrenamiento-056,2,2,lineal,0.004422085611162268,0.0021737969532811727,0.9934041174355566
u21-entrenamiento-057-v0,u21-entrenamiento-057,0,0,lineal,0.9775636673817167,0.005594731627112833,0.016841600991170463
u21-entrenamiento-057-v1,u21-entrenamiento-057,0,0,lineal,0.9783575179660009,0.0054571101860093705,0.016185371847989804
u21-entrenamiento-058-v0,u21-entrenamiento-058,1,1,lineal,0.023585546150728283,0.9479920055400719,0.02842244830919974
u21-entrenamiento-058-v1,u21-entrenamiento-058,1,1,lineal,0.005525628895807272,0.9353523469759142,0.059122024128278494
u21-entrenamiento-059-v0,u21-entrenamiento-059,2,2,lineal,0.01909715241480041,0.03495566892905412,0.9459471786561454
u21-entrenamiento-059-v1,u21-entrenamiento-059,2,2,lineal,0.03119065311424527,0.037857783734283945,0.9309515631514708
u21-entrenamiento-000-v0,u21-entrenamiento-000,0,0,cnn,0.9840467096389711,0.004066024630534543,0.01188726573049431
u21-entrenamiento-000-v1,u21-entrenamiento-000,0,0,cnn,0.9804530637521599,0.008174721613357819,0.011372214634482347
u21-entrenamiento-001-v0,u21-entrenamiento-001,1,1,cnn,0.0011315550177428998,0.9988571894087599,1.1255573497202106e-05
u21-entrenamiento-001-v1,u21-entrenamiento-001,1,1,cnn,0.0003098063806792715,0.9996830603255082,7.133293812550465e-06
u21-entrenamiento-002-v0,u21-entrenamiento-002,2,2,cnn,2.008746606941717e-06,2.8149681941219937e-06,0.999995176285199
u21-entrenamiento-002-v1,u21-entrenamiento-002,2,2,cnn,2.1257013758328823e-05,8.092682725142537e-06,0.9999706503035165
u21-entrenamiento-003-v0,u21-entrenamiento-003,0,0,cnn,0.9998980221908707,1.0204649195520325e-05,9.177315993392139e-05
u21-entrenamiento-003-v1,u21-entrenamiento-003,0,0,cnn,0.9999394108117157,6.2728333724794815e-06,5.431635491188672e-05
u21-entrenamiento-004-v0,u21-entrenamiento-004,1,1,cnn,1.0536762421849011e-06,0.999968759021274,3.0187302483816143e-05
u21-entrenamiento-004-v1,u21-entrenamiento-004,1,1,cnn,2.2402062967162756e-07,0.9999714266294796,2.8349349890733722e-05
u21-entrenamiento-005-v0,u21-entrenamiento-005,2,2,cnn,1.9811882369064578e-08,6.40528508710379e-07,0.999999339659609
u21-entrenamiento-005-v1,u21-entrenamiento-005,2,2,cnn,1.917733240947805e-08,3.446610764327909e-07,0.999999636161591
u21-entrenamiento-006-v0,u21-entrenamiento-006,0,0,cnn,0.9996076346209257,0.00015585434180160747,0.000236511037272786
u21-entrenamiento-006-v1,u21-entrenamiento-006,0,0,cnn,0.9918744376650991,0.0016830277947418313,0.00644253454015904
u21-entrenamiento-007-v0,u21-entrenamiento-007,1,1,cnn,4.1360914238777456e-11,0.9999999489762962,5.098234282487094e-08
u21-entrenamiento-007-v1,u21-entrenamiento-007,1,1,cnn,7.6839711313197e-12,0.9999999850218306,1.4970485220818836e-08
u21-entrenamiento-008-v0,u21-entrenamiento-008,2,2,cnn,6.434160040573291e-09,2.597734346743121e-07,0.9999997337924051
u21-entrenamiento-008-v1,u21-entrenamiento-008,2,2,cnn,1.643573803602396e-08,8.704070766100737e-08,0.9999998965235541
u21-entrenamiento-009-v0,u21-entrenamiento-009,0,0,cnn,0.9999981734909745,5.582029243242447e-07,1.2683061010746327e-06
u21-entrenamiento-009-v1,u21-entrenamiento-009,0,0,cnn,0.9999969811453532,3.453359595671843e-07,2.6735186872958936e-06
u21-entrenamiento-010-v0,u21-entrenamiento-010,1,1,cnn,1.3253062679331757e-09,0.9999999986243528,5.0340767087011685e-11
u21-entrenamiento-010-v1,u21-entrenamiento-010,1,1,cnn,5.173251658015413e-10,0.9999999993865099,9.616499402267056e-11
u21-entrenamiento-011-v0,u21-entrenamiento-011,2,2,cnn,2.0107395957924196e-05,2.5487454924437154e-06,0.9999773438585496
u21-entrenamiento-011-v1,u21-entrenamiento-011,2,2,cnn,1.8409062765085124e-05,4.906283169554186e-06,0.9999766846540654
u21-entrenamiento-012-v0,u21-entrenamiento-012,0,0,cnn,0.9938971313454111,0.0010777227962181092,0.00502514585837084
u21-entrenamiento-012-v1,u21-entrenamiento-012,0,0,cnn,0.9971030850244116,0.0008785860728401322,0.002018328902748206
u21-entrenamiento-013-v0,u21-entrenamiento-013,1,1,cnn,2.42968917775722e-06,0.9999909705570081,6.5997538139480755e-06
u21-entrenamiento-013-v1,u21-entrenamiento-013,1,1,cnn,1.026559641168766e-06,0.9999953116627116,3.6617776471762e-06
u21-entrenamiento-014-v0,u21-entrenamiento-014,2,2,cnn,0.0010904318466399064,9.785054939908653e-05,0.998811717603961
u21-entrenamiento-014-v1,u21-entrenamiento-014,2,2,cnn,0.0019276956812779359,0.00022049111930671068,0.9978518131994153
u21-entrenamiento-015-v0,u21-entrenamiento-015,0,0,cnn,0.9879905990020453,0.003574831561544317,0.008434569436410324
u21-entrenamiento-015-v1,u21-entrenamiento-015,0,0,cnn,0.9465336324656983,0.0012618073182486679,0.05220456021605309
u21-entrenamiento-016-v0,u21-entrenamiento-016,1,1,cnn,1.3335884177392513e-08,0.9999774672044903,2.251945962566204e-05
u21-entrenamiento-016-v1,u21-entrenamiento-016,1,1,cnn,2.083562876116311e-07,0.9999658807194294,3.391092428310567e-05
u21-entrenamiento-017-v0,u21-entrenamiento-017,2,2,cnn,7.89590081357732e-08,1.859582976325949e-07,0.9999997350826941
u21-entrenamiento-017-v1,u21-entrenamiento-017,2,2,cnn,1.5433130974571037e-08,8.876331479980615e-08,0.9999998958035543
u21-entrenamiento-018-v0,u21-entrenamiento-018,0,0,cnn,0.9990329262297817,0.0005709038381549078,0.00039616993206350286
u21-entrenamiento-018-v1,u21-entrenamiento-018,0,0,cnn,0.9980193834312993,0.0013538561812194076,0.0006267603874811655
u21-entrenamiento-019-v0,u21-entrenamiento-019,1,1,cnn,8.355358554859348e-05,0.9999159691833913,4.772310600101344e-07
u21-entrenamiento-019-v1,u21-entrenamiento-019,1,1,cnn,8.256311260739546e-05,0.9999169763164383,4.605709542211602e-07
u21-entrenamiento-020-v0,u21-entrenamiento-020,2,2,cnn,0.039368469613971266,8.457065576281295e-05,0.9605469597302659
u21-entrenamiento-020-v1,u21-entrenamiento-020,2,2,cnn,0.014797883050111245,0.00020612747119641835,0.9849959894786924
u21-entrenamiento-021-v0,u21-entrenamiento-021,0,0,cnn,0.9990779607677118,0.00022916763109799782,0.0006928716011899699
u21-entrenamiento-021-v1,u21-entrenamiento-021,0,0,cnn,0.9943706397632229,0.0016164087715251991,0.004012951465251867
u21-entrenamiento-022-v0,u21-entrenamiento-022,1,1,cnn,1.3218898204300781e-10,0.999999489824545,5.10043265840901e-07
u21-entrenamiento-022-v1,u21-entrenamiento-022,1,1,cnn,1.377761279151709e-10,0.9999999206291573,7.923306648246109e-08
u21-entrenamiento-023-v0,u21-entrenamiento-023,2,2,cnn,1.0004554102355443e-05,1.8293459559063097e-06,0.9999881660999417
u21-entrenamiento-023-v1,u21-entrenamiento-023,2,2,cnn,2.412020933196545e-05,1.1078315226017025e-05,0.999964801475442
u21-entrenamiento-024-v0,u21-entrenamiento-024,0,0,cnn,0.9999968120620231,1.330112144705519e-06,1.8578258322309363e-06
u21-entrenamiento-024-v1,u21-entrenamiento-024,0,0,cnn,0.999982263245076,8.867566594949362e-06,8.869188328971114e-06
u21-entrenamiento-025-v0,u21-entrenamiento-025,1,1,cnn,2.1415489120374754e-05,0.9997769372164862,0.00020164729439336722
u21-entrenamiento-025-v1,u21-entrenamiento-025,1,1,cnn,1.4641142076869317e-05,0.9997746830308685,0.00021067582705467297
u21-entrenamiento-026-v0,u21-entrenamiento-026,2,2,cnn,0.0051283641786847,0.0012051836805223987,0.9936664521407929
u21-entrenamiento-026-v1,u21-entrenamiento-026,2,2,cnn,0.0065952521492162065,0.0011746071787627173,0.9922301406720211
u21-entrenamiento-027-v0,u21-entrenamiento-027,0,0,cnn,0.9997184096542728,2.7396140445816215e-05,0.00025419420528153706
u21-entrenamiento-027-v1,u21-entrenamiento-027,0,0,cnn,0.9983805729027603,0.0001394133267072745,0.0014800137705323546
u21-entrenamiento-028-v0,u21-entrenamiento-028,1,1,cnn,0.0007589447982983899,0.9991943094513921,4.6745750309401266e-05
u21-entrenamiento-028-v1,u21-entrenamiento-028,1,1,cnn,0.000551332170457519,0.9994287065280444,1.9961301498141937e-05
u21-entrenamiento-029-v0,u21-entrenamiento-029,2,2,cnn,6.913642796923021e-07,5.082465869691053e-06,0.9999942261698507
u21-entrenamiento-029-v1,u21-entrenamiento-029,2,2,cnn,3.785630272392391e-07,1.9108990741878122e-06,0.9999977105378987
u21-entrenamiento-030-v0,u21-entrenamiento-030,0,0,cnn,0.999915958259337,7.9256760575714e-06,7.611606460529961e-05
u21-entrenamiento-030-v1,u21-entrenamiento-030,0,0,cnn,0.9998909739889018,1.745354983675593e-05,9.157246126152974e-05
u21-entrenamiento-031-v0,u21-entrenamiento-031,1,1,cnn,4.194310305824909e-05,0.999483624628803,0.00047443226813876103
u21-entrenamiento-031-v1,u21-entrenamiento-031,1,1,cnn,8.529534480532743e-05,0.9997671389174845,0.00014756573771027557
u21-entrenamiento-032-v0,u21-entrenamiento-032,2,2,cnn,0.003014459457089481,0.0003503205000207194,0.9966352200428897
u21-entrenamiento-032-v1,u21-entrenamiento-032,2,2,cnn,0.003097539855554529,0.000353880537318214,0.9965485796071274
u21-entrenamiento-033-v0,u21-entrenamiento-033,0,0,cnn,0.9994677771351396,0.00016396505317582853,0.00036825781168451646
u21-entrenamiento-033-v1,u21-entrenamiento-033,0,0,cnn,0.9861493554696987,0.0050346302705419725,0.008816014259759156
u21-entrenamiento-034-v0,u21-entrenamiento-034,1,1,cnn,0.00010387563056808785,0.9986203490368155,0.00127577533261628
u21-entrenamiento-034-v1,u21-entrenamiento-034,1,1,cnn,7.217320804268948e-05,0.9981698107854908,0.0017580160064664758
u21-entrenamiento-035-v0,u21-entrenamiento-035,2,2,cnn,2.5930128976674783e-05,3.237974299815035e-05,0.9999416901280251
u21-entrenamiento-035-v1,u21-entrenamiento-035,2,2,cnn,0.00011366042822875765,1.9204998868265737e-05,0.999867134572903
u21-entrenamiento-036-v0,u21-entrenamiento-036,0,0,cnn,0.9999401504983836,1.428043310140581e-05,4.55690685148553e-05
u21-entrenamiento-036-v1,u21-entrenamiento-036,0,0,cnn,0.9999809148027456,3.956826444776067e-06,1.5128370809646472e-05
u21-entrenamiento-037-v0,u21-entrenamiento-037,1,1,cnn,8.864360723773253e-06,0.9997003467064556,0.00029078893282067443
u21-entrenamiento-037-v1,u21-entrenamiento-037,1,1,cnn,5.831952976659449e-05,0.9996588171079772,0.0002828633622560842
u21-entrenamiento-038-v0,u21-entrenamiento-038,2,2,cnn,0.01398039206648014,0.00034877856685325796,0.9856708293666665
u21-entrenamiento-038-v1,u21-entrenamiento-038,2,2,cnn,0.014432200694433161,0.0006237041171189153,0.9849440951884478
u21-entrenamiento-039-v0,u21-entrenamiento-039,0,0,cnn,0.9800319754294335,0.0010586335544753597,0.01890939101609113
u21-entrenamiento-039-v1,u21-entrenamiento-039,0,0,cnn,0.9582977286660662,0.002238256368804857,0.03946401496512884
u21-entrenamiento-040-v0,u21-entrenamiento-040,1,1,cnn,0.003479329523931586,0.9936522546520543,0.002868415824014259
u21-entrenamiento-040-v1,u21-entrenamiento-040,1,1,cnn,0.007991632507333627,0.9875952024499504,0.004413165042716032
u21-entrenamiento-041-v0,u21-entrenamiento-041,2,2,cnn,3.725964831146066e-07,2.6088340804282833e-07,0.9999993665201089
u21-entrenamiento-041-v1,u21-entrenamiento-041,2,2,cnn,3.6691074081357255e-06,1.1670589802918278e-05,0.999984660302789
u21-entrenamiento-042-v0,u21-entrenamiento-042,0,0,cnn,0.9999936432647103,8.255117104563033e-07,5.531223579207447e-06
u21-entrenamiento-042-v1,u21-entrenamiento-042,0,0,cnn,0.9999749451912296,1.0606170088480594e-05,1.4448638681845183e-05
u21-entrenamiento-043-v0,u21-entrenamiento-043,1,1,cnn,0.022133840592297647,0.974620212079983,0.003245947327719414
u21-entrenamiento-043-v1,u21-entrenamiento-043,1,1,cnn,0.0014948645379261308,0.9983962289279417,0.00010890653413204326
u21-entrenamiento-044-v0,u21-entrenamiento-044,2,2,cnn,1.542843781768648e-08,9.133700919877124e-09,0.9999999754378611
u21-entrenamiento-044-v1,u21-entrenamiento-044,2,2,cnn,2.443386843214117e-08,2.7203478645169463e-09,0.9999999728457837
u21-entrenamiento-045-v0,u21-entrenamiento-045,0,0,cnn,0.999979532933275,9.060065125326138e-07,1.9561060212211798e-05
u21-entrenamiento-045-v1,u21-entrenamiento-045,0,0,cnn,0.9951317957218798,0.0004959953132804567,0.004372208964839816
u21-entrenamiento-046-v0,u21-entrenamiento-046,1,1,cnn,8.606137792142254e-08,0.9999819477213725,1.7966217249689915e-05
u21-entrenamiento-046-v1,u21-entrenamiento-046,1,1,cnn,0.00012009051403835326,0.9986193359210409,0.001260573564920654
u21-entrenamiento-047-v0,u21-entrenamiento-047,2,2,cnn,0.0013590055350207798,4.685962294376934e-06,0.9986363085026848
u21-entrenamiento-047-v1,u21-entrenamiento-047,2,2,cnn,0.0005520178143373995,4.358960091459138e-06,0.9994436232255711
u21-entrenamiento-048-v0,u21-entrenamiento-048,0,0,cnn,0.9982235186741698,0.0014816311697196122,0.00029485015611062994
u21-entrenamiento-048-v1,u21-entrenamiento-048,0,0,cnn,0.9993617416074498,0.0005167000749856416,0.00012155831756454609
u21-entrenamiento-049-v0,u21-entrenamiento-049,1,1,cnn,1.1905754687099909e-08,0.9999999871365769,9.576683772956381e-10
u21-entrenamiento-049-v1,u21-entrenamiento-049,1,1,cnn,1.1094505342899324e-08,0.9999999877776061,1.127888386279169e-09
u21-entrenamiento-050-v0,u21-entrenamiento-050,2,2,cnn,1.5682150228242156e-05,3.96094518055431e-06,0.9999803569045912
u21-entrenamiento-050-v1,u21-entrenamiento-050,2,2,cnn,1.5629605015132166e-05,2.3905074007730226e-06,0.9999819798875841
u21-entrenamiento-051-v0,u21-entrenamiento-051,0,0,cnn,0.9992679796452354,0.0005942387181506211,0.00013778163661387833
u21-entrenamiento-051-v1,u21-entrenamiento-051,0,0,cnn,0.9991845835983851,0.00056549488370865,0.00024992151790620345
u21-entrenamiento-052-v0,u21-entrenamiento-052,1,1,cnn,4.081013412582082e-06,0.9999548689196888,4.1050066898653116e-05
u21-entrenamiento-052-v1,u21-entrenamiento-052,1,1,cnn,2.084325479648861e-06,0.999975593506008,2.2322168512331273e-05
u21-entrenamiento-053-v0,u21-entrenamiento-053,2,2,cnn,1.6071458953290956e-05,0.001531115735620591,0.9984528128054262
u21-entrenamiento-053-v1,u21-entrenamiento-053,2,2,cnn,0.036382516823660525,0.057696299802102335,0.9059211833742372
u21-entrenamiento-054-v0,u21-entrenamiento-054,0,0,cnn,0.9998203602716074,3.706140627930835e-05,0.00014257832211338783
u21-entrenamiento-054-v1,u21-entrenamiento-054,0,0,cnn,0.9994071035456246,1.4261846951662511e-05,0.0005786346074236442
u21-entrenamiento-055-v0,u21-entrenamiento-055,1,1,cnn,1.6979732222240655e-09,0.999991387712874,8.610589152890489e-06
u21-entrenamiento-055-v1,u21-entrenamiento-055,1,1,cnn,8.781294851878431e-10,0.9999948375916147,5.16153025580132e-06
u21-entrenamiento-056-v0,u21-entrenamiento-056,2,2,cnn,1.067796056769646e-09,4.273472024291585e-09,0.9999999946587319
u21-entrenamiento-056-v1,u21-entrenamiento-056,2,2,cnn,2.9018219217809783e-09,9.142485516511292e-09,0.9999999879556926
u21-entrenamiento-057-v0,u21-entrenamiento-057,0,0,cnn,0.9998850336153143,1.5387728307757968e-05,9.957865637774766e-05
u21-entrenamiento-057-v1,u21-entrenamiento-057,0,0,cnn,0.9999487850498117,2.4232585026014823e-05,2.6982365162380297e-05
u21-entrenamiento-058-v0,u21-entrenamiento-058,1,1,cnn,2.044133469313073e-12,0.9999999486318971,5.136605869269547e-08
u21-entrenamiento-058-v1,u21-entrenamiento-058,1,1,cnn,2.2713428849246172e-06,0.983042037449575,0.016955691207540202
u21-entrenamiento-059-v0,u21-entrenamiento-059,2,2,cnn,4.72303976107071e-06,2.8505992457618895e-07,0.9999949919003143
u21-entrenamiento-059-v1,u21-entrenamiento-059,2,2,cnn,5.180277878046524e-06,4.877839136488044e-07,0.9999943319382082
u21-entrenamiento-000-v0,u21-entrenamiento-000,0,0,cnn_aumento,0.977924942552486,0.007033730176351327,0.015041327271162684
u21-entrenamiento-000-v1,u21-entrenamiento-000,0,0,cnn_aumento,0.9759512022568162,0.010457615185702183,0.013591182557481783
u21-entrenamiento-001-v0,u21-entrenamiento-001,1,1,cnn_aumento,0.0004835280504648164,0.9994991809042901,1.7291045245033907e-05
u21-entrenamiento-001-v1,u21-entrenamiento-001,1,1,cnn_aumento,0.0002246345419917956,0.9997626148396388,1.2750618369408336e-05
u21-entrenamiento-002-v0,u21-entrenamiento-002,2,2,cnn_aumento,5.122075288277603e-06,2.8094300033376085e-06,0.9999920684947083
u21-entrenamiento-002-v1,u21-entrenamiento-002,2,2,cnn_aumento,5.330190838439029e-05,9.010447354973837e-06,0.9999376876442607
u21-entrenamiento-003-v0,u21-entrenamiento-003,0,0,cnn_aumento,0.9999105928195312,2.8810955794827907e-05,6.0596224673834205e-05
u21-entrenamiento-003-v1,u21-entrenamiento-003,0,0,cnn_aumento,0.9999380697050244,2.030780442051134e-05,4.162249055512194e-05
u21-entrenamiento-004-v0,u21-entrenamiento-004,1,1,cnn_aumento,5.47900906086244e-07,0.9999409575473619,5.84945517321159e-05
u21-entrenamiento-004-v1,u21-entrenamiento-004,1,1,cnn_aumento,2.568046770292295e-07,0.999955725391878,4.4017803444724104e-05
u21-entrenamiento-005-v0,u21-entrenamiento-005,2,2,cnn_aumento,3.3629364962580166e-08,9.226163326705183e-07,0.9999990437543023
u21-entrenamiento-005-v1,u21-entrenamiento-005,2,2,cnn_aumento,3.6971257814804945e-08,6.344495863511548e-07,0.9999993285791559
u21-entrenamiento-006-v0,u21-entrenamiento-006,0,0,cnn_aumento,0.9997359203959572,0.0001068706555639883,0.0001572089484786832
u21-entrenamiento-006-v1,u21-entrenamiento-006,0,0,cnn_aumento,0.9952992153145345,0.0012315068538550533,0.003469277831610415
u21-entrenamiento-007-v0,u21-entrenamiento-007,1,1,cnn_aumento,1.9630475709761206e-12,0.999999974475108,2.5522928844125798e-08
u21-entrenamiento-007-v1,u21-entrenamiento-007,1,1,cnn_aumento,3.295548586586262e-13,0.9999999898689863,1.0130684266097672e-08
u21-entrenamiento-008-v0,u21-entrenamiento-008,2,2,cnn_aumento,1.9111345089836313e-08,6.011715224526617e-07,0.9999993797171325
u21-entrenamiento-008-v1,u21-entrenamiento-008,2,2,cnn_aumento,1.5685108611432006e-08,1.8013172447291469e-07,0.9999998041831669
u21-entrenamiento-009-v0,u21-entrenamiento-009,0,0,cnn_aumento,0.9999986685600645,2.774105622278453e-07,1.0540293733003112e-06
u21-entrenamiento-009-v1,u21-entrenamiento-009,0,0,cnn_aumento,0.9999956053072538,4.6833878906197033e-07,3.926353957268941e-06
u21-entrenamiento-010-v0,u21-entrenamiento-010,1,1,cnn_aumento,5.852180675566407e-11,0.9999999998583085,8.316959540464123e-11
u21-entrenamiento-010-v1,u21-entrenamiento-010,1,1,cnn_aumento,2.159738676523279e-11,0.9999999998553581,1.2304441558617693e-10
u21-entrenamiento-011-v0,u21-entrenamiento-011,2,2,cnn_aumento,2.3229221627730427e-05,1.8265177670946064e-06,0.9999749442606052
u21-entrenamiento-011-v1,u21-entrenamiento-011,2,2,cnn_aumento,2.906057276985436e-05,4.139210351361818e-06,0.9999668002168788
u21-entrenamiento-012-v0,u21-entrenamiento-012,0,0,cnn_aumento,0.99547746883886,0.001718992220972604,0.00280353894016741
u21-entrenamiento-012-v1,u21-entrenamiento-012,0,0,cnn_aumento,0.9983822379567913,0.0007726295217750521,0.0008451325214335889
u21-entrenamiento-013-v0,u21-entrenamiento-013,1,1,cnn_aumento,1.3544180572180575e-07,0.9999858965439384,1.3968014255802128e-05
u21-entrenamiento-013-v1,u21-entrenamiento-013,1,1,cnn_aumento,4.770892542476355e-08,0.9999940815562804,5.870734794335152e-06
u21-entrenamiento-014-v0,u21-entrenamiento-014,2,2,cnn_aumento,0.0026804313077905097,0.00016338295215154964,0.997156185740058
u21-entrenamiento-014-v1,u21-entrenamiento-014,2,2,cnn_aumento,0.004201933193906745,0.0007553842716302848,0.995042682534463
u21-entrenamiento-015-v0,u21-entrenamiento-015,0,0,cnn_aumento,0.9907389112048619,0.001531887671410293,0.007729201123727764
u21-entrenamiento-015-v1,u21-entrenamiento-015,0,0,cnn_aumento,0.9550189831893185,0.0007371443610523334,0.04424387244962911
u21-entrenamiento-016-v0,u21-entrenamiento-016,1,1,cnn_aumento,4.437875218881417e-09,0.9999773834160428,2.261214608197153e-05
u21-entrenamiento-016-v1,u21-entrenamiento-016,1,1,cnn_aumento,1.0743628131014936e-07,0.9999678005801228,3.2091983595897284e-05
u21-entrenamiento-017-v0,u21-entrenamiento-017,2,2,cnn_aumento,3.1766908205832176e-08,5.53637181817563e-07,0.99999941459591
u21-entrenamiento-017-v1,u21-entrenamiento-017,2,2,cnn_aumento,5.178885613555703e-09,1.8424091472800747e-07,0.9999998105801996
u21-entrenamiento-018-v0,u21-entrenamiento-018,0,0,cnn_aumento,0.9995279350121118,0.00024156928589247836,0.00023049570199571486
u21-entrenamiento-018-v1,u21-entrenamiento-018,0,0,cnn_aumento,0.9985869790861822,0.0008303979801665142,0.0005826229336512176
u21-entrenamiento-019-v0,u21-entrenamiento-019,1,1,cnn_aumento,3.878755522817177e-05,0.9999604174539223,7.949908496076638e-07
u21-entrenamiento-019-v1,u21-entrenamiento-019,1,1,cnn_aumento,2.0286524180341916e-05,0.9999792066654468,5.06810372961513e-07
u21-entrenamiento-020-v0,u21-entrenamiento-020,2,2,cnn_aumento,0.02168223556751976,0.000152231821607727,0.9781655326108725
u21-entrenamiento-020-v1,u21-entrenamiento-020,2,2,cnn_aumento,0.009421160244737185,0.00028521125620724737,0.9902936284990557
u21-entrenamiento-021-v0,u21-entrenamiento-021,0,0,cnn_aumento,0.9990531630704229,0.00013426757415331504,0.0008125693554237238
u21-entrenamiento-021-v1,u21-entrenamiento-021,0,0,cnn_aumento,0.9977836427026675,0.00021997787734108707,0.001996379419991473
u21-entrenamiento-022-v0,u21-entrenamiento-022,1,1,cnn_aumento,1.7520795190196784e-11,0.9999998405540688,1.5942841028834907e-07
u21-entrenamiento-022-v1,u21-entrenamiento-022,1,1,cnn_aumento,3.200525182175508e-11,0.9999999713261142,2.8641880587658814e-08
u21-entrenamiento-023-v0,u21-entrenamiento-023,2,2,cnn_aumento,7.285333685803783e-06,3.932512227415066e-06,0.9999887821540868
u21-entrenamiento-023-v1,u21-entrenamiento-023,2,2,cnn_aumento,1.55708574924615e-05,1.2695023778791127e-05,0.9999717341187289
u21-entrenamiento-024-v0,u21-entrenamiento-024,0,0,cnn_aumento,0.9999974520790318,1.0943086795201778e-06,1.4536122888424884e-06
u21-entrenamiento-024-v1,u21-entrenamiento-024,0,0,cnn_aumento,0.9999837685759302,7.135471856195452e-06,9.09595221363583e-06
u21-entrenamiento-025-v0,u21-entrenamiento-025,1,1,cnn_aumento,8.15402202997634e-07,0.999901133694075,9.805090372192837e-05
u21-entrenamiento-025-v1,u21-entrenamiento-025,1,1,cnn_aumento,1.6642762419759727e-06,0.9997317537841266,0.0002665819396313733
u21-entrenamiento-026-v0,u21-entrenamiento-026,2,2,cnn_aumento,0.01688565817665426,0.0010958378347555862,0.9820185039885901
u21-entrenamiento-026-v1,u21-entrenamiento-026,2,2,cnn_aumento,0.019129722611559416,0.0014928260584558925,0.9793774513299847
u21-entrenamiento-027-v0,u21-entrenamiento-027,0,0,cnn_aumento,0.9996947994513047,3.242514698408195e-05,0.0002727754017111944
u21-entrenamiento-027-v1,u21-entrenamiento-027,0,0,cnn_aumento,0.9936975835027981,0.0007180720164563916,0.005584344480745448
u21-entrenamiento-028-v0,u21-entrenamiento-028,1,1,cnn_aumento,0.003770178165280347,0.9960123392509284,0.00021748258379129264
u21-entrenamiento-028-v1,u21-entrenamiento-028,1,1,cnn_aumento,0.0008717376949916587,0.9990831281012204,4.5134203788114894e-05
u21-entrenamiento-029-v0,u21-entrenamiento-029,2,2,cnn_aumento,1.3795315801259242e-06,6.493108664650846e-06,0.9999921273597553
u21-entrenamiento-029-v1,u21-entrenamiento-029,2,2,cnn_aumento,7.713711224543451e-07,1.7095554653969159e-06,0.9999975190734122
u21-entrenamiento-030-v0,u21-entrenamiento-030,0,0,cnn_aumento,0.9999447750276901,3.6859581865767423e-06,5.1539014123254665e-05
u21-entrenamiento-030-v1,u21-entrenamiento-030,0,0,cnn_aumento,0.9999082582465681,9.160323657888602e-06,8.258142977395364e-05
u21-entrenamiento-031-v0,u21-entrenamiento-031,1,1,cnn_aumento,2.497932109126381e-05,0.999613782051732,0.0003612386271769949
u21-entrenamiento-031-v1,u21-entrenamiento-031,1,1,cnn_aumento,6.597563178905266e-05,0.9997915391202885,0.00014248524792247137
u21-entrenamiento-032-v0,u21-entrenamiento-032,2,2,cnn_aumento,0.002891975936586261,0.0006042613310689186,0.9965037627323449
u21-entrenamiento-032-v1,u21-entrenamiento-032,2,2,cnn_aumento,0.003913212186002308,0.0004817655083272245,0.9956050223056705
u21-entrenamiento-033-v0,u21-entrenamiento-033,0,0,cnn_aumento,0.9996399010763488,7.743143118111594e-05,0.0002826674924702151
u21-entrenamiento-033-v1,u21-entrenamiento-033,0,0,cnn_aumento,0.9949488148312704,0.0008422797379631094,0.004208905430766492
u21-entrenamiento-034-v0,u21-entrenamiento-034,1,1,cnn_aumento,3.397525718804295e-05,0.9990699869399405,0.0008960378028713826
u21-entrenamiento-034-v1,u21-entrenamiento-034,1,1,cnn_aumento,1.3295593357800904e-05,0.9990791592150058,0.000907545191636297
u21-entrenamiento-035-v0,u21-entrenamiento-035,2,2,cnn_aumento,5.128438176236067e-05,2.2686799577669645e-05,0.9999260288186599
u21-entrenamiento-035-v1,u21-entrenamiento-035,2,2,cnn_aumento,0.00018825147146657342,2.31112549138391e-05,0.9997886372736196
u21-entrenamiento-036-v0,u21-entrenamiento-036,0,0,cnn_aumento,0.9999551427054726,9.126740243324562e-06,3.573055428416054e-05
u21-entrenamiento-036-v1,u21-entrenamiento-036,0,0,cnn_aumento,0.9999749803939042,5.214438344723058e-06,1.980516775104024e-05
u21-entrenamiento-037-v0,u21-entrenamiento-037,1,1,cnn_aumento,9.43096263997467e-06,0.9996775485528006,0.000313020484559643
u21-entrenamiento-037-v1,u21-entrenamiento-037,1,1,cnn_aumento,5.5087868644566646e-05,0.9994079281121001,0.0005369840192554407
u21-entrenamiento-038-v0,u21-entrenamiento-038,2,2,cnn_aumento,0.004625984362555215,0.0004401769651160274,0.9949338386723287
u21-entrenamiento-038-v1,u21-entrenamiento-038,2,2,cnn_aumento,0.007732577131142106,0.0008522194807677521,0.9914152033880902
u21-entrenamiento-039-v0,u21-entrenamiento-039,0,0,cnn_aumento,0.960826424382501,0.0032542928680704673,0.03591928274942839
u21-entrenamiento-039-v1,u21-entrenamiento-039,0,0,cnn_aumento,0.9234568535302728,0.0028272567936105364,0.0737158896761166
u21-entrenamiento-040-v0,u21-entrenamiento-040,1,1,cnn_aumento,0.0016460047096395532,0.9923969953770246,0.0059569999133360085
u21-entrenamiento-040-v1,u21-entrenamiento-040,1,1,cnn_aumento,0.0019563678418718002,0.9915381105041191,0.0065055216540091405
u21-entrenamiento-041-v0,u21-entrenamiento-041,2,2,cnn_aumento,2.5378652016165e-07,2.716807733539514e-07,0.9999994745327064
u21-entrenamiento-041-v1,u21-entrenamiento-041,2,2,cnn_aumento,1.1252757544564247e-06,1.2077441840344193e-05,0.9999867972824051
u21-entrenamiento-042-v0,u21-entrenamiento-042,0,0,cnn_aumento,0.9999871360008962,1.2283233977358216e-06,1.1635675706265497e-05
u21-entrenamiento-042-v1,u21-entrenamiento-042,0,0,cnn_aumento,0.9999735501271471,7.591073897837169e-06,1.8858798955026017e-05
u21-entrenamiento-043-v0,u21-entrenamiento-043,1,1,cnn_aumento,0.010896148883738821,0.9863407457107753,0.0027631054054858863
u21-entrenamiento-043-v1,u21-entrenamiento-043,1,1,cnn_aumento,0.0007254197882334581,0.9991822719976599,9.230821410670047e-05
u21-entrenamiento-044-v0,u21-entrenamiento-044,2,2,cnn_aumento,2.424550280051207e-08,7.516294859926844e-09,0.9999999682382023
u21-entrenamiento-044-v1,u21-entrenamiento-044,2,2,cnn_aumento,4.012014051396684e-08,2.294960892181764e-09,0.9999999575848986
u21-entrenamiento-045-v0,u21-entrenamiento-045,0,0,cnn_aumento,0.9999614007699059,2.020196789160186e-06,3.6579033304991215e-05
u21-entrenamiento-045-v1,u21-entrenamiento-045,0,0,cnn_aumento,0.9932236202810175,0.0005060677562763491,0.006270311962706131
u21-entrenamiento-046-v0,u21-entrenamiento-046,1,1,cnn_aumento,1.5329633858293236e-08,0.9999873953163734,1.2589353992541134e-05
u21-entrenamiento-046-v1,u21-entrenamiento-046,1,1,cnn_aumento,1.660491391855012e-05,0.9988489053483689,0.0011344897377124098
u21-entrenamiento-047-v0,u21-entrenamiento-047,2,2,cnn_aumento,0.0019142849595554982,4.161201608788846e-06,0.9980815538388358
u21-entrenamiento-047-v1,u21-entrenamiento-047,2,2,cnn_aumento,0.0013863368820091918,2.931982618749051e-06,0.9986107311353721
u21-entrenamiento-048-v0,u21-entrenamiento-048,0,0,cnn_aumento,0.9993767962698303,0.00045084417402434983,0.00017235955614526384
u21-entrenamiento-048-v1,u21-entrenamiento-048,0,0,cnn_aumento,0.999670704191129,0.00024834806674728176,8.094774212362289e-05
u21-entrenamiento-049-v0,u21-entrenamiento-049,1,1,cnn_aumento,4.86736434725351e-10,0.9999999986992432,8.140204194628107e-10
u21-entrenamiento-049-v1,u21-entrenamiento-049,1,1,cnn_aumento,5.014414997397834e-10,0.9999999985292196,9.69338795984418e-10
u21-entrenamiento-050-v0,u21-entrenamiento-050,2,2,cnn_aumento,1.0903014484661531e-05,4.847858293736788e-06,0.9999842491272216
u21-entrenamiento-050-v1,u21-entrenamiento-050,2,2,cnn_aumento,1.2410604083485814e-05,2.73067142320555e-06,0.9999848587244933
u21-entrenamiento-051-v0,u21-entrenamiento-051,0,0,cnn_aumento,0.9998102218165373,0.0001135008812631651,7.627730219946114e-05
u21-entrenamiento-051-v1,u21-entrenamiento-051,0,0,cnn_aumento,0.9997446282959817,0.00011364682740829886,0.00014172487661021974
u21-entrenamiento-052-v0,u21-entrenamiento-052,1,1,cnn_aumento,2.3212873693939516e-06,0.9999642841403398,3.3394572290814014e-05
u21-entrenamiento-052-v1,u21-entrenamiento-052,1,1,cnn_aumento,5.901375084191973e-07,0.9999885836529566,1.082620953505956e-05
u21-entrenamiento-053-v0,u21-entrenamiento-053,2,2,cnn_aumento,1.4074033171429983e-05,0.0031369191913487205,0.9968490067754799
u21-entrenamiento-053-v1,u21-entrenamiento-053,2,2,cnn_aumento,0.07854665614948132,0.09442366152132882,0.8270296823291898
u21-entrenamiento-054-v0,u21-entrenamiento-054,0,0,cnn_aumento,0.9996537208976679,4.372657927482436e-05,0.0003025525230572077
u21-entrenamiento-054-v1,u21-entrenamiento-054,0,0,cnn_aumento,0.9993530133543637,1.0961094242768951e-05,0.0006360255513935031
u21-entrenamiento-055-v0,u21-entrenamiento-055,1,1,cnn_aumento,1.7756242077757628e-10,0.9999955860544777,4.413767959832665e-06
u21-entrenamiento-055-v1,u21-entrenamiento-055,1,1,cnn_aumento,9.66458304061875e-11,0.9999961276281306,3.8722752234984964e-06
u21-entrenamiento-056-v0,u21-entrenamiento-056,2,2,cnn_aumento,4.861753206827272e-10,5.518708657947484e-09,0.9999999939951161
u21-entrenamiento-056-v1,u21-entrenamiento-056,2,2,cnn_aumento,7.710566885469933e-10,1.7245973511100424e-08,0.9999999819829698
u21-entrenamiento-057-v0,u21-entrenamiento-057,0,0,cnn_aumento,0.9999058441719602,1.0336745836376951e-05,8.38190822034012e-05
u21-entrenamiento-057-v1,u21-entrenamiento-057,0,0,cnn_aumento,0.9999310358528123,2.422381377123338e-05,4.474033341655183e-05
u21-entrenamiento-058-v0,u21-entrenamiento-058,1,1,cnn_aumento,2.0572766842252252e-13,0.9999999542982968,4.5701497337463395e-08
u21-entrenamiento-058-v1,u21-entrenamiento-058,1,1,cnn_aumento,3.8411483486133656e-07,0.980892828621179,0.0191067872639862
u21-entrenamiento-059-v0,u21-entrenamiento-059,2,2,cnn_aumento,8.634444475855516e-06,1.926113487677455e-07,0.9999911729441754
u21-entrenamiento-059-v1,u21-entrenamiento-059,2,2,cnn_aumento,6.0712011013282e-06,3.9439672142038256e-07,0.9999935344021772
