candidato,caso_id,real,probabilidad,logit,prediccion
prevalencia,xor-entrenamiento-000,0,0.5,0.0,1
prevalencia,xor-entrenamiento-001,0,0.5,0.0,1
prevalencia,xor-entrenamiento-002,1,0.5,0.0,1
prevalencia,xor-entrenamiento-003,1,0.5,0.0,1
prevalencia,xor-entrenamiento-004,1,0.5,0.0,1
prevalencia,xor-entrenamiento-005,1,0.5,0.0,1
prevalencia,xor-entrenamiento-006,1,0.5,0.0,1
prevalencia,xor-entrenamiento-007,1,0.5,0.0,1
prevalencia,xor-entrenamiento-008,1,0.5,0.0,1
prevalencia,xor-entrenamiento-009,1,0.5,0.0,1
prevalencia,xor-entrenamiento-010,1,0.5,0.0,1
prevalencia,xor-entrenamiento-011,0,0.5,0.0,1
prevalencia,xor-entrenamiento-012,0,0.5,0.0,1
prevalencia,xor-entrenamiento-013,1,0.5,0.0,1
prevalencia,xor-entrenamiento-014,1,0.5,0.0,1
prevalencia,xor-entrenamiento-015,1,0.5,0.0,1
prevalencia,xor-entrenamiento-016,1,0.5,0.0,1
prevalencia,xor-entrenamiento-017,0,0.5,0.0,1
prevalencia,xor-entrenamiento-018,1,0.5,0.0,1
prevalencia,xor-entrenamiento-019,0,0.5,0.0,1
prevalencia,xor-entrenamiento-020,0,0.5,0.0,1
prevalencia,xor-entrenamiento-021,1,0.5,0.0,1
prevalencia,xor-entrenamiento-022,1,0.5,0.0,1
prevalencia,xor-entrenamiento-023,1,0.5,0.0,1
prevalencia,xor-entrenamiento-024,0,0.5,0.0,1
prevalencia,xor-entrenamiento-025,0,0.5,0.0,1
prevalencia,xor-entrenamiento-026,0,0.5,0.0,1
prevalencia,xor-entrenamiento-027,1,0.5,0.0,1
prevalencia,xor-entrenamiento-028,1,0.5,0.0,1
prevalencia,xor-entrenamiento-029,0,0.5,0.0,1
prevalencia,xor-entrenamiento-030,1,0.5,0.0,1
prevalencia,xor-entrenamiento-031,0,0.5,0.0,1
prevalencia,xor-entrenamiento-032,0,0.5,0.0,1
prevalencia,xor-entrenamiento-033,0,0.5,0.0,1
prevalencia,xor-entrenamiento-034,1,0.5,0.0,1
prevalencia,xor-entrenamiento-035,1,0.5,0.0,1
prevalencia,xor-entrenamiento-036,1,0.5,0.0,1
prevalencia,xor-entrenamiento-037,1,0.5,0.0,1
prevalencia,xor-entrenamiento-038,1,0.5,0.0,1
prevalencia,xor-entrenamiento-039,0,0.5,0.0,1
prevalencia,xor-entrenamiento-040,0,0.5,0.0,1
prevalencia,xor-entrenamiento-041,1,0.5,0.0,1
prevalencia,xor-entrenamiento-042,0,0.5,0.0,1
prevalencia,xor-entrenamiento-043,0,0.5,0.0,1
prevalencia,xor-entrenamiento-044,0,0.5,0.0,1
prevalencia,xor-entrenamiento-045,0,0.5,0.0,1
prevalencia,xor-entrenamiento-046,0,0.5,0.0,1
prevalencia,xor-entrenamiento-047,1,0.5,0.0,1
prevalencia,xor-entrenamiento-048,1,0.5,0.0,1
prevalencia,xor-entrenamiento-049,1,0.5,0.0,1
prevalencia,xor-entrenamiento-050,0,0.5,0.0,1
prevalencia,xor-entrenamiento-051,0,0.5,0.0,1
prevalencia,xor-entrenamiento-052,0,0.5,0.0,1
prevalencia,xor-entrenamiento-053,1,0.5,0.0,1
prevalencia,xor-entrenamiento-054,0,0.5,0.0,1
prevalencia,xor-entrenamiento-055,0,0.5,0.0,1
prevalencia,xor-entrenamiento-056,0,0.5,0.0,1
prevalencia,xor-entrenamiento-057,1,0.5,0.0,1
prevalencia,xor-entrenamiento-058,0,0.5,0.0,1
prevalencia,xor-entrenamiento-059,0,0.5,0.0,1
prevalencia,xor-entrenamiento-060,1,0.5,0.0,1
prevalencia,xor-entrenamiento-061,1,0.5,0.0,1
prevalencia,xor-entrenamiento-062,0,0.5,0.0,1
prevalencia,xor-entrenamiento-063,0,0.5,0.0,1
prevalencia,xor-entrenamiento-064,1,0.5,0.0,1
prevalencia,xor-entrenamiento-065,0,0.5,0.0,1
prevalencia,xor-entrenamiento-066,1,0.5,0.0,1
prevalencia,xor-entrenamiento-067,0,0.5,0.0,1
prevalencia,xor-entrenamiento-068,1,0.5,0.0,1
prevalencia,xor-entrenamiento-069,1,0.5,0.0,1
prevalencia,xor-entrenamiento-070,1,0.5,0.0,1
prevalencia,xor-entrenamiento-071,0,0.5,0.0,1
prevalencia,xor-entrenamiento-072,1,0.5,0.0,1
prevalencia,xor-entrenamiento-073,0,0.5,0.0,1
prevalencia,xor-entrenamiento-074,1,0.5,0.0,1
prevalencia,xor-entrenamiento-075,1,0.5,0.0,1
prevalencia,xor-entrenamiento-076,0,0.5,0.0,1
prevalencia,xor-entrenamiento-077,1,0.5,0.0,1
prevalencia,xor-entrenamiento-078,1,0.5,0.0,1
prevalencia,xor-entrenamiento-079,0,0.5,0.0,1
prevalencia,xor-entrenamiento-080,1,0.5,0.0,1
prevalencia,xor-entrenamiento-081,1,0.5,0.0,1
prevalencia,xor-entrenamiento-082,1,0.5,0.0,1
prevalencia,xor-entrenamiento-083,0,0.5,0.0,1
prevalencia,xor-entrenamiento-084,0,0.5,0.0,1
prevalencia,xor-entrenamiento-085,1,0.5,0.0,1
prevalencia,xor-entrenamiento-086,1,0.5,0.0,1
prevalencia,xor-entrenamiento-087,0,0.5,0.0,1
prevalencia,xor-entrenamiento-088,0,0.5,0.0,1
prevalencia,xor-entrenamiento-089,1,0.5,0.0,1
prevalencia,xor-entrenamiento-090,1,0.5,0.0,1
prevalencia,xor-entrenamiento-091,0,0.5,0.0,1
prevalencia,xor-entrenamiento-092,0,0.5,0.0,1
prevalencia,xor-entrenamiento-093,1,0.5,0.0,1
prevalencia,xor-entrenamiento-094,1,0.5,0.0,1
prevalencia,xor-entrenamiento-095,0,0.5,0.0,1
prevalencia,xor-entrenamiento-096,0,0.5,0.0,1
prevalencia,xor-entrenamiento-097,1,0.5,0.0,1
prevalencia,xor-entrenamiento-098,1,0.5,0.0,1
prevalencia,xor-entrenamiento-099,1,0.5,0.0,1
prevalencia,xor-entrenamiento-100,0,0.5,0.0,1
prevalencia,xor-entrenamiento-101,1,0.5,0.0,1
prevalencia,xor-entrenamiento-102,1,0.5,0.0,1
prevalencia,xor-entrenamiento-103,1,0.5,0.0,1
prevalencia,xor-entrenamiento-104,0,0.5,0.0,1
prevalencia,xor-entrenamiento-105,1,0.5,0.0,1
prevalencia,xor-entrenamiento-106,0,0.5,0.0,1
prevalencia,xor-entrenamiento-107,0,0.5,0.0,1
prevalencia,xor-entrenamiento-108,1,0.5,0.0,1
prevalencia,xor-entrenamiento-109,0,0.5,0.0,1
prevalencia,xor-entrenamiento-110,1,0.5,0.0,1
prevalencia,xor-entrenamiento-111,0,0.5,0.0,1
prevalencia,xor-entrenamiento-112,0,0.5,0.0,1
prevalencia,xor-entrenamiento-113,0,0.5,0.0,1
prevalencia,xor-entrenamiento-114,1,0.5,0.0,1
prevalencia,xor-entrenamiento-115,0,0.5,0.0,1
prevalencia,xor-entrenamiento-116,0,0.5,0.0,1
prevalencia,xor-entrenamiento-117,1,0.5,0.0,1
prevalencia,xor-entrenamiento-118,1,0.5,0.0,1
prevalencia,xor-entrenamiento-119,0,0.5,0.0,1
prevalencia,xor-entrenamiento-120,0,0.5,0.0,1
prevalencia,xor-entrenamiento-121,0,0.5,0.0,1
prevalencia,xor-entrenamiento-122,1,0.5,0.0,1
prevalencia,xor-entrenamiento-123,0,0.5,0.0,1
prevalencia,xor-entrenamiento-124,1,0.5,0.0,1
prevalencia,xor-entrenamiento-125,1,0.5,0.0,1
prevalencia,xor-entrenamiento-126,1,0.5,0.0,1
prevalencia,xor-entrenamiento-127,0,0.5,0.0,1
prevalencia,xor-entrenamiento-128,1,0.5,0.0,1
prevalencia,xor-entrenamiento-129,0,0.5,0.0,1
prevalencia,xor-entrenamiento-130,0,0.5,0.0,1
prevalencia,xor-entrenamiento-131,0,0.5,0.0,1
prevalencia,xor-entrenamiento-132,1,0.5,0.0,1
prevalencia,xor-entrenamiento-133,0,0.5,0.0,1
prevalencia,xor-entrenamiento-134,0,0.5,0.0,1
prevalencia,xor-entrenamiento-135,0,0.5,0.0,1
prevalencia,xor-entrenamiento-136,0,0.5,0.0,1
prevalencia,xor-entrenamiento-137,1,0.5,0.0,1
prevalencia,xor-entrenamiento-138,1,0.5,0.0,1
prevalencia,xor-entrenamiento-139,0,0.5,0.0,1
prevalencia,xor-entrenamiento-140,1,0.5,0.0,1
prevalencia,xor-entrenamiento-141,1,0.5,0.0,1
prevalencia,xor-entrenamiento-142,0,0.5,0.0,1
prevalencia,xor-entrenamiento-143,0,0.5,0.0,1
prevalencia,xor-entrenamiento-144,1,0.5,0.0,1
prevalencia,xor-entrenamiento-145,1,0.5,0.0,1
prevalencia,xor-entrenamiento-146,0,0.5,0.0,1
prevalencia,xor-entrenamiento-147,0,0.5,0.0,1
prevalencia,xor-entrenamiento-148,0,0.5,0.0,1
prevalencia,xor-entrenamiento-149,0,0.5,0.0,1
prevalencia,xor-entrenamiento-150,0,0.5,0.0,1
prevalencia,xor-entrenamiento-151,0,0.5,0.0,1
prevalencia,xor-entrenamiento-152,0,0.5,0.0,1
prevalencia,xor-entrenamiento-153,0,0.5,0.0,1
prevalencia,xor-entrenamiento-154,0,0.5,0.0,1
prevalencia,xor-entrenamiento-155,0,0.5,0.0,1
prevalencia,xor-entrenamiento-156,1,0.5,0.0,1
prevalencia,xor-entrenamiento-157,0,0.5,0.0,1
prevalencia,xor-entrenamiento-158,0,0.5,0.0,1
prevalencia,xor-entrenamiento-159,1,0.5,0.0,1
prevalencia,xor-entrenamiento-160,0,0.5,0.0,1
prevalencia,xor-entrenamiento-161,0,0.5,0.0,1
prevalencia,xor-entrenamiento-162,0,0.5,0.0,1
prevalencia,xor-entrenamiento-163,1,0.5,0.0,1
prevalencia,xor-entrenamiento-164,0,0.5,0.0,1
prevalencia,xor-entrenamiento-165,0,0.5,0.0,1
prevalencia,xor-entrenamiento-166,0,0.5,0.0,1
prevalencia,xor-entrenamiento-167,1,0.5,0.0,1
prevalencia,xor-entrenamiento-168,1,0.5,0.0,1
prevalencia,xor-entrenamiento-169,0,0.5,0.0,1
prevalencia,xor-entrenamiento-170,0,0.5,0.0,1
prevalencia,xor-entrenamiento-171,1,0.5,0.0,1
prevalencia,xor-entrenamiento-172,0,0.5,0.0,1
prevalencia,xor-entrenamiento-173,1,0.5,0.0,1
prevalencia,xor-entrenamiento-174,1,0.5,0.0,1
prevalencia,xor-entrenamiento-175,0,0.5,0.0,1
prevalencia,xor-entrenamiento-176,1,0.5,0.0,1
prevalencia,xor-entrenamiento-177,0,0.5,0.0,1
prevalencia,xor-entrenamiento-178,1,0.5,0.0,1
prevalencia,xor-entrenamiento-179,0,0.5,0.0,1
prevalencia,xor-entrenamiento-180,1,0.5,0.0,1
prevalencia,xor-entrenamiento-181,0,0.5,0.0,1
prevalencia,xor-entrenamiento-182,1,0.5,0.0,1
prevalencia,xor-entrenamiento-183,1,0.5,0.0,1
prevalencia,xor-entrenamiento-184,1,0.5,0.0,1
prevalencia,xor-entrenamiento-185,1,0.5,0.0,1
prevalencia,xor-entrenamiento-186,0,0.5,0.0,1
prevalencia,xor-entrenamiento-187,1,0.5,0.0,1
prevalencia,xor-entrenamiento-188,1,0.5,0.0,1
prevalencia,xor-entrenamiento-189,1,0.5,0.0,1
prevalencia,xor-entrenamiento-190,1,0.5,0.0,1
prevalencia,xor-entrenamiento-191,1,0.5,0.0,1
lineal,xor-entrenamiento-000,0,0.5,0.0,1
lineal,xor-entrenamiento-001,0,0.5,0.0,1
lineal,xor-entrenamiento-002,1,0.5,0.0,1
lineal,xor-entrenamiento-003,1,0.5,0.0,1
lineal,xor-entrenamiento-004,1,0.5,0.0,1
lineal,xor-entrenamiento-005,1,0.5,0.0,1
lineal,xor-entrenamiento-006,1,0.5,0.0,1
lineal,xor-entrenamiento-007,1,0.5,0.0,1
lineal,xor-entrenamiento-008,1,0.5,0.0,1
lineal,xor-entrenamiento-009,1,0.5,0.0,1
lineal,xor-entrenamiento-010,1,0.5,0.0,1
lineal,xor-entrenamiento-011,0,0.5,0.0,1
lineal,xor-entrenamiento-012,0,0.5,0.0,1
lineal,xor-entrenamiento-013,1,0.5,0.0,1
lineal,xor-entrenamiento-014,1,0.5,0.0,1
lineal,xor-entrenamiento-015,1,0.5,0.0,1
lineal,xor-entrenamiento-016,1,0.5,0.0,1
lineal,xor-entrenamiento-017,0,0.5,0.0,1
lineal,xor-entrenamiento-018,1,0.5,0.0,1
lineal,xor-entrenamiento-019,0,0.5,0.0,1
lineal,xor-entrenamiento-020,0,0.5,0.0,1
lineal,xor-entrenamiento-021,1,0.5,0.0,1
lineal,xor-entrenamiento-022,1,0.5,0.0,1
lineal,xor-entrenamiento-023,1,0.5,0.0,1
lineal,xor-entrenamiento-024,0,0.5,0.0,1
lineal,xor-entrenamiento-025,0,0.5,0.0,1
lineal,xor-entrenamiento-026,0,0.5,0.0,1
lineal,xor-entrenamiento-027,1,0.5,0.0,1
lineal,xor-entrenamiento-028,1,0.5,0.0,1
lineal,xor-entrenamiento-029,0,0.5,0.0,1
lineal,xor-entrenamiento-030,1,0.5,0.0,1
lineal,xor-entrenamiento-031,0,0.5,0.0,1
lineal,xor-entrenamiento-032,0,0.5,0.0,1
lineal,xor-entrenamiento-033,0,0.5,0.0,1
lineal,xor-entrenamiento-034,1,0.5,0.0,1
lineal,xor-entrenamiento-035,1,0.5,0.0,1
lineal,xor-entrenamiento-036,1,0.5,0.0,1
lineal,xor-entrenamiento-037,1,0.5,0.0,1
lineal,xor-entrenamiento-038,1,0.5,0.0,1
lineal,xor-entrenamiento-039,0,0.5,0.0,1
lineal,xor-entrenamiento-040,0,0.5,0.0,1
lineal,xor-entrenamiento-041,1,0.5,0.0,1
lineal,xor-entrenamiento-042,0,0.5,0.0,1
lineal,xor-entrenamiento-043,0,0.5,0.0,1
lineal,xor-entrenamiento-044,0,0.5,0.0,1
lineal,xor-entrenamiento-045,0,0.5,0.0,1
lineal,xor-entrenamiento-046,0,0.5,0.0,1
lineal,xor-entrenamiento-047,1,0.5,0.0,1
lineal,xor-entrenamiento-048,1,0.5,0.0,1
lineal,xor-entrenamiento-049,1,0.5,0.0,1
lineal,xor-entrenamiento-050,0,0.5,0.0,1
lineal,xor-entrenamiento-051,0,0.5,0.0,1
lineal,xor-entrenamiento-052,0,0.5,0.0,1
lineal,xor-entrenamiento-053,1,0.5,0.0,1
lineal,xor-entrenamiento-054,0,0.5,0.0,1
lineal,xor-entrenamiento-055,0,0.5,0.0,1
lineal,xor-entrenamiento-056,0,0.5,0.0,1
lineal,xor-entrenamiento-057,1,0.5,0.0,1
lineal,xor-entrenamiento-058,0,0.5,0.0,1
lineal,xor-entrenamiento-059,0,0.5,0.0,1
lineal,xor-entrenamiento-060,1,0.5,0.0,1
lineal,xor-entrenamiento-061,1,0.5,0.0,1
lineal,xor-entrenamiento-062,0,0.5,0.0,1
lineal,xor-entrenamiento-063,0,0.5,0.0,1
lineal,xor-entrenamiento-064,1,0.5,0.0,1
lineal,xor-entrenamiento-065,0,0.5,0.0,1
lineal,xor-entrenamiento-066,1,0.5,0.0,1
lineal,xor-entrenamiento-067,0,0.5,0.0,1
lineal,xor-entrenamiento-068,1,0.5,0.0,1
lineal,xor-entrenamiento-069,1,0.5,0.0,1
lineal,xor-entrenamiento-070,1,0.5,0.0,1
lineal,xor-entrenamiento-071,0,0.5,0.0,1
lineal,xor-entrenamiento-072,1,0.5,0.0,1
lineal,xor-entrenamiento-073,0,0.5,0.0,1
lineal,xor-entrenamiento-074,1,0.5,0.0,1
lineal,xor-entrenamiento-075,1,0.5,0.0,1
lineal,xor-entrenamiento-076,0,0.5,0.0,1
lineal,xor-entrenamiento-077,1,0.5,0.0,1
lineal,xor-entrenamiento-078,1,0.5,0.0,1
lineal,xor-entrenamiento-079,0,0.5,0.0,1
lineal,xor-entrenamiento-080,1,0.5,0.0,1
lineal,xor-entrenamiento-081,1,0.5,0.0,1
lineal,xor-entrenamiento-082,1,0.5,0.0,1
lineal,xor-entrenamiento-083,0,0.5,0.0,1
lineal,xor-entrenamiento-084,0,0.5,0.0,1
lineal,xor-entrenamiento-085,1,0.5,0.0,1
lineal,xor-entrenamiento-086,1,0.5,0.0,1
lineal,xor-entrenamiento-087,0,0.5,0.0,1
lineal,xor-entrenamiento-088,0,0.5,0.0,1
lineal,xor-entrenamiento-089,1,0.5,0.0,1
lineal,xor-entrenamiento-090,1,0.5,0.0,1
lineal,xor-entrenamiento-091,0,0.5,0.0,1
lineal,xor-entrenamiento-092,0,0.5,0.0,1
lineal,xor-entrenamiento-093,1,0.5,0.0,1
lineal,xor-entrenamiento-094,1,0.5,0.0,1
lineal,xor-entrenamiento-095,0,0.5,0.0,1
lineal,xor-entrenamiento-096,0,0.5,0.0,1
lineal,xor-entrenamiento-097,1,0.5,0.0,1
lineal,xor-entrenamiento-098,1,0.5,0.0,1
lineal,xor-entrenamiento-099,1,0.5,0.0,1
lineal,xor-entrenamiento-100,0,0.5,0.0,1
lineal,xor-entrenamiento-101,1,0.5,0.0,1
lineal,xor-entrenamiento-102,1,0.5,0.0,1
lineal,xor-entrenamiento-103,1,0.5,0.0,1
lineal,xor-entrenamiento-104,0,0.5,0.0,1
lineal,xor-entrenamiento-105,1,0.5,0.0,1
lineal,xor-entrenamiento-106,0,0.5,0.0,1
lineal,xor-entrenamiento-107,0,0.5,0.0,1
lineal,xor-entrenamiento-108,1,0.5,0.0,1
lineal,xor-entrenamiento-109,0,0.5,0.0,1
lineal,xor-entrenamiento-110,1,0.5,0.0,1
lineal,xor-entrenamiento-111,0,0.5,0.0,1
lineal,xor-entrenamiento-112,0,0.5,0.0,1
lineal,xor-entrenamiento-113,0,0.5,0.0,1
lineal,xor-entrenamiento-114,1,0.5,0.0,1
lineal,xor-entrenamiento-115,0,0.5,0.0,1
lineal,xor-entrenamiento-116,0,0.5,0.0,1
lineal,xor-entrenamiento-117,1,0.5,0.0,1
lineal,xor-entrenamiento-118,1,0.5,0.0,1
lineal,xor-entrenamiento-119,0,0.5,0.0,1
lineal,xor-entrenamiento-120,0,0.5,0.0,1
lineal,xor-entrenamiento-121,0,0.5,0.0,1
lineal,xor-entrenamiento-122,1,0.5,0.0,1
lineal,xor-entrenamiento-123,0,0.5,0.0,1
lineal,xor-entrenamiento-124,1,0.5,0.0,1
lineal,xor-entrenamiento-125,1,0.5,0.0,1
lineal,xor-entrenamiento-126,1,0.5,0.0,1
lineal,xor-entrenamiento-127,0,0.5,0.0,1
lineal,xor-entrenamiento-128,1,0.5,0.0,1
lineal,xor-entrenamiento-129,0,0.5,0.0,1
lineal,xor-entrenamiento-130,0,0.5,0.0,1
lineal,xor-entrenamiento-131,0,0.5,0.0,1
lineal,xor-entrenamiento-132,1,0.5,0.0,1
lineal,xor-entrenamiento-133,0,0.5,0.0,1
lineal,xor-entrenamiento-134,0,0.5,0.0,1
lineal,xor-entrenamiento-135,0,0.5,0.0,1
lineal,xor-entrenamiento-136,0,0.5,0.0,1
lineal,xor-entrenamiento-137,1,0.5,0.0,1
lineal,xor-entrenamiento-138,1,0.5,0.0,1
lineal,xor-entrenamiento-139,0,0.5,0.0,1
lineal,xor-entrenamiento-140,1,0.5,0.0,1
lineal,xor-entrenamiento-141,1,0.5,0.0,1
lineal,xor-entrenamiento-142,0,0.5,0.0,1
lineal,xor-entrenamiento-143,0,0.5,0.0,1
lineal,xor-entrenamiento-144,1,0.5,0.0,1
lineal,xor-entrenamiento-145,1,0.5,0.0,1
lineal,xor-entrenamiento-146,0,0.5,0.0,1
lineal,xor-entrenamiento-147,0,0.5,0.0,1
lineal,xor-entrenamiento-148,0,0.5,0.0,1
lineal,xor-entrenamiento-149,0,0.5,0.0,1
lineal,xor-entrenamiento-150,0,0.5,0.0,1
lineal,xor-entrenamiento-151,0,0.5,0.0,1
lineal,xor-entrenamiento-152,0,0.5,0.0,1
lineal,xor-entrenamiento-153,0,0.5,0.0,1
lineal,xor-entrenamiento-154,0,0.5,0.0,1
lineal,xor-entrenamiento-155,0,0.5,0.0,1
lineal,xor-entrenamiento-156,1,0.5,0.0,1
lineal,xor-entrenamiento-157,0,0.5,0.0,1
lineal,xor-entrenamiento-158,0,0.5,0.0,1
lineal,xor-entrenamiento-159,1,0.5,0.0,1
lineal,xor-entrenamiento-160,0,0.5,0.0,1
lineal,xor-entrenamiento-161,0,0.5,0.0,1
lineal,xor-entrenamiento-162,0,0.5,0.0,1
lineal,xor-entrenamiento-163,1,0.5,0.0,1
lineal,xor-entrenamiento-164,0,0.5,0.0,1
lineal,xor-entrenamiento-165,0,0.5,0.0,1
lineal,xor-entrenamiento-166,0,0.5,0.0,1
lineal,xor-entrenamiento-167,1,0.5,0.0,1
lineal,xor-entrenamiento-168,1,0.5,0.0,1
lineal,xor-entrenamiento-169,0,0.5,0.0,1
lineal,xor-entrenamiento-170,0,0.5,0.0,1
lineal,xor-entrenamiento-171,1,0.5,0.0,1
lineal,xor-entrenamiento-172,0,0.5,0.0,1
lineal,xor-entrenamiento-173,1,0.5,0.0,1
lineal,xor-entrenamiento-174,1,0.5,0.0,1
lineal,xor-entrenamiento-175,0,0.5,0.0,1
lineal,xor-entrenamiento-176,1,0.5,0.0,1
lineal,xor-entrenamiento-177,0,0.5,0.0,1
lineal,xor-entrenamiento-178,1,0.5,0.0,1
lineal,xor-entrenamiento-179,0,0.5,0.0,1
lineal,xor-entrenamiento-180,1,0.5,0.0,1
lineal,xor-entrenamiento-181,0,0.5,0.0,1
lineal,xor-entrenamiento-182,1,0.5,0.0,1
lineal,xor-entrenamiento-183,1,0.5,0.0,1
lineal,xor-entrenamiento-184,1,0.5,0.0,1
lineal,xor-entrenamiento-185,1,0.5,0.0,1
lineal,xor-entrenamiento-186,0,0.5,0.0,1
lineal,xor-entrenamiento-187,1,0.5,0.0,1
lineal,xor-entrenamiento-188,1,0.5,0.0,1
lineal,xor-entrenamiento-189,1,0.5,0.0,1
lineal,xor-entrenamiento-190,1,0.5,0.0,1
lineal,xor-entrenamiento-191,1,0.5,0.0,1
red8,xor-entrenamiento-000,0,0.0013106072196793278,-6.635953255875052,0
red8,xor-entrenamiento-001,0,0.0005428500393483535,-7.518134449365877,0
red8,xor-entrenamiento-002,1,0.9995702373450356,7.751847611835079,1
red8,xor-entrenamiento-003,1,0.9980315223137447,6.228524365364914,1
red8,xor-entrenamiento-004,1,0.9977622169361097,6.100029316173523,1
red8,xor-entrenamiento-005,1,0.9888513847052793,4.4852287507061215,1
red8,xor-entrenamiento-006,1,0.9994245535657925,7.459788799030824,1
red8,xor-entrenamiento-007,1,0.9995096460328877,7.61989257156016,1
red8,xor-entrenamiento-008,1,0.9995367686775743,7.676820673527582,1
red8,xor-entrenamiento-009,1,0.9977923630894903,6.113622529460172,1
red8,xor-entrenamiento-010,1,0.9995552489640899,7.717551052257515,1
red8,xor-entrenamiento-011,0,0.04452387205451104,-3.066184283535904,0
red8,xor-entrenamiento-012,0,0.0003879876361592966,-7.854149021494705,0
red8,xor-entrenamiento-013,1,0.9995664836758901,7.743147495593653,1
red8,xor-entrenamiento-014,1,0.9853122681641066,4.205946038096341,1
red8,xor-entrenamiento-015,1,0.9988648383911574,6.7798444451464634,1
red8,xor-entrenamiento-016,1,0.9995633296860217,7.735895312167854,1
red8,xor-entrenamiento-017,0,0.0005375939127393053,-7.527869353380849,0
red8,xor-entrenamiento-018,1,0.9779813965570903,3.7936029408565584,1
red8,xor-entrenamiento-019,0,0.0011307240051796742,-6.78376577512229,0
red8,xor-entrenamiento-020,0,0.0002646188493368307,-8.236955417852933,0
red8,xor-entrenamiento-021,1,0.9921528184173654,4.839722712977337,1
red8,xor-entrenamiento-022,1,0.9743413699841008,3.6368817568769853,1
red8,xor-entrenamiento-023,1,0.993772324628642,5.072505002197475,1
red8,xor-entrenamiento-024,0,0.004063772062412339,-5.501571605661186,0
red8,xor-entrenamiento-025,0,0.0005849665699138558,-7.443370720082072,0
red8,xor-entrenamiento-026,0,0.007269892922810814,-4.9167172688106255,0
red8,xor-entrenamiento-027,1,0.9985005681145497,6.501168428489929,1
red8,xor-entrenamiento-028,1,0.9994764224355507,7.554301658812826,1
red8,xor-entrenamiento-029,0,0.006646578056854486,-5.006984369749055,0
red8,xor-entrenamiento-030,1,0.9946576575859627,5.226734404122239,1
red8,xor-entrenamiento-031,0,0.0006236260707036436,-7.379335794275206,0
red8,xor-entrenamiento-032,0,0.005125716091674893,-5.268346140876532,0
red8,xor-entrenamiento-033,0,0.0006657757153582546,-7.313891710425438,0
red8,xor-entrenamiento-034,1,0.9994459579251712,7.497715731143537,1
red8,xor-entrenamiento-035,1,0.9995689053878787,7.748751786707943,1
red8,xor-entrenamiento-036,1,0.9840396390682717,4.121557973310967,1
red8,xor-entrenamiento-037,1,0.999743412927283,8.267785866177862,1
red8,xor-entrenamiento-038,1,0.9997174317695061,8.171307904507213,1
red8,xor-entrenamiento-039,0,0.0005187255660553989,-7.563616728957928,0
red8,xor-entrenamiento-040,0,0.01234619556504865,-4.381984271770493,0
red8,xor-entrenamiento-041,1,0.9762169247742087,3.714710617965808,1
red8,xor-entrenamiento-042,0,0.0015863722070096908,-6.444717868619421,0
red8,xor-entrenamiento-043,0,0.0012988914140037251,-6.6449444010740235,0
red8,xor-entrenamiento-044,0,0.002642771888495975,-5.9332806847054815,0
red8,xor-entrenamiento-045,0,0.0208064179083889,-3.85146786509765,0
red8,xor-entrenamiento-046,0,0.0008128816454849112,-7.114111824310308,0
red8,xor-entrenamiento-047,1,0.9990114610657437,6.9182935010589315,1
red8,xor-entrenamiento-048,1,0.9993510771517222,7.339547592683082,1
red8,xor-entrenamiento-049,1,0.9630770512556031,3.261300145356963,1
red8,xor-entrenamiento-050,0,0.0024059845655056795,-6.0273871928547,0
red8,xor-entrenamiento-051,0,0.00020993296892049833,-8.468512318809314,0
red8,xor-entrenamiento-052,0,0.0018986830709682846,-6.26469426581734,0
red8,xor-entrenamiento-053,1,0.9968010496439661,5.741728458788242,1
red8,xor-entrenamiento-054,0,0.006420945827886575,-5.0417481981458065,0
red8,xor-entrenamiento-055,0,0.0006871914755187573,-7.2822101643297446,0
red8,xor-entrenamiento-056,0,0.012901019793991532,-4.33746395626122,0
red8,xor-entrenamiento-057,1,0.9985961159709865,6.567107706810401,1
red8,xor-entrenamiento-058,0,0.0007255704215570139,-7.22782659033563,0
red8,xor-entrenamiento-059,0,0.0045307014909323155,-5.392337500739857,0
red8,xor-entrenamiento-060,1,0.9986436487475515,6.601599815349542,1
red8,xor-entrenamiento-061,1,0.9997461178304923,8.278386383753254,1
red8,xor-entrenamiento-062,0,0.0007642396383992032,-7.1758646233350865,0
red8,xor-entrenamiento-063,0,0.0019674732955437552,-6.229035739237176,0
red8,xor-entrenamiento-064,1,0.9972623953808957,5.897930608833694,1
red8,xor-entrenamiento-065,0,0.0006041638360218078,-7.411060798703279,0
red8,xor-entrenamiento-066,1,0.9987310661017804,6.668308441591553,1
red8,xor-entrenamiento-067,0,0.0007679145306846125,-7.171063909652588,0
red8,xor-entrenamiento-068,1,0.9911723967831636,4.721004940246962,1
red8,xor-entrenamiento-069,1,0.9996576033596137,7.9791982704293885,1
red8,xor-entrenamiento-070,1,0.9955618270708254,5.413064438810394,1
red8,xor-entrenamiento-071,0,0.0014691840812936314,-6.521577814635512,0
red8,xor-entrenamiento-072,1,0.997729756124687,6.085595194414947,1
red8,xor-entrenamiento-073,0,0.004709028477642937,-5.3535535093632145,0
red8,xor-entrenamiento-074,1,0.9997651417017407,8.356293325938129,1
red8,xor-entrenamiento-075,1,0.9992366995819945,7.177095279650483,1
red8,xor-entrenamiento-076,0,0.005526282812966534,-5.192698265981112,0
red8,xor-entrenamiento-077,1,0.9953236959439276,5.360559940490567,1
red8,xor-entrenamiento-078,1,0.9975654077188225,6.015538416742347,1
red8,xor-entrenamiento-079,0,0.0005007013489542865,-7.59899991775349,0
red8,xor-entrenamiento-080,1,0.9979624971727581,6.193990743886876,1
red8,xor-entrenamiento-081,1,0.9983973478445765,6.434491487118415,1
red8,xor-entrenamiento-082,1,0.9978531323138404,6.141596213787012,1
red8,xor-entrenamiento-083,0,0.00023599830258827633,-8.351449919232518,0
red8,xor-entrenamiento-084,0,0.0006045836999647485,-7.4103656694798,0
red8,xor-entrenamiento-085,1,0.9997510797782021,8.29812915601507,1
red8,xor-entrenamiento-086,1,0.9900086078074023,4.595989696276449,1
red8,xor-entrenamiento-087,0,0.0008311808574358669,-7.091831621998524,0
red8,xor-entrenamiento-088,0,0.0037341149989818007,-5.5865033323269255,0
red8,xor-entrenamiento-089,1,0.9848267916098106,4.172934512901856,1
red8,xor-entrenamiento-090,1,0.9994798033982492,7.560783405602167,1
red8,xor-entrenamiento-091,0,0.005756023446414972,-5.151735763384194,0
red8,xor-entrenamiento-092,0,0.01263097697113354,-4.358891566482995,0
red8,xor-entrenamiento-093,1,0.9959794440577615,5.5123064317170485,1
red8,xor-entrenamiento-094,1,0.9992517579637543,7.197035532352245,1
red8,xor-entrenamiento-095,0,0.0032669292158531912,-5.7206325357233245,0
red8,xor-entrenamiento-096,0,0.0008260443126148773,-7.098035752973532,0
red8,xor-entrenamiento-097,1,0.9952195522152174,5.33842914736985,1
red8,xor-entrenamiento-098,1,0.9944739803984923,5.192746160813875,1
red8,xor-entrenamiento-099,1,0.9988827390523685,6.795757285919357,1
red8,xor-entrenamiento-100,0,0.00026369337205746623,-8.240459871180395,0
red8,xor-entrenamiento-101,1,0.9990002505807541,6.907005641634861,1
red8,xor-entrenamiento-102,1,0.9991024745080103,7.014971106164887,1
red8,xor-entrenamiento-103,1,0.997591312315427,6.0262616157728734,1
red8,xor-entrenamiento-104,0,0.007442825172255363,-4.893034113561018,0
red8,xor-entrenamiento-105,1,0.9993136549969268,7.283443556082794,1
red8,xor-entrenamiento-106,0,0.020022486255091617,-3.890673671500789,0
red8,xor-entrenamiento-107,0,0.0007028466100554036,-7.259668789616523,0
red8,xor-entrenamiento-108,1,0.9953906024035093,5.375038050097049,1
red8,xor-entrenamiento-109,0,0.00285558022295289,-5.855620560895713,0
red8,xor-entrenamiento-110,1,0.9752529203609142,3.6739893551839855,1
red8,xor-entrenamiento-111,0,0.011766507251500136,-4.430661871371239,0
red8,xor-entrenamiento-112,0,0.0018181079088679982,-6.308139166502307,0
red8,xor-entrenamiento-113,0,0.0005505743684229479,-7.50399779243248,0
red8,xor-entrenamiento-114,1,0.9956833132815064,5.440941103794838,1
red8,xor-entrenamiento-115,0,0.010555748680314043,-4.540472813075776,0
red8,xor-entrenamiento-116,0,0.0027616907685559015,-5.889146678239187,0
red8,xor-entrenamiento-117,1,0.9997598763230829,8.33411629435546,1
red8,xor-entrenamiento-118,1,0.9980744037055677,6.250592143229239,1
red8,xor-entrenamiento-119,0,0.00863708707315943,-4.743015294438212,0
red8,xor-entrenamiento-120,0,0.0012099233844088478,-6.715987584115921,0
red8,xor-entrenamiento-121,0,0.0017200323652406277,-6.363690658014102,0
red8,xor-entrenamiento-122,1,0.9982972693349272,6.373817861066745,1
red8,xor-entrenamiento-123,0,0.03231003402229175,-3.399533920062543,0
red8,xor-entrenamiento-124,1,0.9987439657037075,6.678539081575074,1
red8,xor-entrenamiento-125,1,0.9995497085918545,7.705165218308996,1
red8,xor-entrenamiento-126,1,0.9742850854905946,3.634632801711631,1
red8,xor-entrenamiento-127,0,0.004538530003632779,-5.390603246706214,0
red8,xor-entrenamiento-128,1,0.9945350462551811,5.203919680050091,1
red8,xor-entrenamiento-129,0,0.008761255755302453,-4.728616172035609,0
red8,xor-entrenamiento-130,0,0.0008546967656572292,-7.063908749757096,0
red8,xor-entrenamiento-131,0,0.0011508122692848435,-6.76613578985489,0
red8,xor-entrenamiento-132,1,0.9996800718090653,8.04709401130267,1
red8,xor-entrenamiento-133,0,0.005370713705726981,-5.22140928536207,0
red8,xor-entrenamiento-134,0,0.00033846993636079396,-7.990736756621959,0
red8,xor-entrenamiento-135,0,0.005082246206724008,-5.276906743696396,0
red8,xor-entrenamiento-136,0,0.007548974335412139,-4.878765962507066,0
red8,xor-entrenamiento-137,1,0.9997020099027448,8.118152268193297,1
red8,xor-entrenamiento-138,1,0.9956667920003633,5.437104510212802,1
red8,xor-entrenamiento-139,0,0.00032601647186016606,-8.028236581068814,0
red8,xor-entrenamiento-140,1,0.9918678301618888,4.803762081977514,1
red8,xor-entrenamiento-141,1,0.9976531702006605,6.0523402952120025,1
red8,xor-entrenamiento-142,0,0.0002378202701763502,-8.343757488347636,0
red8,xor-entrenamiento-143,0,0.0006069293289154864,-7.4064910869256915,0
red8,xor-entrenamiento-144,1,0.9980124255678415,6.218850709715027,1
red8,xor-entrenamiento-145,1,0.9988796486123537,6.79299192446059,1
red8,xor-entrenamiento-146,0,0.011174059043299189,-4.482923386133065,0
red8,xor-entrenamiento-147,0,0.00028687462882752716,-8.156178355212477,0
red8,xor-entrenamiento-148,0,0.00028713632357231636,-8.155266282398488,0
red8,xor-entrenamiento-149,0,0.006910383406821333,-4.967795786272438,0
red8,xor-entrenamiento-150,0,0.0005383635420348938,-7.526437988803211,0
red8,xor-entrenamiento-151,0,0.0009411204891660607,-6.9674978192075505,0
red8,xor-entrenamiento-152,0,0.0006523247329831132,-7.3343155257148025,0
red8,xor-entrenamiento-153,0,0.009681670269983948,-4.62779200167014,0
red8,xor-entrenamiento-154,0,0.000520599896659518,-7.560008028450648,0
red8,xor-entrenamiento-155,0,0.0004576984093584456,-7.688842282418356,0
red8,xor-entrenamiento-156,1,0.9995093744388468,7.619338579719269,1
red8,xor-entrenamiento-157,0,0.001007001051809564,-6.89977111233017,0
red8,xor-entrenamiento-158,0,0.0012860458521279396,-6.654896125440669,0
red8,xor-entrenamiento-159,1,0.9993383002370326,7.320036716381037,1
red8,xor-entrenamiento-160,0,0.0006402986396034881,-7.352935362347084,0
red8,xor-entrenamiento-161,0,0.000779600952246945,-7.155948463876707,0
red8,xor-entrenamiento-162,0,0.0006132553858018103,-7.3961156489685775,0
red8,xor-entrenamiento-163,1,0.9893810412398898,4.5344385709143396,1
red8,xor-entrenamiento-164,0,0.008823661742510964,-4.721455510803364,0
red8,xor-entrenamiento-165,0,0.0005573241882748629,-7.491805982168965,0
red8,xor-entrenamiento-166,0,0.013688862068161407,-4.277389346082317,0
red8,xor-entrenamiento-167,1,0.9959162771371768,5.496654156202294,1
red8,xor-entrenamiento-168,1,0.9995035495892065,7.607530383339882,1
red8,xor-entrenamiento-169,0,0.0013803461697431054,-6.584039663904992,0
red8,xor-entrenamiento-170,0,0.00026387035980447417,-8.239788731595043,0
red8,xor-entrenamiento-171,1,0.9925168329488328,4.8875878676282065,1
red8,xor-entrenamiento-172,0,0.0015351757227823491,-6.4775740717999355,0
red8,xor-entrenamiento-173,1,0.9921377196116412,4.837785237794341,1
red8,xor-entrenamiento-174,1,0.9918592148126015,4.802694540930582,1
red8,xor-entrenamiento-175,0,0.0005482637245267467,-7.508205723567046,0
red8,xor-entrenamiento-176,1,0.9874645313420939,4.366578459644381,1
red8,xor-entrenamiento-177,0,0.005184095147522644,-5.256962386835345,0
red8,xor-entrenamiento-178,1,0.9995622807808867,7.7334950903563415,1
red8,xor-entrenamiento-179,0,0.003409306905076016,-5.677831130153983,0
red8,xor-entrenamiento-180,1,0.9931482579831191,4.976377027028646,1
red8,xor-entrenamiento-181,0,0.0007354504507047043,-7.214291667343573,0
red8,xor-entrenamiento-182,1,0.9997355756189424,8.237690782116237,1
red8,xor-entrenamiento-183,1,0.9992689931511642,7.220356454961354,1
red8,xor-entrenamiento-184,1,0.9993604130107562,7.3540481276193725,1
red8,xor-entrenamiento-185,1,0.9997363671314176,8.24068940435114,1
red8,xor-entrenamiento-186,0,0.00042420940726236336,-7.764859040191126,0
red8,xor-entrenamiento-187,1,0.9993076458062409,7.274720298618436,1
red8,xor-entrenamiento-188,1,0.9997276767112627,8.20824827553885,1
red8,xor-entrenamiento-189,1,0.9996801174666635,8.04723677917893,1
red8,xor-entrenamiento-190,1,0.9994809820631451,7.56305296230821,1
red8,xor-entrenamiento-191,1,0.9994350617766138,7.478229074074146,1
