caso_id,horas_uso,consumo_kwh
grupos-entrenamiento-001,2.04,89.16
grupos-entrenamiento-002,1.72,80.21
grupos-entrenamiento-003,2.33,23.82
grupos-entrenamiento-004,1.45,37.79
grupos-entrenamiento-005,9.61,244.21
grupos-entrenamiento-006,18.09,69.92
grupos-entrenamiento-007,20.58,129.34
grupos-entrenamiento-008,20.67,84.60
grupos-entrenamiento-009,3.29,29.48
grupos-entrenamiento-010,18.64,51.15
grupos-entrenamiento-011,10.95,229.13
grupos-entrenamiento-012,3.29,54.17
grupos-entrenamiento-013,11.13,234.65
grupos-entrenamiento-014,0.91,47.68
grupos-entrenamiento-015,16.45,82.05
grupos-entrenamiento-016,4.08,27.71
grupos-entrenamiento-017,18.56,98.29
grupos-entrenamiento-018,2.35,45.53
grupos-entrenamiento-019,19.27,77.27
grupos-entrenamiento-020,19.76,80.03
grupos-entrenamiento-021,18.66,84.11
grupos-entrenamiento-022,20.34,58.37
grupos-entrenamiento-023,10.92,244.45
grupos-entrenamiento-024,19.15,69.61
grupos-entrenamiento-025,3.72,82.52
grupos-entrenamiento-026,18.25,68.85
grupos-entrenamiento-027,0.00,81.88
grupos-entrenamiento-028,11.11,255.28
grupos-entrenamiento-029,11.14,237.65
grupos-entrenamiento-030,18.11,65.15
grupos-entrenamiento-031,1.19,52.11
grupos-entrenamiento-032,3.75,81.87
grupos-entrenamiento-033,4.10,73.63
grupos-entrenamiento-034,4.17,67.52
grupos-entrenamiento-035,2.76,47.68
grupos-entrenamiento-036,12.28,234.27
grupos-entrenamiento-037,11.42,260.27
grupos-entrenamiento-038,2.58,29.61
grupos-entrenamiento-039,10.30,227.18
grupos-entrenamiento-040,20.13,87.88
grupos-entrenamiento-041,19.90,47.05
grupos-entrenamiento-042,11.72,198.59
grupos-entrenamiento-043,10.09,242.59
grupos-entrenamiento-044,10.90,225.60
grupos-entrenamiento-045,10.69,223.66
grupos-entrenamiento-046,11.75,235.04
grupos-entrenamiento-047,11.41,242.66
grupos-entrenamiento-048,20.06,80.42
grupos-entrenamiento-049,10.30,255.21
grupos-entrenamiento-050,10.52,235.69
grupos-entrenamiento-051,19.37,70.10
grupos-entrenamiento-052,10.47,227.02
grupos-entrenamiento-053,10.54,239.16
grupos-entrenamiento-054,9.10,236.42
grupos-entrenamiento-055,11.27,253.26
grupos-entrenamiento-056,19.69,22.44
grupos-entrenamiento-057,3.25,71.20
grupos-entrenamiento-058,4.38,77.25
grupos-entrenamiento-059,15.83,36.16
grupos-entrenamiento-060,18.93,59.97
grupos-entrenamiento-061,11.21,218.34
grupos-entrenamiento-062,8.84,234.99
grupos-entrenamiento-063,10.26,237.13
grupos-entrenamiento-064,19.96,55.42
grupos-entrenamiento-065,17.99,89.94
grupos-entrenamiento-066,9.90,231.55
grupos-entrenamiento-067,20.79,103.45
grupos-entrenamiento-068,20.01,66.02
grupos-entrenamiento-069,1.59,37.57
grupos-entrenamiento-070,18.89,86.66
grupos-entrenamiento-071,19.96,96.33
grupos-entrenamiento-072,20.23,92.48
grupos-entrenamiento-073,2.60,57.06
grupos-entrenamiento-074,9.33,230.35
grupos-entrenamiento-075,2.59,70.91
grupos-entrenamiento-076,2.37,28.08
grupos-entrenamiento-077,3.20,40.16
grupos-entrenamiento-078,18.82,68.17
grupos-entrenamiento-079,10.86,254.89
grupos-entrenamiento-080,4.95,64.80
grupos-entrenamiento-081,19.50,77.86
grupos-entrenamiento-082,2.72,22.19
grupos-entrenamiento-083,11.20,234.55
grupos-entrenamiento-084,12.11,213.50
grupos-entrenamiento-085,3.49,49.14
grupos-entrenamiento-086,2.99,54.28
grupos-entrenamiento-087,17.08,103.26
grupos-entrenamiento-088,2.79,29.56
grupos-entrenamiento-089,3.55,74.59
grupos-entrenamiento-090,9.47,217.37
