candidato,caso_id,senal_previa,real,probabilidad_1,prediccion,resultado,fuera_rango
mayoria,equilibrado-entrenamiento-001,5.0,0,0.45,0,VN,False
mayoria,equilibrado-entrenamiento-002,5.0,0,0.45,0,VN,False
mayoria,equilibrado-entrenamiento-003,5.0,0,0.45,0,VN,False
mayoria,equilibrado-entrenamiento-004,5.0,0,0.45,0,VN,False
mayoria,equilibrado-entrenamiento-005,5.0,0,0.45,0,VN,False
mayoria,equilibrado-entrenamiento-006,5.0,0,0.45,0,VN,False
mayoria,equilibrado-entrenamiento-007,5.0,0,0.45,0,VN,False
mayoria,equilibrado-entrenamiento-008,5.0,0,0.45,0,VN,False
mayoria,equilibrado-entrenamiento-009,15.0,1,0.45,0,FN,False
mayoria,equilibrado-entrenamiento-010,15.0,0,0.45,0,VN,False
mayoria,equilibrado-entrenamiento-011,15.0,0,0.45,0,VN,False
mayoria,equilibrado-entrenamiento-012,15.0,0,0.45,0,VN,False
mayoria,equilibrado-entrenamiento-013,15.0,0,0.45,0,VN,False
mayoria,equilibrado-entrenamiento-014,15.0,0,0.45,0,VN,False
mayoria,equilibrado-entrenamiento-015,15.0,0,0.45,0,VN,False
mayoria,equilibrado-entrenamiento-016,15.0,0,0.45,0,VN,False
mayoria,equilibrado-entrenamiento-017,25.0,1,0.45,0,FN,False
mayoria,equilibrado-entrenamiento-018,25.0,0,0.45,0,VN,False
mayoria,equilibrado-entrenamiento-019,25.0,0,0.45,0,VN,False
mayoria,equilibrado-entrenamiento-020,25.0,0,0.45,0,VN,False
mayoria,equilibrado-entrenamiento-021,25.0,0,0.45,0,VN,False
mayoria,equilibrado-entrenamiento-022,25.0,0,0.45,0,VN,False
mayoria,equilibrado-entrenamiento-023,25.0,0,0.45,0,VN,False
mayoria,equilibrado-entrenamiento-024,25.0,0,0.45,0,VN,False
mayoria,equilibrado-entrenamiento-025,35.0,1,0.45,0,FN,False
mayoria,equilibrado-entrenamiento-026,35.0,1,0.45,0,FN,False
mayoria,equilibrado-entrenamiento-027,35.0,0,0.45,0,VN,False
mayoria,equilibrado-entrenamiento-028,35.0,0,0.45,0,VN,False
mayoria,equilibrado-entrenamiento-029,35.0,0,0.45,0,VN,False
mayoria,equilibrado-entrenamiento-030,35.0,0,0.45,0,VN,False
mayoria,equilibrado-entrenamiento-031,35.0,0,0.45,0,VN,False
mayoria,equilibrado-entrenamiento-032,35.0,0,0.45,0,VN,False
mayoria,equilibrado-entrenamiento-033,45.0,1,0.45,0,FN,False
mayoria,equilibrado-entrenamiento-034,45.0,1,0.45,0,FN,False
mayoria,equilibrado-entrenamiento-035,45.0,1,0.45,0,FN,False
mayoria,equilibrado-entrenamiento-036,45.0,0,0.45,0,VN,False
mayoria,equilibrado-entrenamiento-037,45.0,0,0.45,0,VN,False
mayoria,equilibrado-entrenamiento-038,45.0,0,0.45,0,VN,False
mayoria,equilibrado-entrenamiento-039,45.0,0,0.45,0,VN,False
mayoria,equilibrado-entrenamiento-040,45.0,0,0.45,0,VN,False
mayoria,equilibrado-entrenamiento-041,55.0,1,0.45,0,FN,False
mayoria,equilibrado-entrenamiento-042,55.0,1,0.45,0,FN,False
mayoria,equilibrado-entrenamiento-043,55.0,1,0.45,0,FN,False
mayoria,equilibrado-entrenamiento-044,55.0,1,0.45,0,FN,False
mayoria,equilibrado-entrenamiento-045,55.0,0,0.45,0,VN,False
mayoria,equilibrado-entrenamiento-046,55.0,0,0.45,0,VN,False
mayoria,equilibrado-entrenamiento-047,55.0,0,0.45,0,VN,False
mayoria,equilibrado-entrenamiento-048,55.0,0,0.45,0,VN,False
mayoria,equilibrado-entrenamiento-049,65.0,1,0.45,0,FN,False
mayoria,equilibrado-entrenamiento-050,65.0,1,0.45,0,FN,False
mayoria,equilibrado-entrenamiento-051,65.0,1,0.45,0,FN,False
mayoria,equilibrado-entrenamiento-052,65.0,1,0.45,0,FN,False
mayoria,equilibrado-entrenamiento-053,65.0,1,0.45,0,FN,False
mayoria,equilibrado-entrenamiento-054,65.0,0,0.45,0,VN,False
mayoria,equilibrado-entrenamiento-055,65.0,0,0.45,0,VN,False
mayoria,equilibrado-entrenamiento-056,65.0,0,0.45,0,VN,False
mayoria,equilibrado-entrenamiento-057,75.0,1,0.45,0,FN,False
mayoria,equilibrado-entrenamiento-058,75.0,1,0.45,0,FN,False
mayoria,equilibrado-entrenamiento-059,75.0,1,0.45,0,FN,False
mayoria,equilibrado-entrenamiento-060,75.0,1,0.45,0,FN,False
mayoria,equilibrado-entrenamiento-061,75.0,1,0.45,0,FN,False
mayoria,equilibrado-entrenamiento-062,75.0,1,0.45,0,FN,False
mayoria,equilibrado-entrenamiento-063,75.0,0,0.45,0,VN,False
mayoria,equilibrado-entrenamiento-064,75.0,0,0.45,0,VN,False
mayoria,equilibrado-entrenamiento-065,85.0,1,0.45,0,FN,False
mayoria,equilibrado-entrenamiento-066,85.0,1,0.45,0,FN,False
mayoria,equilibrado-entrenamiento-067,85.0,1,0.45,0,FN,False
mayoria,equilibrado-entrenamiento-068,85.0,1,0.45,0,FN,False
mayoria,equilibrado-entrenamiento-069,85.0,1,0.45,0,FN,False
mayoria,equilibrado-entrenamiento-070,85.0,1,0.45,0,FN,False
mayoria,equilibrado-entrenamiento-071,85.0,1,0.45,0,FN,False
mayoria,equilibrado-entrenamiento-072,85.0,0,0.45,0,VN,False
mayoria,equilibrado-entrenamiento-073,95.0,1,0.45,0,FN,False
mayoria,equilibrado-entrenamiento-074,95.0,1,0.45,0,FN,False
mayoria,equilibrado-entrenamiento-075,95.0,1,0.45,0,FN,False
mayoria,equilibrado-entrenamiento-076,95.0,1,0.45,0,FN,False
mayoria,equilibrado-entrenamiento-077,95.0,1,0.45,0,FN,False
mayoria,equilibrado-entrenamiento-078,95.0,1,0.45,0,FN,False
mayoria,equilibrado-entrenamiento-079,95.0,1,0.45,0,FN,False
mayoria,equilibrado-entrenamiento-080,95.0,0,0.45,0,VN,False
siempre_1,equilibrado-entrenamiento-001,5.0,0,,1,FP,False
siempre_1,equilibrado-entrenamiento-002,5.0,0,,1,FP,False
siempre_1,equilibrado-entrenamiento-003,5.0,0,,1,FP,False
siempre_1,equilibrado-entrenamiento-004,5.0,0,,1,FP,False
siempre_1,equilibrado-entrenamiento-005,5.0,0,,1,FP,False
siempre_1,equilibrado-entrenamiento-006,5.0,0,,1,FP,False
siempre_1,equilibrado-entrenamiento-007,5.0,0,,1,FP,False
siempre_1,equilibrado-entrenamiento-008,5.0,0,,1,FP,False
siempre_1,equilibrado-entrenamiento-009,15.0,1,,1,VP,False
siempre_1,equilibrado-entrenamiento-010,15.0,0,,1,FP,False
siempre_1,equilibrado-entrenamiento-011,15.0,0,,1,FP,False
siempre_1,equilibrado-entrenamiento-012,15.0,0,,1,FP,False
siempre_1,equilibrado-entrenamiento-013,15.0,0,,1,FP,False
siempre_1,equilibrado-entrenamiento-014,15.0,0,,1,FP,False
siempre_1,equilibrado-entrenamiento-015,15.0,0,,1,FP,False
siempre_1,equilibrado-entrenamiento-016,15.0,0,,1,FP,False
siempre_1,equilibrado-entrenamiento-017,25.0,1,,1,VP,False
siempre_1,equilibrado-entrenamiento-018,25.0,0,,1,FP,False
siempre_1,equilibrado-entrenamiento-019,25.0,0,,1,FP,False
siempre_1,equilibrado-entrenamiento-020,25.0,0,,1,FP,False
siempre_1,equilibrado-entrenamiento-021,25.0,0,,1,FP,False
siempre_1,equilibrado-entrenamiento-022,25.0,0,,1,FP,False
siempre_1,equilibrado-entrenamiento-023,25.0,0,,1,FP,False
siempre_1,equilibrado-entrenamiento-024,25.0,0,,1,FP,False
siempre_1,equilibrado-entrenamiento-025,35.0,1,,1,VP,False
siempre_1,equilibrado-entrenamiento-026,35.0,1,,1,VP,False
siempre_1,equilibrado-entrenamiento-027,35.0,0,,1,FP,False
siempre_1,equilibrado-entrenamiento-028,35.0,0,,1,FP,False
siempre_1,equilibrado-entrenamiento-029,35.0,0,,1,FP,False
siempre_1,equilibrado-entrenamiento-030,35.0,0,,1,FP,False
siempre_1,equilibrado-entrenamiento-031,35.0,0,,1,FP,False
siempre_1,equilibrado-entrenamiento-032,35.0,0,,1,FP,False
siempre_1,equilibrado-entrenamiento-033,45.0,1,,1,VP,False
siempre_1,equilibrado-entrenamiento-034,45.0,1,,1,VP,False
siempre_1,equilibrado-entrenamiento-035,45.0,1,,1,VP,False
siempre_1,equilibrado-entrenamiento-036,45.0,0,,1,FP,False
siempre_1,equilibrado-entrenamiento-037,45.0,0,,1,FP,False
siempre_1,equilibrado-entrenamiento-038,45.0,0,,1,FP,False
siempre_1,equilibrado-entrenamiento-039,45.0,0,,1,FP,False
siempre_1,equilibrado-entrenamiento-040,45.0,0,,1,FP,False
siempre_1,equilibrado-entrenamiento-041,55.0,1,,1,VP,False
siempre_1,equilibrado-entrenamiento-042,55.0,1,,1,VP,False
siempre_1,equilibrado-entrenamiento-043,55.0,1,,1,VP,False
siempre_1,equilibrado-entrenamiento-044,55.0,1,,1,VP,False
siempre_1,equilibrado-entrenamiento-045,55.0,0,,1,FP,False
siempre_1,equilibrado-entrenamiento-046,55.0,0,,1,FP,False
siempre_1,equilibrado-entrenamiento-047,55.0,0,,1,FP,False
siempre_1,equilibrado-entrenamiento-048,55.0,0,,1,FP,False
siempre_1,equilibrado-entrenamiento-049,65.0,1,,1,VP,False
siempre_1,equilibrado-entrenamiento-050,65.0,1,,1,VP,False
siempre_1,equilibrado-entrenamiento-051,65.0,1,,1,VP,False
siempre_1,equilibrado-entrenamiento-052,65.0,1,,1,VP,False
siempre_1,equilibrado-entrenamiento-053,65.0,1,,1,VP,False
siempre_1,equilibrado-entrenamiento-054,65.0,0,,1,FP,False
siempre_1,equilibrado-entrenamiento-055,65.0,0,,1,FP,False
siempre_1,equilibrado-entrenamiento-056,65.0,0,,1,FP,False
siempre_1,equilibrado-entrenamiento-057,75.0,1,,1,VP,False
siempre_1,equilibrado-entrenamiento-058,75.0,1,,1,VP,False
siempre_1,equilibrado-entrenamiento-059,75.0,1,,1,VP,False
siempre_1,equilibrado-entrenamiento-060,75.0,1,,1,VP,False
siempre_1,equilibrado-entrenamiento-061,75.0,1,,1,VP,False
siempre_1,equilibrado-entrenamiento-062,75.0,1,,1,VP,False
siempre_1,equilibrado-entrenamiento-063,75.0,0,,1,FP,False
siempre_1,equilibrado-entrenamiento-064,75.0,0,,1,FP,False
siempre_1,equilibrado-entrenamiento-065,85.0,1,,1,VP,False
siempre_1,equilibrado-entrenamiento-066,85.0,1,,1,VP,False
siempre_1,equilibrado-entrenamiento-067,85.0,1,,1,VP,False
siempre_1,equilibrado-entrenamiento-068,85.0,1,,1,VP,False
siempre_1,equilibrado-entrenamiento-069,85.0,1,,1,VP,False
siempre_1,equilibrado-entrenamiento-070,85.0,1,,1,VP,False
siempre_1,equilibrado-entrenamiento-071,85.0,1,,1,VP,False
siempre_1,equilibrado-entrenamiento-072,85.0,0,,1,FP,False
siempre_1,equilibrado-entrenamiento-073,95.0,1,,1,VP,False
siempre_1,equilibrado-entrenamiento-074,95.0,1,,1,VP,False
siempre_1,equilibrado-entrenamiento-075,95.0,1,,1,VP,False
siempre_1,equilibrado-entrenamiento-076,95.0,1,,1,VP,False
siempre_1,equilibrado-entrenamiento-077,95.0,1,,1,VP,False
siempre_1,equilibrado-entrenamiento-078,95.0,1,,1,VP,False
siempre_1,equilibrado-entrenamiento-079,95.0,1,,1,VP,False
siempre_1,equilibrado-entrenamiento-080,95.0,0,,1,FP,False
logistica_050,equilibrado-entrenamiento-001,5.0,0,0.0627886122582949,0,VN,False
logistica_050,equilibrado-entrenamiento-002,5.0,0,0.0627886122582949,0,VN,False
logistica_050,equilibrado-entrenamiento-003,5.0,0,0.0627886122582949,0,VN,False
logistica_050,equilibrado-entrenamiento-004,5.0,0,0.0627886122582949,0,VN,False
logistica_050,equilibrado-entrenamiento-005,5.0,0,0.0627886122582949,0,VN,False
logistica_050,equilibrado-entrenamiento-006,5.0,0,0.0627886122582949,0,VN,False
logistica_050,equilibrado-entrenamiento-007,5.0,0,0.0627886122582949,0,VN,False
logistica_050,equilibrado-entrenamiento-008,5.0,0,0.0627886122582949,0,VN,False
logistica_050,equilibrado-entrenamiento-009,15.0,1,0.10242905741116215,0,FN,False
logistica_050,equilibrado-entrenamiento-010,15.0,0,0.10242905741116215,0,VN,False
logistica_050,equilibrado-entrenamiento-011,15.0,0,0.10242905741116215,0,VN,False
logistica_050,equilibrado-entrenamiento-012,15.0,0,0.10242905741116215,0,VN,False
logistica_050,equilibrado-entrenamiento-013,15.0,0,0.10242905741116215,0,VN,False
logistica_050,equilibrado-entrenamiento-014,15.0,0,0.10242905741116215,0,VN,False
logistica_050,equilibrado-entrenamiento-015,15.0,0,0.10242905741116215,0,VN,False
logistica_050,equilibrado-entrenamiento-016,15.0,0,0.10242905741116215,0,VN,False
logistica_050,equilibrado-entrenamiento-017,25.0,1,0.16274987911453084,0,FN,False
logistica_050,equilibrado-entrenamiento-018,25.0,0,0.16274987911453084,0,VN,False
logistica_050,equilibrado-entrenamiento-019,25.0,0,0.16274987911453084,0,VN,False
logistica_050,equilibrado-entrenamiento-020,25.0,0,0.16274987911453084,0,VN,False
logistica_050,equilibrado-entrenamiento-021,25.0,0,0.16274987911453084,0,VN,False
logistica_050,equilibrado-entrenamiento-022,25.0,0,0.16274987911453084,0,VN,False
logistica_050,equilibrado-entrenamiento-023,25.0,0,0.16274987911453084,0,VN,False
logistica_050,equilibrado-entrenamiento-024,25.0,0,0.16274987911453084,0,VN,False
logistica_050,equilibrado-entrenamiento-025,35.0,1,0.24874910302878536,0,FN,False
logistica_050,equilibrado-entrenamiento-026,35.0,1,0.24874910302878536,0,FN,False
logistica_050,equilibrado-entrenamiento-027,35.0,0,0.24874910302878536,0,VN,False
logistica_050,equilibrado-entrenamiento-028,35.0,0,0.24874910302878536,0,VN,False
logistica_050,equilibrado-entrenamiento-029,35.0,0,0.24874910302878536,0,VN,False
logistica_050,equilibrado-entrenamiento-030,35.0,0,0.24874910302878536,0,VN,False
logistica_050,equilibrado-entrenamiento-031,35.0,0,0.24874910302878536,0,VN,False
logistica_050,equilibrado-entrenamiento-032,35.0,0,0.24874910302878536,0,VN,False
logistica_050,equilibrado-entrenamiento-033,45.0,1,0.3606183128505714,0,FN,False
logistica_050,equilibrado-entrenamiento-034,45.0,1,0.3606183128505714,0,FN,False
logistica_050,equilibrado-entrenamiento-035,45.0,1,0.3606183128505714,0,FN,False
logistica_050,equilibrado-entrenamiento-036,45.0,0,0.3606183128505714,0,VN,False
logistica_050,equilibrado-entrenamiento-037,45.0,0,0.3606183128505714,0,VN,False
logistica_050,equilibrado-entrenamiento-038,45.0,0,0.3606183128505714,0,VN,False
logistica_050,equilibrado-entrenamiento-039,45.0,0,0.3606183128505714,0,VN,False
logistica_050,equilibrado-entrenamiento-040,45.0,0,0.3606183128505714,0,VN,False
logistica_050,equilibrado-entrenamiento-041,55.0,1,0.4899843165310833,0,FN,False
logistica_050,equilibrado-entrenamiento-042,55.0,1,0.4899843165310833,0,FN,False
logistica_050,equilibrado-entrenamiento-043,55.0,1,0.4899843165310833,0,FN,False
logistica_050,equilibrado-entrenamiento-044,55.0,1,0.4899843165310833,0,FN,False
logistica_050,equilibrado-entrenamiento-045,55.0,0,0.4899843165310833,0,VN,False
logistica_050,equilibrado-entrenamiento-046,55.0,0,0.4899843165310833,0,VN,False
logistica_050,equilibrado-entrenamiento-047,55.0,0,0.4899843165310833,0,VN,False
logistica_050,equilibrado-entrenamiento-048,55.0,0,0.4899843165310833,0,VN,False
logistica_050,equilibrado-entrenamiento-049,65.0,1,0.6207058597968704,1,VP,False
logistica_050,equilibrado-entrenamiento-050,65.0,1,0.6207058597968704,1,VP,False
logistica_050,equilibrado-entrenamiento-051,65.0,1,0.6207058597968704,1,VP,False
logistica_050,equilibrado-entrenamiento-052,65.0,1,0.6207058597968704,1,VP,False
logistica_050,equilibrado-entrenamiento-053,65.0,1,0.6207058597968704,1,VP,False
logistica_050,equilibrado-entrenamiento-054,65.0,0,0.6207058597968704,1,FP,False
logistica_050,equilibrado-entrenamiento-055,65.0,0,0.6207058597968704,1,FP,False
logistica_050,equilibrado-entrenamiento-056,65.0,0,0.6207058597968704,1,FP,False
logistica_050,equilibrado-entrenamiento-057,75.0,1,0.7359762372670232,1,VP,False
logistica_050,equilibrado-entrenamiento-058,75.0,1,0.7359762372670232,1,VP,False
logistica_050,equilibrado-entrenamiento-059,75.0,1,0.7359762372670232,1,VP,False
logistica_050,equilibrado-entrenamiento-060,75.0,1,0.7359762372670232,1,VP,False
logistica_050,equilibrado-entrenamiento-061,75.0,1,0.7359762372670232,1,VP,False
logistica_050,equilibrado-entrenamiento-062,75.0,1,0.7359762372670232,1,VP,False
logistica_050,equilibrado-entrenamiento-063,75.0,0,0.7359762372670232,1,FP,False
logistica_050,equilibrado-entrenamiento-064,75.0,0,0.7359762372670232,1,FP,False
logistica_050,equilibrado-entrenamiento-065,85.0,1,0.8260334357387649,1,VP,False
logistica_050,equilibrado-entrenamiento-066,85.0,1,0.8260334357387649,1,VP,False
logistica_050,equilibrado-entrenamiento-067,85.0,1,0.8260334357387649,1,VP,False
logistica_050,equilibrado-entrenamiento-068,85.0,1,0.8260334357387649,1,VP,False
logistica_050,equilibrado-entrenamiento-069,85.0,1,0.8260334357387649,1,VP,False
logistica_050,equilibrado-entrenamiento-070,85.0,1,0.8260334357387649,1,VP,False
logistica_050,equilibrado-entrenamiento-071,85.0,1,0.8260334357387649,1,VP,False
logistica_050,equilibrado-entrenamiento-072,85.0,0,0.8260334357387649,1,FP,False
logistica_050,equilibrado-entrenamiento-073,95.0,1,0.8899651860029145,1,VP,False
logistica_050,equilibrado-entrenamiento-074,95.0,1,0.8899651860029145,1,VP,False
logistica_050,equilibrado-entrenamiento-075,95.0,1,0.8899651860029145,1,VP,False
logistica_050,equilibrado-entrenamiento-076,95.0,1,0.8899651860029145,1,VP,False
logistica_050,equilibrado-entrenamiento-077,95.0,1,0.8899651860029145,1,VP,False
logistica_050,equilibrado-entrenamiento-078,95.0,1,0.8899651860029145,1,VP,False
logistica_050,equilibrado-entrenamiento-079,95.0,1,0.8899651860029145,1,VP,False
logistica_050,equilibrado-entrenamiento-080,95.0,0,0.8899651860029145,1,FP,False
