origen,decision,objetivo,real_c,predicha_c,error_c
2026-08-01T23:00:00-05:00,2026-08-01T23:10:00-05:00,2026-08-02T00:00:00-05:00,16.874031,16.667443581632327,-0.20658741836767192
2026-08-02T00:00:00-05:00,2026-08-02T00:10:00-05:00,2026-08-02T01:00:00-05:00,16.597639,16.447208553877438,-0.15043044612256296
2026-08-02T01:00:00-05:00,2026-08-02T01:10:00-05:00,2026-08-02T02:00:00-05:00,16.346099,16.398539884168645,0.05244088416864656
2026-08-02T02:00:00-05:00,2026-08-02T02:10:00-05:00,2026-08-02T03:00:00-05:00,16.683924,16.460728833582845,-0.2231951664171561
2026-08-02T03:00:00-05:00,2026-08-02T03:10:00-05:00,2026-08-02T04:00:00-05:00,16.964462,16.83626549483262,-0.1281965051673808
2026-08-02T04:00:00-05:00,2026-08-02T04:10:00-05:00,2026-08-02T05:00:00-05:00,17.471644,17.364226862019173,-0.10741713798082841
2026-08-02T05:00:00-05:00,2026-08-02T05:10:00-05:00,2026-08-02T06:00:00-05:00,17.986587,17.989539011933786,0.002952011933786025
2026-08-02T06:00:00-05:00,2026-08-02T06:10:00-05:00,2026-08-02T07:00:00-05:00,18.775446,18.720979546827934,-0.05446645317206489
2026-08-02T07:00:00-05:00,2026-08-02T07:10:00-05:00,2026-08-02T08:00:00-05:00,19.408263,19.466638228011657,0.05837522801165562
2026-08-02T08:00:00-05:00,2026-08-02T08:10:00-05:00,2026-08-02T09:00:00-05:00,19.994672,20.220312815813354,0.22564081581335316
2026-08-02T09:00:00-05:00,2026-08-02T09:10:00-05:00,2026-08-02T10:00:00-05:00,20.998898,20.907965426678686,-0.09093257332131444
2026-08-02T10:00:00-05:00,2026-08-02T10:10:00-05:00,2026-08-02T11:00:00-05:00,21.50984,21.528188614150544,0.01834861415054334
2026-08-02T11:00:00-05:00,2026-08-02T11:10:00-05:00,2026-08-02T12:00:00-05:00,21.98383,22.05657197878226,0.07274197878225763
2026-08-02T12:00:00-05:00,2026-08-02T12:10:00-05:00,2026-08-02T13:00:00-05:00,22.290853,22.315112584041497,0.024259584041498528
2026-08-02T13:00:00-05:00,2026-08-02T13:10:00-05:00,2026-08-02T14:00:00-05:00,22.467677,22.422898783918345,-0.044778216081653
2026-08-02T14:00:00-05:00,2026-08-02T14:10:00-05:00,2026-08-02T15:00:00-05:00,22.258846,22.369623211022258,0.11077721102225979
2026-08-02T15:00:00-05:00,2026-08-02T15:10:00-05:00,2026-08-02T16:00:00-05:00,22.115159,22.039525111359353,-0.07563388864064535
2026-08-02T16:00:00-05:00,2026-08-02T16:10:00-05:00,2026-08-02T17:00:00-05:00,21.630355,21.580725795175482,-0.04962920482451949
2026-08-02T17:00:00-05:00,2026-08-02T17:10:00-05:00,2026-08-02T18:00:00-05:00,21.110631,21.00683727953634,-0.10379372046365987
2026-08-02T18:00:00-05:00,2026-08-02T18:10:00-05:00,2026-08-02T19:00:00-05:00,20.057671,20.284372619363815,0.2267016193638156
2026-08-02T19:00:00-05:00,2026-08-02T19:10:00-05:00,2026-08-02T20:00:00-05:00,19.536297,19.45496122845659,-0.08133577154341154
2026-08-02T21:00:00-05:00,2026-08-02T21:10:00-05:00,2026-08-02T22:00:00-05:00,17.929673,18.230272562283254,0.3005995622832529
2026-08-02T22:00:00-05:00,2026-08-02T22:10:00-05:00,2026-08-02T23:00:00-05:00,17.297214,17.59175234856265,0.29453834856265004
2026-08-02T23:00:00-05:00,2026-08-02T23:10:00-05:00,2026-08-03T00:00:00-05:00,16.852979,16.855462748600168,0.0024837486001665354
2026-08-03T00:00:00-05:00,2026-08-03T00:10:00-05:00,2026-08-03T01:00:00-05:00,16.867337,16.561514462707418,-0.30582253729258113
2026-08-03T01:00:00-05:00,2026-08-03T01:10:00-05:00,2026-08-03T02:00:00-05:00,16.341856,16.586795440616786,0.24493944061678619
2026-08-03T02:00:00-05:00,2026-08-03T02:10:00-05:00,2026-08-03T03:00:00-05:00,16.659574,16.62531377857347,-0.0342602214265284
2026-08-03T03:00:00-05:00,2026-08-03T03:10:00-05:00,2026-08-03T04:00:00-05:00,17.08661,16.879073899121998,-0.20753610087800212
2026-08-03T04:00:00-05:00,2026-08-03T04:10:00-05:00,2026-08-03T05:00:00-05:00,17.55511,17.458078844466623,-0.09703115553337582
2026-08-03T05:00:00-05:00,2026-08-03T05:10:00-05:00,2026-08-03T06:00:00-05:00,18.130944,18.126322087722546,-0.004621912277453788
2026-08-03T06:00:00-05:00,2026-08-03T06:10:00-05:00,2026-08-03T07:00:00-05:00,18.583655,18.833253015936513,0.2495980159365132
2026-08-03T07:00:00-05:00,2026-08-03T07:10:00-05:00,2026-08-03T08:00:00-05:00,19.527939,19.5241064809727,-0.003832519027298531
2026-08-03T08:00:00-05:00,2026-08-03T08:10:00-05:00,2026-08-03T09:00:00-05:00,20.085033,20.299067071381714,0.2140340713817146
2026-08-03T09:00:00-05:00,2026-08-03T09:10:00-05:00,2026-08-03T10:00:00-05:00,20.943806,20.97860136424873,0.034795364248729754
2026-08-03T10:00:00-05:00,2026-08-03T10:10:00-05:00,2026-08-03T11:00:00-05:00,21.95314,21.590528580155095,-0.36261141984490664
2026-08-03T11:00:00-05:00,2026-08-03T11:10:00-05:00,2026-08-03T12:00:00-05:00,21.994302,22.234395664143026,0.2400936641430249
2026-08-03T12:00:00-05:00,2026-08-03T12:10:00-05:00,2026-08-03T13:00:00-05:00,22.393324,22.504037041205798,0.11071304120579839
2026-08-03T13:00:00-05:00,2026-08-03T13:10:00-05:00,2026-08-03T14:00:00-05:00,22.508814,22.50997797351666,0.001163973516657535
2026-08-03T14:00:00-05:00,2026-08-03T14:10:00-05:00,2026-08-03T15:00:00-05:00,22.294587,22.44726883332092,0.15268183332091922
2026-08-03T15:00:00-05:00,2026-08-03T15:10:00-05:00,2026-08-03T16:00:00-05:00,22.118477,22.100190416982784,-0.018286583017214753
2026-08-03T16:00:00-05:00,2026-08-03T16:10:00-05:00,2026-08-03T17:00:00-05:00,21.549644,21.628662174173233,0.07901817417323187
2026-08-03T17:00:00-05:00,2026-08-03T17:10:00-05:00,2026-08-03T18:00:00-05:00,20.996286,20.999132778808114,0.002846778808113015
2026-08-03T18:00:00-05:00,2026-08-03T18:10:00-05:00,2026-08-03T19:00:00-05:00,20.230535,20.295527309189154,0.06499230918915444
2026-08-03T19:00:00-05:00,2026-08-03T19:10:00-05:00,2026-08-03T20:00:00-05:00,19.650954,19.502868336699997,-0.1480856633000016
2026-08-03T20:00:00-05:00,2026-08-03T20:10:00-05:00,2026-08-03T21:00:00-05:00,18.567217,18.70728728849784,0.1400702884978422
2026-08-03T21:00:00-05:00,2026-08-03T21:10:00-05:00,2026-08-03T22:00:00-05:00,18.003135,18.000147452288406,-0.002987547711594374
2026-08-03T22:00:00-05:00,2026-08-03T22:10:00-05:00,2026-08-03T23:00:00-05:00,17.158889,17.345422935532586,0.18653393553258724
2026-08-03T23:00:00-05:00,2026-08-03T23:10:00-05:00,2026-08-04T00:00:00-05:00,16.89667,16.838068218301625,-0.05860178169837482
2026-08-04T00:00:00-05:00,2026-08-04T00:10:00-05:00,2026-08-04T01:00:00-05:00,16.393349,16.51758379367958,0.12423479367958024
2026-08-04T01:00:00-05:00,2026-08-04T01:10:00-05:00,2026-08-04T02:00:00-05:00,16.228104,16.441650404941836,0.2135464049418374
2026-08-04T02:00:00-05:00,2026-08-04T02:10:00-05:00,2026-08-04T03:00:00-05:00,16.357881,16.448795964607086,0.09091496460708726
2026-08-04T03:00:00-05:00,2026-08-04T03:10:00-05:00,2026-08-04T04:00:00-05:00,16.765148,16.725290748200415,-0.039857251799585214
2026-08-04T04:00:00-05:00,2026-08-04T04:10:00-05:00,2026-08-04T05:00:00-05:00,16.96728,17.240846592314277,0.27356659231427827
2026-08-04T05:00:00-05:00,2026-08-04T05:10:00-05:00,2026-08-04T06:00:00-05:00,17.747775,17.80196678609742,0.05419178609741948
2026-08-04T06:00:00-05:00,2026-08-04T06:10:00-05:00,2026-08-04T07:00:00-05:00,18.146397,18.51865829174313,0.37226129174312916
2026-08-04T07:00:00-05:00,2026-08-04T07:10:00-05:00,2026-08-04T08:00:00-05:00,19.283093,19.21682663402344,-0.06626636597655988
2026-08-04T08:00:00-05:00,2026-08-04T08:10:00-05:00,2026-08-04T09:00:00-05:00,20.07497,19.611519468285316,-0.46345053171468464
2026-08-04T09:00:00-05:00,2026-08-04T09:10:00-05:00,2026-08-04T10:00:00-05:00,20.608424,20.51325714546118,-0.0951668545388209
2026-08-04T10:00:00-05:00,2026-08-04T10:10:00-05:00,2026-08-04T11:00:00-05:00,21.261414,21.3751527138502,0.11373871385019996
2026-08-04T11:00:00-05:00,2026-08-04T11:10:00-05:00,2026-08-04T12:00:00-05:00,21.787273,21.834089511466214,0.046816511466214905
2026-08-04T12:00:00-05:00,2026-08-04T12:10:00-05:00,2026-08-04T13:00:00-05:00,21.920423,22.143849482620595,0.22342648262059583
2026-08-04T13:00:00-05:00,2026-08-04T13:10:00-05:00,2026-08-04T14:00:00-05:00,22.202881,22.195424480218765,-0.007456519781236182
2026-08-04T14:00:00-05:00,2026-08-04T14:10:00-05:00,2026-08-04T15:00:00-05:00,22.005167,22.104875298524256,0.09970829852425567
2026-08-04T15:00:00-05:00,2026-08-04T15:10:00-05:00,2026-08-04T16:00:00-05:00,21.527439,21.805805637084443,0.2783666370844422
2026-08-04T16:00:00-05:00,2026-08-04T16:10:00-05:00,2026-08-04T17:00:00-05:00,21.198949,21.240618536634525,0.04166953663452588
2026-08-04T17:00:00-05:00,2026-08-04T17:10:00-05:00,2026-08-04T18:00:00-05:00,20.616178,20.60026414239923,-0.01591385760077202
2026-08-04T18:00:00-05:00,2026-08-04T18:10:00-05:00,2026-08-04T19:00:00-05:00,19.763463,19.923336622045905,0.15987362204590383
2026-08-04T19:00:00-05:00,2026-08-04T19:10:00-05:00,2026-08-04T20:00:00-05:00,19.115502,19.088118133155636,-0.02738386684436378
2026-08-04T20:00:00-05:00,2026-08-04T20:10:00-05:00,2026-08-04T21:00:00-05:00,18.481195,18.331028843337,-0.15016615666300126
2026-08-04T21:00:00-05:00,2026-08-04T21:10:00-05:00,2026-08-04T22:00:00-05:00,17.460595,17.670388105138755,0.20979310513875404
2026-08-04T22:00:00-05:00,2026-08-04T22:10:00-05:00,2026-08-04T23:00:00-05:00,16.657123,17.004617927308807,0.3474949273088086
2026-08-04T23:00:00-05:00,2026-08-04T23:10:00-05:00,2026-08-05T00:00:00-05:00,16.189784,16.360152775176406,0.17036877517640647
2026-08-05T00:00:00-05:00,2026-08-05T00:10:00-05:00,2026-08-05T01:00:00-05:00,16.07766,16.018474848046313,-0.05918515195368812
2026-08-05T01:00:00-05:00,2026-08-05T01:10:00-05:00,2026-08-05T02:00:00-05:00,16.052511,15.978788932957439,-0.07372206704256001
2026-08-05T02:00:00-05:00,2026-08-05T02:10:00-05:00,2026-08-05T03:00:00-05:00,15.858177,16.153666868855787,0.2954898688557872
2026-08-05T03:00:00-05:00,2026-08-05T03:10:00-05:00,2026-08-05T04:00:00-05:00,16.395536,16.365717669773588,-0.029818330226412115
2026-08-05T04:00:00-05:00,2026-08-05T04:10:00-05:00,2026-08-05T05:00:00-05:00,16.902256,16.854846759968094,-0.047409240031907274
2026-08-05T05:00:00-05:00,2026-08-05T05:10:00-05:00,2026-08-05T06:00:00-05:00,17.574116,17.539051215195506,-0.0350647848044936
2026-08-05T06:00:00-05:00,2026-08-05T06:10:00-05:00,2026-08-05T07:00:00-05:00,17.978572,18.315154784946742,0.3365827849467422
2026-08-05T07:00:00-05:00,2026-08-05T07:10:00-05:00,2026-08-05T08:00:00-05:00,18.620928,18.973119450187575,0.3521914501875756
2026-08-05T08:00:00-05:00,2026-08-05T08:10:00-05:00,2026-08-05T09:00:00-05:00,19.731881,19.6069232036374,-0.12495779636260096
2026-08-05T09:00:00-05:00,2026-08-05T09:10:00-05:00,2026-08-05T10:00:00-05:00,20.360405,20.409212728886512,0.04880772888651208
2026-08-05T10:00:00-05:00,2026-08-05T10:10:00-05:00,2026-08-05T11:00:00-05:00,20.857928,21.086377877695398,0.2284498776953967
2026-08-05T11:00:00-05:00,2026-08-05T11:10:00-05:00,2026-08-05T12:00:00-05:00,21.505431,21.48553551505607,-0.01989548494393034
2026-08-05T12:00:00-05:00,2026-08-05T12:10:00-05:00,2026-08-05T13:00:00-05:00,21.995132,21.81241862344828,-0.18271337655172104
2026-08-05T13:00:00-05:00,2026-08-05T13:10:00-05:00,2026-08-05T14:00:00-05:00,21.762543,22.004801277150033,0.24225827715003234
2026-08-05T14:00:00-05:00,2026-08-05T14:10:00-05:00,2026-08-05T15:00:00-05:00,21.939118,21.84820195693686,-0.09091604306313883
2026-08-05T15:00:00-05:00,2026-08-05T15:10:00-05:00,2026-08-05T16:00:00-05:00,20.951613,21.55443857077489,0.6028255707748933
2026-08-05T16:00:00-05:00,2026-08-05T16:10:00-05:00,2026-08-05T17:00:00-05:00,20.931343,20.912723942552407,-0.018619057447590848
2026-08-05T17:00:00-05:00,2026-08-05T17:10:00-05:00,2026-08-05T18:00:00-05:00,20.592134,20.231521176561294,-0.36061282343870715
2026-08-05T18:00:00-05:00,2026-08-05T18:10:00-05:00,2026-08-05T19:00:00-05:00,19.419205,19.73075309777645,0.31154809777644843
2026-08-05T19:00:00-05:00,2026-08-05T19:10:00-05:00,2026-08-05T20:00:00-05:00,18.92163,18.87155952430602,-0.05007047569398182
2026-08-05T20:00:00-05:00,2026-08-05T20:10:00-05:00,2026-08-05T21:00:00-05:00,18.023957,18.03924159161651,0.015284591616509857
2026-08-05T21:00:00-05:00,2026-08-05T21:10:00-05:00,2026-08-05T22:00:00-05:00,17.113421,17.371532666680398,0.2581116666803993
2026-08-05T22:00:00-05:00,2026-08-05T22:10:00-05:00,2026-08-05T23:00:00-05:00,16.737577,16.667282431615444,-0.07029456838455772
2026-08-05T23:00:00-05:00,2026-08-05T23:10:00-05:00,2026-08-06T00:00:00-05:00,16.259872,16.2164414911257,-0.043430508874301665
2026-08-06T00:00:00-05:00,2026-08-06T00:10:00-05:00,2026-08-06T01:00:00-05:00,15.997057,15.970311639668708,-0.026745360331291934
2026-08-06T01:00:00-05:00,2026-08-06T01:10:00-05:00,2026-08-06T02:00:00-05:00,15.935164,15.87278881551573,-0.06237518448427082
2026-08-06T02:00:00-05:00,2026-08-06T02:10:00-05:00,2026-08-06T03:00:00-05:00,15.86374,16.024440378120076,0.16070037812007598
2026-08-06T03:00:00-05:00,2026-08-06T03:10:00-05:00,2026-08-06T04:00:00-05:00,15.986087,16.262908958135238,0.2768219581352387
2026-08-06T04:00:00-05:00,2026-08-06T04:10:00-05:00,2026-08-06T05:00:00-05:00,16.688835,16.62861619392077,-0.0602188060792308
2026-08-06T05:00:00-05:00,2026-08-06T05:10:00-05:00,2026-08-06T06:00:00-05:00,17.382828,17.265774185213917,-0.11705381478608246
2026-08-06T06:00:00-05:00,2026-08-06T06:10:00-05:00,2026-08-06T07:00:00-05:00,18.028537,18.102266548969464,0.07372954896946382
2026-08-06T07:00:00-05:00,2026-08-06T07:10:00-05:00,2026-08-06T08:00:00-05:00,18.895287,18.88998216116295,-0.0053048388370484645
2026-08-06T08:00:00-05:00,2026-08-06T08:10:00-05:00,2026-08-06T09:00:00-05:00,19.581216,19.650494119031716,0.06927811903171488
2026-08-06T10:00:00-05:00,2026-08-06T10:10:00-05:00,2026-08-06T11:00:00-05:00,20.863022,20.70031622900245,-0.162705770997551
2026-08-06T11:00:00-05:00,2026-08-06T11:10:00-05:00,2026-08-06T12:00:00-05:00,21.163693,21.2119696839193,0.04827668391930118
2026-08-06T12:00:00-05:00,2026-08-06T12:10:00-05:00,2026-08-06T13:00:00-05:00,21.587414,21.615036864998675,0.027622864998676278
2026-08-06T13:00:00-05:00,2026-08-06T13:10:00-05:00,2026-08-06T14:00:00-05:00,21.707265,21.727197677465107,0.019932677465106963
2026-08-06T14:00:00-05:00,2026-08-06T14:10:00-05:00,2026-08-06T15:00:00-05:00,21.822154,21.63647295119809,-0.18568104880191072
2026-08-06T15:00:00-05:00,2026-08-06T15:10:00-05:00,2026-08-06T16:00:00-05:00,21.415191,21.465594877824376,0.05040387782437605
2026-08-06T16:00:00-05:00,2026-08-06T16:10:00-05:00,2026-08-06T17:00:00-05:00,20.85341,20.980772725215772,0.12736272521577163
2026-08-06T17:00:00-05:00,2026-08-06T17:10:00-05:00,2026-08-06T18:00:00-05:00,20.073965,20.273415470753527,0.19945047075352562
2026-08-06T18:00:00-05:00,2026-08-06T18:10:00-05:00,2026-08-06T19:00:00-05:00,19.82506,19.504017983314824,-0.3210420166851762
2026-08-06T19:00:00-05:00,2026-08-06T19:10:00-05:00,2026-08-06T20:00:00-05:00,18.848079,18.812460942039266,-0.035618057960732585
2026-08-06T20:00:00-05:00,2026-08-06T20:10:00-05:00,2026-08-06T21:00:00-05:00,18.112858,18.112427572761646,-0.00043042723835284846
2026-08-06T21:00:00-05:00,2026-08-06T21:10:00-05:00,2026-08-06T22:00:00-05:00,17.474747,17.36335060348344,-0.11139639651656097
2026-08-06T22:00:00-05:00,2026-08-06T22:10:00-05:00,2026-08-06T23:00:00-05:00,16.616185,16.764851845722475,0.1486668457224738
2026-08-06T23:00:00-05:00,2026-08-06T23:10:00-05:00,2026-08-07T00:00:00-05:00,16.359112,16.235818004276283,-0.12329399572371713
2026-08-07T00:00:00-05:00,2026-08-07T00:10:00-05:00,2026-08-07T01:00:00-05:00,16.039863,15.938754832016508,-0.10110816798349198
2026-08-07T01:00:00-05:00,2026-08-07T01:10:00-05:00,2026-08-07T02:00:00-05:00,16.191949,15.890448488270277,-0.30150051172972425
2026-08-07T02:00:00-05:00,2026-08-07T02:10:00-05:00,2026-08-07T03:00:00-05:00,15.987522,16.08958308927344,0.10206108927343926
2026-08-07T03:00:00-05:00,2026-08-07T03:10:00-05:00,2026-08-07T04:00:00-05:00,16.332325,16.385130226293615,0.05280522629361428
2026-08-07T04:00:00-05:00,2026-08-07T04:10:00-05:00,2026-08-07T05:00:00-05:00,16.879593,16.7806431592595,-0.09894984074049873
2026-08-07T05:00:00-05:00,2026-08-07T05:10:00-05:00,2026-08-07T06:00:00-05:00,17.561263,17.43681116157718,-0.12445183842282148
2026-08-07T06:00:00-05:00,2026-08-07T06:10:00-05:00,2026-08-07T07:00:00-05:00,18.106628,18.212041931157565,0.10541393115756392
2026-08-07T07:00:00-05:00,2026-08-07T07:10:00-05:00,2026-08-07T08:00:00-05:00,18.957489,18.94556024207219,-0.011928757927808675
2026-08-07T08:00:00-05:00,2026-08-07T08:10:00-05:00,2026-08-07T09:00:00-05:00,19.984392,19.707050353095678,-0.27734164690432195
2026-08-07T09:00:00-05:00,2026-08-07T09:10:00-05:00,2026-08-07T10:00:00-05:00,20.911963,20.602951990191915,-0.30901100980808494
2026-08-07T10:00:00-05:00,2026-08-07T10:10:00-05:00,2026-08-07T11:00:00-05:00,21.16863,21.323952763301598,0.1553227633015979
2026-08-07T11:00:00-05:00,2026-08-07T11:10:00-05:00,2026-08-07T12:00:00-05:00,21.76278,21.764667644883744,0.0018876448837445992
2026-08-07T12:00:00-05:00,2026-08-07T12:10:00-05:00,2026-08-07T13:00:00-05:00,22.083326,21.99935555659375,-0.08397044340625115
2026-08-07T13:00:00-05:00,2026-08-07T13:10:00-05:00,2026-08-07T14:00:00-05:00,22.082562,22.146817202301058,0.06425520230105874
2026-08-07T14:00:00-05:00,2026-08-07T14:10:00-05:00,2026-08-07T15:00:00-05:00,21.961795,22.003702737059797,0.04190773705979822
2026-08-07T15:00:00-05:00,2026-08-07T15:10:00-05:00,2026-08-07T16:00:00-05:00,21.859846,21.6790616115198,-0.18078438848020184
2026-08-07T16:00:00-05:00,2026-08-07T16:10:00-05:00,2026-08-07T17:00:00-05:00,21.28052,21.27203717005189,-0.008482829948107451
2026-08-07T17:00:00-05:00,2026-08-07T17:10:00-05:00,2026-08-07T18:00:00-05:00,20.883891,20.692811183615994,-0.19107981638400418
2026-08-07T18:00:00-05:00,2026-08-07T18:10:00-05:00,2026-08-07T19:00:00-05:00,19.774661,19.981538826483114,0.20687782648311526
2026-08-07T19:00:00-05:00,2026-08-07T19:10:00-05:00,2026-08-07T20:00:00-05:00,19.170437,19.161352982966648,-0.009084017033352154
2026-08-07T20:00:00-05:00,2026-08-07T20:10:00-05:00,2026-08-07T21:00:00-05:00,18.796412,18.332426712346862,-0.46398528765313785
2026-08-07T21:00:00-05:00,2026-08-07T21:10:00-05:00,2026-08-07T22:00:00-05:00,17.833013,17.786734862118927,-0.0462781378810746
2026-08-07T22:00:00-05:00,2026-08-07T22:10:00-05:00,2026-08-07T23:00:00-05:00,16.898398,17.22976702179553,0.3313690217955312
2026-08-07T23:00:00-05:00,2026-08-07T23:10:00-05:00,2026-08-08T00:00:00-05:00,16.610114,16.574997982660037,-0.035116017339962724
2026-08-08T00:00:00-05:00,2026-08-08T00:10:00-05:00,2026-08-08T01:00:00-05:00,16.360102,16.25508786826504,-0.10501413173496132
2026-08-08T01:00:00-05:00,2026-08-08T01:10:00-05:00,2026-08-08T02:00:00-05:00,16.506645,16.206069421214202,-0.30057557878579644
2026-08-08T02:00:00-05:00,2026-08-08T02:10:00-05:00,2026-08-08T03:00:00-05:00,16.244316,16.43564660859164,0.1913306085916382
2026-08-08T03:00:00-05:00,2026-08-08T03:10:00-05:00,2026-08-08T04:00:00-05:00,16.989114,16.69433896522244,-0.29477503477756173
2026-08-08T04:00:00-05:00,2026-08-08T04:10:00-05:00,2026-08-08T05:00:00-05:00,17.092645,17.2185803458387,0.12593534583869825
2026-08-08T05:00:00-05:00,2026-08-08T05:10:00-05:00,2026-08-08T06:00:00-05:00,17.87737,17.848622121453246,-0.02874787854675276
2026-08-08T06:00:00-05:00,2026-08-08T06:10:00-05:00,2026-08-08T07:00:00-05:00,18.65508,18.54463901812208,-0.11044098187792173
2026-08-08T07:00:00-05:00,2026-08-08T07:10:00-05:00,2026-08-08T08:00:00-05:00,19.605208,19.389828189592187,-0.21537981040781418
2026-08-08T08:00:00-05:00,2026-08-08T08:10:00-05:00,2026-08-08T09:00:00-05:00,20.122724,20.227714368913375,0.10499036891337354
2026-08-08T09:00:00-05:00,2026-08-08T09:10:00-05:00,2026-08-08T10:00:00-05:00,20.831129,20.904276439802562,0.07314743980256111
2026-08-08T10:00:00-05:00,2026-08-08T10:10:00-05:00,2026-08-08T11:00:00-05:00,21.756841,21.4804468910975,-0.27639410890250105
2026-08-08T12:00:00-05:00,2026-08-08T12:10:00-05:00,2026-08-08T13:00:00-05:00,22.435107,22.23683604033699,-0.19827095966300945
2026-08-08T13:00:00-05:00,2026-08-08T13:10:00-05:00,2026-08-08T14:00:00-05:00,22.713166,22.383988235048264,-0.3291777649517371
2026-08-08T14:00:00-05:00,2026-08-08T14:10:00-05:00,2026-08-08T15:00:00-05:00,22.492826,22.45305741949732,-0.03976858050268106
2026-08-08T15:00:00-05:00,2026-08-08T15:10:00-05:00,2026-08-08T16:00:00-05:00,22.580802,22.155046381960332,-0.4257556180396662
2026-08-08T16:00:00-05:00,2026-08-08T16:10:00-05:00,2026-08-08T17:00:00-05:00,21.652194,21.78665231279586,0.13445831279585718
2026-08-08T17:00:00-05:00,2026-08-08T17:10:00-05:00,2026-08-08T18:00:00-05:00,21.054632,21.11582831294296,0.061196312942957576
2026-08-08T18:00:00-05:00,2026-08-08T18:10:00-05:00,2026-08-08T19:00:00-05:00,20.301958,20.309245809272305,0.0072878092723058785
2026-08-08T19:00:00-05:00,2026-08-08T19:10:00-05:00,2026-08-08T20:00:00-05:00,19.568248,19.52269100900725,-0.04555699099275046
2026-08-08T20:00:00-05:00,2026-08-08T20:10:00-05:00,2026-08-08T21:00:00-05:00,18.785798,18.72145410081076,-0.06434389918923955
2026-08-08T21:00:00-05:00,2026-08-08T21:10:00-05:00,2026-08-08T22:00:00-05:00,17.97802,18.0278456872609,0.04982568726089909
2026-08-08T22:00:00-05:00,2026-08-08T22:10:00-05:00,2026-08-08T23:00:00-05:00,17.630405,17.408876731346755,-0.2215282686532447
2026-08-08T23:00:00-05:00,2026-08-08T23:10:00-05:00,2026-08-09T00:00:00-05:00,17.18738,16.992044713775382,-0.19533528622461915
2026-08-09T00:00:00-05:00,2026-08-09T00:10:00-05:00,2026-08-09T01:00:00-05:00,16.772776,16.78671815828796,0.013942158287960638
2026-08-09T01:00:00-05:00,2026-08-09T01:10:00-05:00,2026-08-09T02:00:00-05:00,16.777198,16.64570684731295,-0.13149115268704747
2026-08-09T02:00:00-05:00,2026-08-09T02:10:00-05:00,2026-08-09T03:00:00-05:00,16.859935,16.789587189639942,-0.0703478103600581
2026-08-09T03:00:00-05:00,2026-08-09T03:10:00-05:00,2026-08-09T04:00:00-05:00,17.254555,17.087943553793156,-0.16661144620684354
2026-08-09T04:00:00-05:00,2026-08-09T04:10:00-05:00,2026-08-09T05:00:00-05:00,17.807855,17.630449796165927,-0.17740520383407343
2026-08-09T05:00:00-05:00,2026-08-09T05:10:00-05:00,2026-08-09T06:00:00-05:00,18.413839,18.30442123744368,-0.10941776255631908
2026-08-09T06:00:00-05:00,2026-08-09T06:10:00-05:00,2026-08-09T07:00:00-05:00,18.844062,19.052890413339387,0.2088284133393863
2026-08-09T07:00:00-05:00,2026-08-09T07:10:00-05:00,2026-08-09T08:00:00-05:00,19.711942,19.724203580788988,0.012261580788987203
2026-08-09T08:00:00-05:00,2026-08-09T08:10:00-05:00,2026-08-09T09:00:00-05:00,20.55842,20.474964252936974,-0.08345574706302727
2026-08-09T09:00:00-05:00,2026-08-09T09:10:00-05:00,2026-08-09T10:00:00-05:00,21.546424,21.25674786076915,-0.2896761392308491
2026-08-09T10:00:00-05:00,2026-08-09T10:10:00-05:00,2026-08-09T11:00:00-05:00,22.136617,21.967255530205364,-0.1693614697946373
2026-08-09T11:00:00-05:00,2026-08-09T11:10:00-05:00,2026-08-09T12:00:00-05:00,22.27839,22.557094342232777,0.27870434223277485
2026-08-09T12:00:00-05:00,2026-08-09T12:10:00-05:00,2026-08-09T13:00:00-05:00,22.755915,22.717922929263793,-0.037992070736208916
2026-08-09T13:00:00-05:00,2026-08-09T13:10:00-05:00,2026-08-09T14:00:00-05:00,22.658191,22.771486694604285,0.11329569460428601
2026-08-09T14:00:00-05:00,2026-08-09T14:10:00-05:00,2026-08-09T15:00:00-05:00,22.564312,22.66312798726458,0.09881598726457952
2026-08-09T15:00:00-05:00,2026-08-09T15:10:00-05:00,2026-08-09T16:00:00-05:00,22.487992,22.274566531078204,-0.2134254689217947
2026-08-09T16:00:00-05:00,2026-08-09T16:10:00-05:00,2026-08-09T17:00:00-05:00,21.989375,21.9052412515415,-0.0841337484584983
2026-08-09T17:00:00-05:00,2026-08-09T17:10:00-05:00,2026-08-09T18:00:00-05:00,21.310921,21.340359620331657,0.029438620331657006
2026-08-09T18:00:00-05:00,2026-08-09T18:10:00-05:00,2026-08-09T19:00:00-05:00,20.711802,20.597605105439154,-0.1141968945608447
2026-08-09T19:00:00-05:00,2026-08-09T19:10:00-05:00,2026-08-09T20:00:00-05:00,20.073219,19.8458251077236,-0.22739389227640316
2026-08-09T20:00:00-05:00,2026-08-09T20:10:00-05:00,2026-08-09T21:00:00-05:00,19.02843,19.155340000051662,0.1269100000516623
2026-08-09T21:00:00-05:00,2026-08-09T21:10:00-05:00,2026-08-09T22:00:00-05:00,18.364353,18.397249821598955,0.03289682159895335
2026-08-09T22:00:00-05:00,2026-08-09T22:10:00-05:00,2026-08-09T23:00:00-05:00,17.999768,17.702798506320143,-0.2969694936798568
2026-08-09T23:00:00-05:00,2026-08-09T23:10:00-05:00,2026-08-10T00:00:00-05:00,17.228503,17.327244323996943,0.09874132399694346
2026-08-10T00:00:00-05:00,2026-08-10T00:10:00-05:00,2026-08-10T01:00:00-05:00,16.702221,17.018977274284563,0.3167562742845611
2026-08-10T01:00:00-05:00,2026-08-10T01:10:00-05:00,2026-08-10T02:00:00-05:00,16.814115,16.755377710885657,-0.05873728911434384
2026-08-10T02:00:00-05:00,2026-08-10T02:10:00-05:00,2026-08-10T03:00:00-05:00,16.921008,16.86655730252506,-0.05445069747494102
2026-08-10T03:00:00-05:00,2026-08-10T03:10:00-05:00,2026-08-10T04:00:00-05:00,17.197703,17.22267581482788,0.02497281482787983
2026-08-10T04:00:00-05:00,2026-08-10T04:10:00-05:00,2026-08-10T05:00:00-05:00,17.626606,17.688708366511516,0.06210236651151746
2026-08-10T05:00:00-05:00,2026-08-10T05:10:00-05:00,2026-08-10T06:00:00-05:00,18.131996,18.28965169232183,0.1576556923218284
2026-08-10T06:00:00-05:00,2026-08-10T06:10:00-05:00,2026-08-10T07:00:00-05:00,19.016784,18.77579377732048,-0.24099022267952108
2026-08-10T07:00:00-05:00,2026-08-10T07:10:00-05:00,2026-08-10T08:00:00-05:00,19.681386,19.630610372722774,-0.05077562727722551
2026-08-10T08:00:00-05:00,2026-08-10T08:10:00-05:00,2026-08-10T09:00:00-05:00,20.3874,20.560969595771354,0.17356959577135456
2026-08-10T09:00:00-05:00,2026-08-10T09:10:00-05:00,2026-08-10T10:00:00-05:00,21.213387,21.205831605599254,-0.007555394400746707
2026-08-10T10:00:00-05:00,2026-08-10T10:10:00-05:00,2026-08-10T11:00:00-05:00,21.767949,21.836337612328514,0.06838861232851201
2026-08-10T11:00:00-05:00,2026-08-10T11:10:00-05:00,2026-08-10T12:00:00-05:00,22.416406,22.342951470743152,-0.07345452925684626
2026-08-10T12:00:00-05:00,2026-08-10T12:10:00-05:00,2026-08-10T13:00:00-05:00,22.532554,22.663415002333537,0.13086100233353548
2026-08-10T13:00:00-05:00,2026-08-10T13:10:00-05:00,2026-08-10T14:00:00-05:00,22.645941,22.767521847008744,0.12158084700874383
2026-08-10T14:00:00-05:00,2026-08-10T14:10:00-05:00,2026-08-10T15:00:00-05:00,22.366672,22.614457007588392,0.24778500758839073
2026-08-10T15:00:00-05:00,2026-08-10T15:10:00-05:00,2026-08-10T16:00:00-05:00,22.260081,22.235946850575324,-0.0241341494246754
2026-08-10T16:00:00-05:00,2026-08-10T16:10:00-05:00,2026-08-10T17:00:00-05:00,21.569421,21.764828413093223,0.19540741309322485
2026-08-10T17:00:00-05:00,2026-08-10T17:10:00-05:00,2026-08-10T18:00:00-05:00,21.386919,21.124085324836756,-0.2628336751632432
2026-08-10T18:00:00-05:00,2026-08-10T18:10:00-05:00,2026-08-10T19:00:00-05:00,20.393465,20.46574681293692,0.0722818129369216
2026-08-10T19:00:00-05:00,2026-08-10T19:10:00-05:00,2026-08-10T20:00:00-05:00,19.693182,19.705697172698713,0.012515172698712718
2026-08-10T20:00:00-05:00,2026-08-10T20:10:00-05:00,2026-08-10T21:00:00-05:00,18.908941,18.8928081310267,-0.016132868973297576
2026-08-10T21:00:00-05:00,2026-08-10T21:10:00-05:00,2026-08-10T22:00:00-05:00,17.916835,18.179112895162724,0.26227789516272537
2026-08-10T22:00:00-05:00,2026-08-10T22:10:00-05:00,2026-08-10T23:00:00-05:00,17.66847,17.43977306639809,-0.2286969336019098
2026-08-10T23:00:00-05:00,2026-08-10T23:10:00-05:00,2026-08-11T00:00:00-05:00,16.824635,17.025202684013603,0.2005676840136026
2026-08-11T00:00:00-05:00,2026-08-11T00:10:00-05:00,2026-08-11T01:00:00-05:00,16.764903,16.72779720941667,-0.03710579058332897
2026-08-11T01:00:00-05:00,2026-08-11T01:10:00-05:00,2026-08-11T02:00:00-05:00,16.823866,16.582756250201015,-0.24110974979898359
2026-08-11T02:00:00-05:00,2026-08-11T02:10:00-05:00,2026-08-11T03:00:00-05:00,16.250837,16.804062028098365,0.5532250280983639
2026-08-11T03:00:00-05:00,2026-08-11T03:10:00-05:00,2026-08-11T04:00:00-05:00,16.824721,16.92951837557431,0.10479737557431079
2026-08-11T04:00:00-05:00,2026-08-11T04:10:00-05:00,2026-08-11T05:00:00-05:00,17.063934,17.304795866006405,0.24086186600640502
2026-08-11T05:00:00-05:00,2026-08-11T05:10:00-05:00,2026-08-11T06:00:00-05:00,17.945068,17.93044896727541,-0.014619032724588976
2026-08-11T06:00:00-05:00,2026-08-11T06:10:00-05:00,2026-08-11T07:00:00-05:00,18.870546,18.654147230000138,-0.21639876999986285
2026-08-11T07:00:00-05:00,2026-08-11T07:10:00-05:00,2026-08-11T08:00:00-05:00,19.527536,19.5752911321327,0.047755132132699885
2026-08-11T08:00:00-05:00,2026-08-11T08:10:00-05:00,2026-08-11T09:00:00-05:00,20.08177,20.375632876268277,0.29386287626827823
2026-08-11T09:00:00-05:00,2026-08-11T09:10:00-05:00,2026-08-11T10:00:00-05:00,20.993562,20.982819401176204,-0.010742598823796357
2026-08-11T10:00:00-05:00,2026-08-11T10:10:00-05:00,2026-08-11T11:00:00-05:00,21.382869,21.603416591560986,0.2205475915609867
2026-08-11T11:00:00-05:00,2026-08-11T11:10:00-05:00,2026-08-11T12:00:00-05:00,21.788259,22.036744075243657,0.24848507524365715
2026-08-11T12:00:00-05:00,2026-08-11T12:10:00-05:00,2026-08-11T13:00:00-05:00,22.472207,22.252819336692976,-0.21938766330702464
2026-08-11T13:00:00-05:00,2026-08-11T13:10:00-05:00,2026-08-11T14:00:00-05:00,22.666758,22.451174863209957,-0.2155831367900447
2026-08-11T14:00:00-05:00,2026-08-11T14:10:00-05:00,2026-08-11T15:00:00-05:00,22.468716,22.498017294806502,0.029301294806501232
2026-08-11T15:00:00-05:00,2026-08-11T15:10:00-05:00,2026-08-11T16:00:00-05:00,22.116795,22.17589163492569,0.05909663492569095
2026-08-11T16:00:00-05:00,2026-08-11T16:10:00-05:00,2026-08-11T17:00:00-05:00,21.354017,21.66945584690068,0.3154388469006797
2026-08-11T17:00:00-05:00,2026-08-11T17:10:00-05:00,2026-08-11T18:00:00-05:00,20.667387,20.897963251962377,0.23057625196237552
2026-08-11T18:00:00-05:00,2026-08-11T18:10:00-05:00,2026-08-11T19:00:00-05:00,19.874769,20.081914434829987,0.20714543482998593
2026-08-11T20:00:00-05:00,2026-08-11T20:10:00-05:00,2026-08-11T21:00:00-05:00,18.229851,18.65166500646842,0.42181400646841993
2026-08-11T21:00:00-05:00,2026-08-11T21:10:00-05:00,2026-08-11T22:00:00-05:00,17.607826,17.926498620443024,0.31867262044302436
2026-08-11T22:00:00-05:00,2026-08-11T22:10:00-05:00,2026-08-11T23:00:00-05:00,17.172749,17.056448686814544,-0.1163003131854552
2026-08-11T23:00:00-05:00,2026-08-11T23:10:00-05:00,2026-08-12T00:00:00-05:00,16.472964,16.68944581392704,0.21648181392703947
2026-08-12T00:00:00-05:00,2026-08-12T00:10:00-05:00,2026-08-12T01:00:00-05:00,16.035126,16.344689577165745,0.30956357716574345
2026-08-12T01:00:00-05:00,2026-08-12T01:10:00-05:00,2026-08-12T02:00:00-05:00,16.276835,16.110840524174336,-0.16599447582566285
2026-08-12T02:00:00-05:00,2026-08-12T02:10:00-05:00,2026-08-12T03:00:00-05:00,16.278215,16.334159753962076,0.05594475396207699
2026-08-12T03:00:00-05:00,2026-08-12T03:10:00-05:00,2026-08-12T04:00:00-05:00,16.600389,16.676689695947722,0.07630069594772237
2026-08-12T04:00:00-05:00,2026-08-12T04:10:00-05:00,2026-08-12T05:00:00-05:00,17.146416,17.152408845601386,0.005992845601387131
2026-08-12T05:00:00-05:00,2026-08-12T05:10:00-05:00,2026-08-12T06:00:00-05:00,17.536641,17.783132176489808,0.24649117648980834
2026-08-12T06:00:00-05:00,2026-08-12T06:10:00-05:00,2026-08-12T07:00:00-05:00,18.255522,18.430680728811783,0.17515872881178396
2026-08-12T07:00:00-05:00,2026-08-12T07:10:00-05:00,2026-08-12T08:00:00-05:00,18.930334,19.142800163079983,0.21246616307998423
2026-08-12T08:00:00-05:00,2026-08-12T08:10:00-05:00,2026-08-12T09:00:00-05:00,20.072703,19.896342522513876,-0.17636047748612427
2026-08-12T09:00:00-05:00,2026-08-12T09:10:00-05:00,2026-08-12T10:00:00-05:00,20.419736,20.690212607880238,0.2704766078802372
2026-08-12T10:00:00-05:00,2026-08-12T10:10:00-05:00,2026-08-12T11:00:00-05:00,21.52294,21.30536719851349,-0.21757280148650793
2026-08-12T11:00:00-05:00,2026-08-12T11:10:00-05:00,2026-08-12T12:00:00-05:00,21.70325,21.836899940067433,0.13364994006743203
2026-08-12T12:00:00-05:00,2026-08-12T12:10:00-05:00,2026-08-12T13:00:00-05:00,22.059525,22.140557274716034,0.08103227471603347
2026-08-12T13:00:00-05:00,2026-08-12T13:10:00-05:00,2026-08-12T14:00:00-05:00,22.218812,22.160129468363024,-0.058682531636975455
2026-08-12T14:00:00-05:00,2026-08-12T14:10:00-05:00,2026-08-12T15:00:00-05:00,22.106344,22.088773711397465,-0.017570288602534845
2026-08-12T15:00:00-05:00,2026-08-12T15:10:00-05:00,2026-08-12T16:00:00-05:00,21.543826,21.79642548974836,0.2525994897483592
2026-08-12T16:00:00-05:00,2026-08-12T16:10:00-05:00,2026-08-12T17:00:00-05:00,21.151707,21.2460336029765,0.0943266029765013
2026-08-12T17:00:00-05:00,2026-08-12T17:10:00-05:00,2026-08-12T18:00:00-05:00,20.709061,20.577071439397475,-0.13198956060252343
2026-08-12T18:00:00-05:00,2026-08-12T18:10:00-05:00,2026-08-12T19:00:00-05:00,19.793062,19.936849475892114,0.1437874758921147
2026-08-12T19:00:00-05:00,2026-08-12T19:10:00-05:00,2026-08-12T20:00:00-05:00,19.334649,19.076554317799914,-0.2580946822000847
2026-08-12T20:00:00-05:00,2026-08-12T20:10:00-05:00,2026-08-12T21:00:00-05:00,18.34984,18.410142460950453,0.060302460950452996
2026-08-12T21:00:00-05:00,2026-08-12T21:10:00-05:00,2026-08-12T22:00:00-05:00,17.563368,17.70178434448379,0.13841634448379025
2026-08-12T22:00:00-05:00,2026-08-12T22:10:00-05:00,2026-08-12T23:00:00-05:00,16.867132,16.985165942926205,0.1180339429262034
2026-08-12T23:00:00-05:00,2026-08-12T23:10:00-05:00,2026-08-13T00:00:00-05:00,16.282653,16.481896376837874,0.19924337683787385
2026-08-13T00:00:00-05:00,2026-08-13T00:10:00-05:00,2026-08-13T01:00:00-05:00,16.109476,16.137580156105166,0.028104156105165146
2026-08-13T01:00:00-05:00,2026-08-13T01:10:00-05:00,2026-08-13T02:00:00-05:00,16.022588,16.01767356238575,-0.0049144376142500334
2026-08-13T02:00:00-05:00,2026-08-13T02:10:00-05:00,2026-08-13T03:00:00-05:00,16.286176,16.166265227317673,-0.11991077268232786
2026-08-13T03:00:00-05:00,2026-08-13T03:10:00-05:00,2026-08-13T04:00:00-05:00,16.342238,16.521625670351924,0.17938767035192527
2026-08-13T04:00:00-05:00,2026-08-13T04:10:00-05:00,2026-08-13T05:00:00-05:00,17.0311,16.958945405498696,-0.07215459450130268
2026-08-13T05:00:00-05:00,2026-08-13T05:10:00-05:00,2026-08-13T06:00:00-05:00,17.3135,17.6004012463207,0.28690124632069924
2026-08-13T06:00:00-05:00,2026-08-13T06:10:00-05:00,2026-08-13T07:00:00-05:00,18.516625,18.275896270632884,-0.24072872936711676
2026-08-13T07:00:00-05:00,2026-08-13T07:10:00-05:00,2026-08-13T08:00:00-05:00,18.899893,19.124759492623873,0.2248664926238746
2026-08-13T08:00:00-05:00,2026-08-13T08:10:00-05:00,2026-08-13T09:00:00-05:00,19.68892,19.880117311595114,0.19119731159511488
2026-08-13T09:00:00-05:00,2026-08-13T09:10:00-05:00,2026-08-13T10:00:00-05:00,20.814758,20.525898159121354,-0.28885984087864713
2026-08-13T10:00:00-05:00,2026-08-13T10:10:00-05:00,2026-08-13T11:00:00-05:00,21.23691,21.241467521820553,0.004557521820551358
2026-08-13T11:00:00-05:00,2026-08-13T11:10:00-05:00,2026-08-13T12:00:00-05:00,21.521054,21.78803531574758,0.2669813157475822
2026-08-13T12:00:00-05:00,2026-08-13T12:10:00-05:00,2026-08-13T13:00:00-05:00,22.001165,21.962629943710752,-0.03853505628924836
2026-08-13T13:00:00-05:00,2026-08-13T13:10:00-05:00,2026-08-13T14:00:00-05:00,21.914722,22.059681504843855,0.1449595048438539
2026-08-13T14:00:00-05:00,2026-08-13T14:10:00-05:00,2026-08-13T15:00:00-05:00,21.80175,21.941104141655067,0.13935414165506899
2026-08-13T15:00:00-05:00,2026-08-13T15:10:00-05:00,2026-08-13T16:00:00-05:00,21.581338,21.600372219035798,0.019034219035798827
2026-08-13T16:00:00-05:00,2026-08-13T16:10:00-05:00,2026-08-13T17:00:00-05:00,21.268199,21.13548555471192,-0.13271344528807916
2026-08-13T17:00:00-05:00,2026-08-13T17:10:00-05:00,2026-08-13T18:00:00-05:00,20.490585,20.5704711662496,0.07988616624960088
2026-08-13T18:00:00-05:00,2026-08-13T18:10:00-05:00,2026-08-13T19:00:00-05:00,20.165646,19.8534997272737,-0.3121462727262987
2026-08-13T19:00:00-05:00,2026-08-13T19:10:00-05:00,2026-08-13T20:00:00-05:00,19.301573,19.134574110786502,-0.1669988892134988
2026-08-13T20:00:00-05:00,2026-08-13T20:10:00-05:00,2026-08-13T21:00:00-05:00,18.185702,18.457267749464876,0.27156574946487666
2026-08-13T21:00:00-05:00,2026-08-13T21:10:00-05:00,2026-08-13T22:00:00-05:00,17.589633,17.60466859151496,0.015035591514962476
2026-08-13T22:00:00-05:00,2026-08-13T22:10:00-05:00,2026-08-13T23:00:00-05:00,17.142385,16.935815840137337,-0.20656915986266355
2026-08-13T23:00:00-05:00,2026-08-13T23:10:00-05:00,2026-08-14T00:00:00-05:00,16.542283,16.564083025411886,0.02180002541188486
2026-08-14T00:00:00-05:00,2026-08-14T00:10:00-05:00,2026-08-14T01:00:00-05:00,16.131511,16.269071586243978,0.13756058624397838
2026-08-14T01:00:00-05:00,2026-08-14T01:10:00-05:00,2026-08-14T02:00:00-05:00,16.399407,16.098922588360505,-0.3004844116394949
2026-08-14T02:00:00-05:00,2026-08-14T02:10:00-05:00,2026-08-14T03:00:00-05:00,16.494933,16.281319292548865,-0.21361370745113462
2026-08-14T03:00:00-05:00,2026-08-14T03:10:00-05:00,2026-08-14T04:00:00-05:00,16.697323,16.710179918282748,0.012856918282746932
2026-08-14T04:00:00-05:00,2026-08-14T04:10:00-05:00,2026-08-14T05:00:00-05:00,17.01697,17.145789488975254,0.1288194889752532
2026-08-14T05:00:00-05:00,2026-08-14T05:10:00-05:00,2026-08-14T06:00:00-05:00,17.630985,17.724112041177328,0.09312704117732906
2026-08-14T06:00:00-05:00,2026-08-14T06:10:00-05:00,2026-08-14T07:00:00-05:00,18.367572,18.368144359083406,0.0005723590834065817
2026-08-14T07:00:00-05:00,2026-08-14T07:10:00-05:00,2026-08-14T08:00:00-05:00,19.072671,19.181284421451792,0.10861342145179265
2026-08-14T08:00:00-05:00,2026-08-14T08:10:00-05:00,2026-08-14T09:00:00-05:00,20.069917,19.943235718702045,-0.1266812812979552
2026-08-14T09:00:00-05:00,2026-08-14T09:10:00-05:00,2026-08-14T10:00:00-05:00,20.737699,20.688699186223936,-0.04899981377606366
2026-08-14T10:00:00-05:00,2026-08-14T10:10:00-05:00,2026-08-14T11:00:00-05:00,21.445489,21.370497803654196,-0.07499119634580254
2026-08-14T11:00:00-05:00,2026-08-14T11:10:00-05:00,2026-08-14T12:00:00-05:00,21.864551,21.879629882667622,0.015078882667623361
2026-08-14T12:00:00-05:00,2026-08-14T12:10:00-05:00,2026-08-14T13:00:00-05:00,22.424754,22.17471413824508,-0.2500398617549209
2026-08-14T13:00:00-05:00,2026-08-14T13:10:00-05:00,2026-08-14T14:00:00-05:00,22.599786,22.365443664571185,-0.234342335428817
2026-08-14T14:00:00-05:00,2026-08-14T14:10:00-05:00,2026-08-14T15:00:00-05:00,22.510784,22.369981968524854,-0.1408020314751468
2026-08-14T15:00:00-05:00,2026-08-14T15:10:00-05:00,2026-08-14T16:00:00-05:00,22.051968,22.0984352419576,0.046467241957600436
2026-08-14T16:00:00-05:00,2026-08-14T16:10:00-05:00,2026-08-14T17:00:00-05:00,21.525526,21.56714199094901,0.041615990949011916
2026-08-14T17:00:00-05:00,2026-08-14T17:10:00-05:00,2026-08-14T18:00:00-05:00,20.94816,20.902035214914193,-0.04612478508580864
2026-08-14T18:00:00-05:00,2026-08-14T18:10:00-05:00,2026-08-14T19:00:00-05:00,20.484849,20.14892000927489,-0.33592899072511173
2026-08-14T19:00:00-05:00,2026-08-14T19:10:00-05:00,2026-08-14T20:00:00-05:00,19.620519,19.477420388219304,-0.14309861178069738
2026-08-14T20:00:00-05:00,2026-08-14T20:10:00-05:00,2026-08-14T21:00:00-05:00,18.651065,18.780200686786923,0.129135686786924
2026-08-14T21:00:00-05:00,2026-08-14T21:10:00-05:00,2026-08-14T22:00:00-05:00,17.904248,17.968513387418103,0.06426538741810361
2026-08-14T22:00:00-05:00,2026-08-14T22:10:00-05:00,2026-08-14T23:00:00-05:00,17.64427,17.27659858330172,-0.3676714166982791
2026-08-14T23:00:00-05:00,2026-08-14T23:10:00-05:00,2026-08-15T00:00:00-05:00,16.901165,16.92734389736966,0.02617889736966106
2026-08-15T00:00:00-05:00,2026-08-15T00:10:00-05:00,2026-08-15T01:00:00-05:00,16.775951,16.662703702681206,-0.11324729731879302
2026-08-15T01:00:00-05:00,2026-08-15T01:10:00-05:00,2026-08-15T02:00:00-05:00,16.628981,16.52254911137344,-0.10643188862655961
2026-08-15T02:00:00-05:00,2026-08-15T02:10:00-05:00,2026-08-15T03:00:00-05:00,16.660631,16.666694238495293,0.006063238495293888
2026-08-15T03:00:00-05:00,2026-08-15T03:10:00-05:00,2026-08-15T04:00:00-05:00,17.0076,16.94672739941291,-0.06087260058708921
2026-08-15T04:00:00-05:00,2026-08-15T04:10:00-05:00,2026-08-15T05:00:00-05:00,17.239476,17.441804710704584,0.20232871070458458
2026-08-15T05:00:00-05:00,2026-08-15T05:10:00-05:00,2026-08-15T06:00:00-05:00,18.053369,18.007848426419756,-0.04552057358024442
2026-08-15T06:00:00-05:00,2026-08-15T06:10:00-05:00,2026-08-15T07:00:00-05:00,18.798764,18.733574346409135,-0.06518965359086337
2026-08-15T07:00:00-05:00,2026-08-15T07:10:00-05:00,2026-08-15T08:00:00-05:00,19.678904,19.58747122590815,-0.09143277409184947
2026-08-15T08:00:00-05:00,2026-08-15T08:10:00-05:00,2026-08-15T09:00:00-05:00,20.206757,20.39638460170095,0.18962760170095194
2026-08-15T09:00:00-05:00,2026-08-15T09:10:00-05:00,2026-08-15T10:00:00-05:00,21.146888,21.079897310064336,-0.0669906899356647
2026-08-15T10:00:00-05:00,2026-08-15T10:10:00-05:00,2026-08-15T11:00:00-05:00,22.026489,21.70060254161024,-0.3258864583897605
2026-08-15T11:00:00-05:00,2026-08-15T11:10:00-05:00,2026-08-15T12:00:00-05:00,22.674234,22.33409119866114,-0.34014280133885677
2026-08-15T12:00:00-05:00,2026-08-15T12:10:00-05:00,2026-08-15T13:00:00-05:00,22.744698,22.75012744258005,0.0054294425800520685
2026-08-15T13:00:00-05:00,2026-08-15T13:10:00-05:00,2026-08-15T14:00:00-05:00,22.781573,22.826027603429157,0.044454603429155526
2026-08-15T14:00:00-05:00,2026-08-15T14:10:00-05:00,2026-08-15T15:00:00-05:00,22.69658,22.63974840311633,-0.05683159688367212
2026-08-15T15:00:00-05:00,2026-08-15T15:10:00-05:00,2026-08-15T16:00:00-05:00,22.466933,22.342229220218407,-0.12470377978159419
2026-08-15T16:00:00-05:00,2026-08-15T16:10:00-05:00,2026-08-15T17:00:00-05:00,22.058955,21.901525684160006,-0.15742931583999464
2026-08-15T17:00:00-05:00,2026-08-15T17:10:00-05:00,2026-08-15T18:00:00-05:00,21.388663,21.324454491214997,-0.06420850878500417
2026-08-15T18:00:00-05:00,2026-08-15T18:10:00-05:00,2026-08-15T19:00:00-05:00,20.652245,20.587166537448283,-0.06507846255171756
2026-08-15T19:00:00-05:00,2026-08-15T19:10:00-05:00,2026-08-15T20:00:00-05:00,19.77064,19.80171003432086,0.031070034320858753
2026-08-15T20:00:00-05:00,2026-08-15T20:10:00-05:00,2026-08-15T21:00:00-05:00,19.262005,19.007056470025013,-0.2549485299749854
2026-08-15T21:00:00-05:00,2026-08-15T21:10:00-05:00,2026-08-15T22:00:00-05:00,18.40625,18.350720754541378,-0.055529245458622256
2026-08-15T22:00:00-05:00,2026-08-15T22:10:00-05:00,2026-08-15T23:00:00-05:00,18.092566,17.739491147823305,-0.35307485217669665
2026-08-15T23:00:00-05:00,2026-08-15T23:10:00-05:00,2026-08-16T00:00:00-05:00,17.337369,17.35497302817653,0.017604028176531727
2026-08-16T00:00:00-05:00,2026-08-16T00:10:00-05:00,2026-08-16T01:00:00-05:00,17.01075,17.254310380876504,0.24356038087650234
2026-08-16T01:00:00-05:00,2026-08-16T01:10:00-05:00,2026-08-16T02:00:00-05:00,17.05273,17.095261209419952,0.04253120941995192
2026-08-16T02:00:00-05:00,2026-08-16T02:10:00-05:00,2026-08-16T03:00:00-05:00,16.974615,17.027119306711462,0.052504306711462334
2026-08-16T03:00:00-05:00,2026-08-16T03:10:00-05:00,2026-08-16T04:00:00-05:00,17.393269,17.315258807748094,-0.07801019225190586
2026-08-16T04:00:00-05:00,2026-08-16T04:10:00-05:00,2026-08-16T05:00:00-05:00,17.779498,17.811577545762542,0.03207954576254224
2026-08-16T05:00:00-05:00,2026-08-16T05:10:00-05:00,2026-08-16T06:00:00-05:00,18.627623,18.43404369451686,-0.19357930548314073
2026-08-16T06:00:00-05:00,2026-08-16T06:10:00-05:00,2026-08-16T07:00:00-05:00,19.146572,19.21541357594313,0.06884157594313223
2026-08-16T07:00:00-05:00,2026-08-16T07:10:00-05:00,2026-08-16T08:00:00-05:00,20.189358,19.990878363775654,-0.19847963622434506
2026-08-16T08:00:00-05:00,2026-08-16T08:10:00-05:00,2026-08-16T09:00:00-05:00,20.934999,20.827771333283778,-0.10722766671622352
2026-08-16T09:00:00-05:00,2026-08-16T09:10:00-05:00,2026-08-16T10:00:00-05:00,21.3666,21.611593390582918,0.2449933905829198
2026-08-16T10:00:00-05:00,2026-08-16T10:10:00-05:00,2026-08-16T11:00:00-05:00,22.347568,22.114904722420384,-0.2326632775796149
2026-08-16T11:00:00-05:00,2026-08-16T11:10:00-05:00,2026-08-16T12:00:00-05:00,22.772401,22.613636151512708,-0.15876484848729078
2026-08-16T12:00:00-05:00,2026-08-16T12:10:00-05:00,2026-08-16T13:00:00-05:00,23.133221,23.01799035031124,-0.11523064968875829
2026-08-16T13:00:00-05:00,2026-08-16T13:10:00-05:00,2026-08-16T14:00:00-05:00,22.975877,23.136396798553566,0.16051979855356535
2026-08-16T14:00:00-05:00,2026-08-16T14:10:00-05:00,2026-08-16T15:00:00-05:00,22.991927,22.96985569112855,-0.022071308871449702
2026-08-16T15:00:00-05:00,2026-08-16T15:10:00-05:00,2026-08-16T16:00:00-05:00,22.784744,22.631749072011857,-0.15299492798814285
2026-08-16T16:00:00-05:00,2026-08-16T16:10:00-05:00,2026-08-16T17:00:00-05:00,21.93624,22.213622345713222,0.27738234571322096
2026-08-16T17:00:00-05:00,2026-08-16T17:10:00-05:00,2026-08-16T18:00:00-05:00,21.520072,21.50076445916391,-0.01930754083608832
2026-08-16T18:00:00-05:00,2026-08-16T18:10:00-05:00,2026-08-16T19:00:00-05:00,20.866008,20.739029911339465,-0.12697808866053606
2026-08-16T19:00:00-05:00,2026-08-16T19:10:00-05:00,2026-08-16T20:00:00-05:00,20.259254,20.05217284224669,-0.20708115775330782
2026-08-16T20:00:00-05:00,2026-08-16T20:10:00-05:00,2026-08-16T21:00:00-05:00,19.215498,19.331671950800587,0.11617395080058657
2026-08-16T21:00:00-05:00,2026-08-16T21:10:00-05:00,2026-08-16T22:00:00-05:00,18.695846,18.581381952051554,-0.11446404794844511
2026-08-16T22:00:00-05:00,2026-08-16T22:10:00-05:00,2026-08-16T23:00:00-05:00,18.027418,17.927403674129792,-0.10001432587020886
2026-08-16T23:00:00-05:00,2026-08-16T23:10:00-05:00,2026-08-17T00:00:00-05:00,17.737994,17.516395811767246,-0.221598188232754
2026-08-17T00:00:00-05:00,2026-08-17T00:10:00-05:00,2026-08-17T01:00:00-05:00,17.152252,17.273485871440894,0.12123387144089293
2026-08-17T01:00:00-05:00,2026-08-17T01:10:00-05:00,2026-08-17T02:00:00-05:00,17.064701,17.12566959792388,0.06096859792388187
2026-08-17T02:00:00-05:00,2026-08-17T02:10:00-05:00,2026-08-17T03:00:00-05:00,17.088062,17.171947457039757,0.0838854570397558
2026-08-17T03:00:00-05:00,2026-08-17T03:10:00-05:00,2026-08-17T04:00:00-05:00,17.448541,17.445573809973027,-0.0029671900269718776
2026-08-17T04:00:00-05:00,2026-08-17T04:10:00-05:00,2026-08-17T05:00:00-05:00,17.935801,17.931679180739387,-0.004121819260614501
2026-08-17T05:00:00-05:00,2026-08-17T05:10:00-05:00,2026-08-17T06:00:00-05:00,18.527157,18.559050401987925,0.031893401987925785
2026-08-17T06:00:00-05:00,2026-08-17T06:10:00-05:00,2026-08-17T07:00:00-05:00,19.244236,19.295323785374634,0.051087785374633654
2026-08-17T07:00:00-05:00,2026-08-17T07:10:00-05:00,2026-08-17T08:00:00-05:00,19.986145,20.04210894742159,0.0559639474215885
2026-08-17T08:00:00-05:00,2026-08-17T08:10:00-05:00,2026-08-17T09:00:00-05:00,20.9441,20.80670149566755,-0.13739850433244882
2026-08-17T09:00:00-05:00,2026-08-17T09:10:00-05:00,2026-08-17T10:00:00-05:00,21.60773,21.60474527636367,-0.002984723636330955
2026-08-17T10:00:00-05:00,2026-08-17T10:10:00-05:00,2026-08-17T11:00:00-05:00,21.971656,22.230737492604312,0.259081492604313
2026-08-17T11:00:00-05:00,2026-08-17T11:10:00-05:00,2026-08-17T12:00:00-05:00,22.617394,22.607456048356635,-0.00993795164336575
2026-08-17T12:00:00-05:00,2026-08-17T12:10:00-05:00,2026-08-17T13:00:00-05:00,22.776729,22.87892831446981,0.10219931446981079
2026-08-17T13:00:00-05:00,2026-08-17T13:10:00-05:00,2026-08-17T14:00:00-05:00,22.980478,22.99849025270673,0.018012252706729015
2026-08-17T14:00:00-05:00,2026-08-17T14:10:00-05:00,2026-08-17T15:00:00-05:00,23.14894,22.876139887241738,-0.27280011275826155
2026-08-17T15:00:00-05:00,2026-08-17T15:10:00-05:00,2026-08-17T16:00:00-05:00,22.442942,22.681026051578577,0.23808405157857848
2026-08-17T16:00:00-05:00,2026-08-17T16:10:00-05:00,2026-08-17T17:00:00-05:00,22.062683,22.175849558608853,0.11316655860885305
2026-08-17T17:00:00-05:00,2026-08-17T17:10:00-05:00,2026-08-17T18:00:00-05:00,21.543353,21.453102799703146,-0.09025020029685393
2026-08-17T18:00:00-05:00,2026-08-17T18:10:00-05:00,2026-08-17T19:00:00-05:00,20.760025,20.77952040510711,0.019495405107111452
2026-08-17T19:00:00-05:00,2026-08-17T19:10:00-05:00,2026-08-17T20:00:00-05:00,19.842842,19.992994542087633,0.15015254208763196
2026-08-17T20:00:00-05:00,2026-08-17T20:10:00-05:00,2026-08-17T21:00:00-05:00,18.961114,19.169836192040126,0.20872219204012765
2026-08-17T21:00:00-05:00,2026-08-17T21:10:00-05:00,2026-08-17T22:00:00-05:00,18.363807,18.35008218776405,-0.01372481223595301
2026-08-17T22:00:00-05:00,2026-08-17T22:10:00-05:00,2026-08-17T23:00:00-05:00,17.758366,17.7363052629759,-0.022060737024098387
2026-08-17T23:00:00-05:00,2026-08-17T23:10:00-05:00,2026-08-18T00:00:00-05:00,17.333134,17.277959372101016,-0.05517462789898531
2026-08-18T00:00:00-05:00,2026-08-18T00:10:00-05:00,2026-08-18T01:00:00-05:00,16.91482,17.017542418714367,0.10272241871436805
2026-08-18T01:00:00-05:00,2026-08-18T01:10:00-05:00,2026-08-18T02:00:00-05:00,16.717233,16.88852903099396,0.17129603099396107
2026-08-18T02:00:00-05:00,2026-08-18T02:10:00-05:00,2026-08-18T03:00:00-05:00,16.828705,16.930832436902506,0.10212743690250647
2026-08-18T03:00:00-05:00,2026-08-18T03:10:00-05:00,2026-08-18T04:00:00-05:00,17.229744,17.19940159069855,-0.0303424093014506
2026-08-18T04:00:00-05:00,2026-08-18T04:10:00-05:00,2026-08-18T05:00:00-05:00,17.819482,17.708262705764806,-0.11121929423519461
2026-08-18T05:00:00-05:00,2026-08-18T05:10:00-05:00,2026-08-18T06:00:00-05:00,18.492487,18.396456864380283,-0.09603013561971707
2026-08-18T06:00:00-05:00,2026-08-18T06:10:00-05:00,2026-08-18T07:00:00-05:00,18.796435,19.170251240498285,0.3738162404982859
2026-08-18T07:00:00-05:00,2026-08-18T07:10:00-05:00,2026-08-18T08:00:00-05:00,19.948334,19.826895217240722,-0.12143878275927733
2026-08-18T08:00:00-05:00,2026-08-18T08:10:00-05:00,2026-08-18T09:00:00-05:00,20.709453,20.589261303304497,-0.12019169669550323
2026-08-18T09:00:00-05:00,2026-08-18T09:10:00-05:00,2026-08-18T10:00:00-05:00,21.318973,21.41408519206409,0.09511219206408938
2026-08-18T10:00:00-05:00,2026-08-18T10:10:00-05:00,2026-08-18T11:00:00-05:00,21.835985,22.01330978508435,0.17732478508434824
2026-08-18T12:00:00-05:00,2026-08-18T12:10:00-05:00,2026-08-18T13:00:00-05:00,22.381917,22.482006791735156,0.10008979173515442
2026-08-18T13:00:00-05:00,2026-08-18T13:10:00-05:00,2026-08-18T14:00:00-05:00,22.799317,22.555099198284285,-0.24421780171571328
2026-08-18T14:00:00-05:00,2026-08-18T14:10:00-05:00,2026-08-18T15:00:00-05:00,22.676477,22.58942755893917,-0.08704944106082735
2026-08-18T15:00:00-05:00,2026-08-18T15:10:00-05:00,2026-08-18T16:00:00-05:00,22.181306,22.394809734823504,0.2135037348235045
2026-08-18T16:00:00-05:00,2026-08-18T16:10:00-05:00,2026-08-18T17:00:00-05:00,21.721385,21.834530405405996,0.11314540540599438
2026-08-18T17:00:00-05:00,2026-08-18T17:10:00-05:00,2026-08-18T18:00:00-05:00,21.06157,21.145455847344717,0.08388584734471749
2026-08-18T18:00:00-05:00,2026-08-18T18:10:00-05:00,2026-08-18T19:00:00-05:00,20.515873,20.40762954255412,-0.10824345744588015
2026-08-18T19:00:00-05:00,2026-08-18T19:10:00-05:00,2026-08-18T20:00:00-05:00,19.600351,19.6813322024306,0.08098120243059981
2026-08-18T20:00:00-05:00,2026-08-18T20:10:00-05:00,2026-08-18T21:00:00-05:00,18.701977,18.91350725503253,0.21153025503253176
2026-08-18T21:00:00-05:00,2026-08-18T21:10:00-05:00,2026-08-18T22:00:00-05:00,17.985244,18.09584518538038,0.11060118538037855
2026-08-18T22:00:00-05:00,2026-08-18T22:10:00-05:00,2026-08-18T23:00:00-05:00,17.448938,17.433648932415007,-0.015289067584991045
2026-08-18T23:00:00-05:00,2026-08-18T23:10:00-05:00,2026-08-19T00:00:00-05:00,17.019312,16.975100635261292,-0.04421136473870746
2026-08-19T00:00:00-05:00,2026-08-19T00:10:00-05:00,2026-08-19T01:00:00-05:00,16.383973,16.719324804039402,0.33535180403940146
2026-08-19T01:00:00-05:00,2026-08-19T01:10:00-05:00,2026-08-19T02:00:00-05:00,16.454671,16.525437103632793,0.07076610363279201
2026-08-19T02:00:00-05:00,2026-08-19T02:10:00-05:00,2026-08-19T03:00:00-05:00,16.68724,16.58513908619793,-0.10210091380206876
2026-08-19T03:00:00-05:00,2026-08-19T03:10:00-05:00,2026-08-19T04:00:00-05:00,16.874364,16.964565493253723,0.09020149325372273
2026-08-19T04:00:00-05:00,2026-08-19T04:10:00-05:00,2026-08-19T05:00:00-05:00,17.150634,17.428419737755355,0.2777857377553552
2026-08-19T05:00:00-05:00,2026-08-19T05:10:00-05:00,2026-08-19T06:00:00-05:00,18.398406,17.941425084281356,-0.4569809157186455
2026-08-19T06:00:00-05:00,2026-08-19T06:10:00-05:00,2026-08-19T07:00:00-05:00,18.628388,18.843438554807573,0.21505055480757207
2026-08-19T07:00:00-05:00,2026-08-19T07:10:00-05:00,2026-08-19T08:00:00-05:00,19.351731,19.605220111718538,0.2534891117185367
2026-08-19T08:00:00-05:00,2026-08-19T08:10:00-05:00,2026-08-19T09:00:00-05:00,20.058969,20.21995899763189,0.16098999763188715
2026-08-19T09:00:00-05:00,2026-08-19T09:10:00-05:00,2026-08-19T10:00:00-05:00,21.005968,20.90589722712992,-0.1000707728700796
2026-08-19T10:00:00-05:00,2026-08-19T10:10:00-05:00,2026-08-19T11:00:00-05:00,21.395352,21.581436040212548,0.18608404021254898
2026-08-19T11:00:00-05:00,2026-08-19T11:10:00-05:00,2026-08-19T12:00:00-05:00,21.829823,22.08126118063941,0.2514381806394077
2026-08-19T12:00:00-05:00,2026-08-19T12:10:00-05:00,2026-08-19T13:00:00-05:00,22.407086,22.279341942712342,-0.12774405728765714
2026-08-19T13:00:00-05:00,2026-08-19T13:10:00-05:00,2026-08-19T14:00:00-05:00,22.398216,22.42701784235716,0.02880184235715788
2026-08-19T14:00:00-05:00,2026-08-19T14:10:00-05:00,2026-08-19T15:00:00-05:00,22.661166,22.358629834042564,-0.30253616595743793
2026-08-19T15:00:00-05:00,2026-08-19T15:10:00-05:00,2026-08-19T16:00:00-05:00,22.140762,22.15639263325317,0.0156306332531706
2026-08-19T16:00:00-05:00,2026-08-19T16:10:00-05:00,2026-08-19T17:00:00-05:00,21.396637,21.70657924318694,0.3099422431869421
2026-08-19T17:00:00-05:00,2026-08-19T17:10:00-05:00,2026-08-19T18:00:00-05:00,20.945904,20.934619644314218,-0.011284355685781122
2026-08-19T18:00:00-05:00,2026-08-19T18:10:00-05:00,2026-08-19T19:00:00-05:00,20.099331,20.169226571732683,0.06989557173268324
2026-08-19T19:00:00-05:00,2026-08-19T19:10:00-05:00,2026-08-19T20:00:00-05:00,19.422741,19.403451476659377,-0.019289523340621173
2026-08-19T20:00:00-05:00,2026-08-19T20:10:00-05:00,2026-08-19T21:00:00-05:00,18.447465,18.629563342248723,0.18209834224872168
2026-08-19T21:00:00-05:00,2026-08-19T21:10:00-05:00,2026-08-19T22:00:00-05:00,17.848419,17.86485987802999,0.016440878029989392
2026-08-19T22:00:00-05:00,2026-08-19T22:10:00-05:00,2026-08-19T23:00:00-05:00,17.152896,17.216627505240908,0.06373150524090931
2026-08-19T23:00:00-05:00,2026-08-19T23:10:00-05:00,2026-08-20T00:00:00-05:00,16.686109,16.741645391385564,0.055536391385565764
2026-08-20T00:00:00-05:00,2026-08-20T00:10:00-05:00,2026-08-20T01:00:00-05:00,16.515147,16.44909612646181,-0.06605087353818817
2026-08-20T01:00:00-05:00,2026-08-20T01:10:00-05:00,2026-08-20T02:00:00-05:00,16.456318,16.3788529156704,-0.07746508432959942
2026-08-20T02:00:00-05:00,2026-08-20T02:10:00-05:00,2026-08-20T03:00:00-05:00,16.383955,16.52118954823205,0.13723454823205117
2026-08-20T03:00:00-05:00,2026-08-20T03:10:00-05:00,2026-08-20T04:00:00-05:00,16.748155,16.7854242644375,0.037269264437497895
2026-08-20T04:00:00-05:00,2026-08-20T04:10:00-05:00,2026-08-20T05:00:00-05:00,17.14369,17.252427201843,0.10873720184299884
2026-08-20T05:00:00-05:00,2026-08-20T05:10:00-05:00,2026-08-20T06:00:00-05:00,17.897807,17.813399379647723,-0.08440762035227678
2026-08-20T06:00:00-05:00,2026-08-20T06:10:00-05:00,2026-08-20T07:00:00-05:00,18.567554,18.59303648056257,0.02548248056256952
2026-08-20T07:00:00-05:00,2026-08-20T07:10:00-05:00,2026-08-20T08:00:00-05:00,19.3344,19.39555195466675,0.06115195466675161
2026-08-20T08:00:00-05:00,2026-08-20T08:10:00-05:00,2026-08-20T09:00:00-05:00,20.399759,20.161845967183098,-0.2379130328169019
2026-08-20T09:00:00-05:00,2026-08-20T09:10:00-05:00,2026-08-20T10:00:00-05:00,20.803573,20.96084965925435,0.1572766592543502
2026-08-20T10:00:00-05:00,2026-08-20T10:10:00-05:00,2026-08-20T11:00:00-05:00,21.477744,21.57959884633598,0.10185484633597852
2026-08-20T11:00:00-05:00,2026-08-20T11:10:00-05:00,2026-08-20T12:00:00-05:00,22.039228,21.98920818363296,-0.05001981636704045
2026-08-20T12:00:00-05:00,2026-08-20T12:10:00-05:00,2026-08-20T13:00:00-05:00,22.112348,22.308173292744893,0.19582529274489247
2026-08-20T13:00:00-05:00,2026-08-20T13:10:00-05:00,2026-08-20T14:00:00-05:00,22.320815,22.365429313698858,0.044614313698858155
2026-08-20T14:00:00-05:00,2026-08-20T14:10:00-05:00,2026-08-20T15:00:00-05:00,22.592838,22.197052782225477,-0.3957852177745238
2026-08-20T15:00:00-05:00,2026-08-20T15:10:00-05:00,2026-08-20T16:00:00-05:00,21.929408,22.059114767830266,0.12970676783026747
2026-08-20T16:00:00-05:00,2026-08-20T16:10:00-05:00,2026-08-20T17:00:00-05:00,21.738885,21.589170423212245,-0.1497145767877548
2026-08-20T17:00:00-05:00,2026-08-20T17:10:00-05:00,2026-08-20T18:00:00-05:00,20.861569,20.94473887840074,0.08316987840074219
2026-08-20T18:00:00-05:00,2026-08-20T18:10:00-05:00,2026-08-20T19:00:00-05:00,20.374714,20.227050051485847,-0.147663948514154
2026-08-20T19:00:00-05:00,2026-08-20T19:10:00-05:00,2026-08-20T20:00:00-05:00,19.387687,19.447488527374873,0.059801527374872876
2026-08-20T20:00:00-05:00,2026-08-20T20:10:00-05:00,2026-08-20T21:00:00-05:00,18.672746,18.686021002235794,0.01327500223579392
2026-08-20T21:00:00-05:00,2026-08-20T21:10:00-05:00,2026-08-20T22:00:00-05:00,17.748244,17.915380849204432,0.16713684920443228
2026-08-20T22:00:00-05:00,2026-08-20T22:10:00-05:00,2026-08-20T23:00:00-05:00,17.424961,17.25260703901944,-0.17235396098055844
2026-08-20T23:00:00-05:00,2026-08-20T23:10:00-05:00,2026-08-21T00:00:00-05:00,16.860816,16.81798114286767,-0.042834857132330484
2026-08-21T00:00:00-05:00,2026-08-21T00:10:00-05:00,2026-08-21T01:00:00-05:00,16.746689,16.566712008039175,-0.1799769919608245
2026-08-21T01:00:00-05:00,2026-08-21T01:10:00-05:00,2026-08-21T02:00:00-05:00,16.438898,16.50072031936081,0.06182231936081095
2026-08-21T02:00:00-05:00,2026-08-21T02:10:00-05:00,2026-08-21T03:00:00-05:00,16.67008,16.607889092058546,-0.06219090794145288
2026-08-21T03:00:00-05:00,2026-08-21T03:10:00-05:00,2026-08-21T04:00:00-05:00,16.739026,16.893557712065515,0.1545317120655163
2026-08-21T04:00:00-05:00,2026-08-21T04:10:00-05:00,2026-08-21T05:00:00-05:00,16.995584,17.34417103377114,0.348587033771139
2026-08-21T05:00:00-05:00,2026-08-21T05:10:00-05:00,2026-08-21T06:00:00-05:00,18.046791,17.821157231682527,-0.22563376831747206
2026-08-21T06:00:00-05:00,2026-08-21T06:10:00-05:00,2026-08-21T07:00:00-05:00,19.053308,18.628459713895655,-0.42484828610434633
2026-08-21T07:00:00-05:00,2026-08-21T07:10:00-05:00,2026-08-21T08:00:00-05:00,19.546928,19.625226594004015,0.07829859400401418
2026-08-21T08:00:00-05:00,2026-08-21T08:10:00-05:00,2026-08-21T09:00:00-05:00,20.238178,20.372123444436085,0.13394544443608325
2026-08-21T09:00:00-05:00,2026-08-21T09:10:00-05:00,2026-08-21T10:00:00-05:00,21.329234,21.017227335979708,-0.3120066640202914
2026-08-21T10:00:00-05:00,2026-08-21T10:10:00-05:00,2026-08-21T11:00:00-05:00,21.702887,21.735610000332176,0.0327230003321759
2026-08-21T11:00:00-05:00,2026-08-21T11:10:00-05:00,2026-08-21T12:00:00-05:00,22.19916,22.233360098628225,0.03420009862822582
2026-08-21T12:00:00-05:00,2026-08-21T12:10:00-05:00,2026-08-21T13:00:00-05:00,22.581103,22.49262826300725,-0.08847473699274744
2026-08-21T13:00:00-05:00,2026-08-21T13:10:00-05:00,2026-08-21T14:00:00-05:00,22.637166,22.623700375577194,-0.013465624422806854
2026-08-21T14:00:00-05:00,2026-08-21T14:10:00-05:00,2026-08-21T15:00:00-05:00,22.739895,22.500197418198503,-0.23969758180149725
2026-08-21T15:00:00-05:00,2026-08-21T15:10:00-05:00,2026-08-21T16:00:00-05:00,22.014645,22.284090057737245,0.2694450577372436
2026-08-21T16:00:00-05:00,2026-08-21T16:10:00-05:00,2026-08-21T17:00:00-05:00,21.74271,21.704340926196817,-0.038369073803181664
2026-08-21T17:00:00-05:00,2026-08-21T17:10:00-05:00,2026-08-21T18:00:00-05:00,20.967986,21.048793566334506,0.08080756633450648
2026-08-21T18:00:00-05:00,2026-08-21T18:10:00-05:00,2026-08-21T19:00:00-05:00,20.354359,20.3122159013144,-0.04214309868559951
2026-08-21T19:00:00-05:00,2026-08-21T19:10:00-05:00,2026-08-21T20:00:00-05:00,19.974669,19.543431797459128,-0.4312372025408706
2026-08-21T20:00:00-05:00,2026-08-21T20:10:00-05:00,2026-08-21T21:00:00-05:00,19.163406,18.925332901565376,-0.2380730984346222
2026-08-21T21:00:00-05:00,2026-08-21T21:10:00-05:00,2026-08-21T22:00:00-05:00,18.210816,18.327146600221766,0.11633060022176522
2026-08-21T22:00:00-05:00,2026-08-21T22:10:00-05:00,2026-08-21T23:00:00-05:00,17.748477,17.60666709167749,-0.14180990832251084
2026-08-21T23:00:00-05:00,2026-08-21T23:10:00-05:00,2026-08-22T00:00:00-05:00,17.417024,17.13051694057737,-0.28650705942263244
2026-08-22T00:00:00-05:00,2026-08-22T00:10:00-05:00,2026-08-22T01:00:00-05:00,16.912192,16.91570176313008,0.0035097631300793353
2026-08-22T01:00:00-05:00,2026-08-22T01:10:00-05:00,2026-08-22T02:00:00-05:00,16.804981,16.81313595594969,0.008154955949688514
2026-08-22T02:00:00-05:00,2026-08-22T02:10:00-05:00,2026-08-22T03:00:00-05:00,16.927087,16.85502361297032,-0.0720633870296794
2026-08-22T03:00:00-05:00,2026-08-22T03:10:00-05:00,2026-08-22T04:00:00-05:00,17.538366,17.18798868065687,-0.35037731934313143
2026-08-22T04:00:00-05:00,2026-08-22T04:10:00-05:00,2026-08-22T05:00:00-05:00,17.841426,17.805794543344433,-0.03563145665556533
2026-08-22T05:00:00-05:00,2026-08-22T05:10:00-05:00,2026-08-22T06:00:00-05:00,18.209682,18.44048731923775,0.23080531923774927
2026-08-22T06:00:00-05:00,2026-08-22T06:10:00-05:00,2026-08-22T07:00:00-05:00,19.03718,19.017708927500184,-0.01947107249981528
2026-08-22T07:00:00-05:00,2026-08-22T07:10:00-05:00,2026-08-22T08:00:00-05:00,19.943253,19.783854759297903,-0.15939824070209596
2026-08-22T08:00:00-05:00,2026-08-22T08:10:00-05:00,2026-08-22T09:00:00-05:00,20.753505,20.64681550194814,-0.10668949805186045
2026-08-22T09:00:00-05:00,2026-08-22T09:10:00-05:00,2026-08-22T10:00:00-05:00,21.364681,21.39532072420322,0.030639724203219032
2026-08-22T10:00:00-05:00,2026-08-22T10:10:00-05:00,2026-08-22T11:00:00-05:00,22.13881,22.0141191029794,-0.12469089702059932
2026-08-22T11:00:00-05:00,2026-08-22T11:10:00-05:00,2026-08-22T12:00:00-05:00,22.781558,22.513785499579622,-0.2677725004203779
2026-08-22T12:00:00-05:00,2026-08-22T12:10:00-05:00,2026-08-22T13:00:00-05:00,23.147867,22.910491950627016,-0.2373750493729858
2026-08-22T13:00:00-05:00,2026-08-22T13:10:00-05:00,2026-08-22T14:00:00-05:00,23.237971,23.092776105750744,-0.1451948942492578
2026-08-22T14:00:00-05:00,2026-08-22T14:10:00-05:00,2026-08-22T15:00:00-05:00,22.763733,22.996186290725575,0.23245329072557652
2026-08-22T15:00:00-05:00,2026-08-22T15:10:00-05:00,2026-08-22T16:00:00-05:00,22.642133,22.612491840061725,-0.029641159938275763
2026-08-22T16:00:00-05:00,2026-08-22T16:10:00-05:00,2026-08-22T17:00:00-05:00,22.090919,22.07906793722355,-0.01185106277645076
2026-08-22T17:00:00-05:00,2026-08-22T17:10:00-05:00,2026-08-22T18:00:00-05:00,21.716628,21.501216629152598,-0.21541137084740214
2026-08-22T18:00:00-05:00,2026-08-22T18:10:00-05:00,2026-08-22T19:00:00-05:00,21.035391,20.836025930087832,-0.19936506991216874
2026-08-22T19:00:00-05:00,2026-08-22T19:10:00-05:00,2026-08-22T20:00:00-05:00,20.300412,20.116645535581878,-0.18376646441812383
2026-08-22T20:00:00-05:00,2026-08-22T20:10:00-05:00,2026-08-22T21:00:00-05:00,19.351078,19.37238336681244,0.02130536681243811
2026-08-22T21:00:00-05:00,2026-08-22T21:10:00-05:00,2026-08-22T22:00:00-05:00,18.632737,18.629211392599245,-0.003525607400753472
2026-08-22T22:00:00-05:00,2026-08-22T22:10:00-05:00,2026-08-22T23:00:00-05:00,17.563871,17.955196037990227,0.391325037990228
2026-08-22T23:00:00-05:00,2026-08-22T23:10:00-05:00,2026-08-23T00:00:00-05:00,17.734387,17.323997659796905,-0.41038934020309625
2026-08-23T00:00:00-05:00,2026-08-23T00:10:00-05:00,2026-08-23T01:00:00-05:00,17.462476,17.12794614881518,-0.3345298511848185
2026-08-23T01:00:00-05:00,2026-08-23T01:10:00-05:00,2026-08-23T02:00:00-05:00,17.319038,17.226857888637902,-0.09218011136209725
2026-08-23T02:00:00-05:00,2026-08-23T02:10:00-05:00,2026-08-23T03:00:00-05:00,17.48225,17.33460183038679,-0.14764816961320903
2026-08-23T03:00:00-05:00,2026-08-23T03:10:00-05:00,2026-08-23T04:00:00-05:00,17.541787,17.627819647229735,0.08603264722973591
2026-08-23T04:00:00-05:00,2026-08-23T04:10:00-05:00,2026-08-23T05:00:00-05:00,18.300953,18.065139129645054,-0.23581387035494572
2026-08-23T05:00:00-05:00,2026-08-23T05:10:00-05:00,2026-08-23T06:00:00-05:00,19.062349,18.742642790191216,-0.3197062098087855
2026-08-23T06:00:00-05:00,2026-08-23T06:10:00-05:00,2026-08-23T07:00:00-05:00,19.533305,19.598412771175983,0.06510777117598465
2026-08-23T07:00:00-05:00,2026-08-23T07:10:00-05:00,2026-08-23T08:00:00-05:00,20.388928,20.335423550538696,-0.05350444946130395
2026-08-23T08:00:00-05:00,2026-08-23T08:10:00-05:00,2026-08-23T09:00:00-05:00,21.284554,21.074148849436174,-0.21040515056382603
2026-08-23T09:00:00-05:00,2026-08-23T09:10:00-05:00,2026-08-23T10:00:00-05:00,21.795661,21.878398902914707,0.08273790291470817
2026-08-23T10:00:00-05:00,2026-08-23T10:10:00-05:00,2026-08-23T11:00:00-05:00,22.492487,22.46161865414321,-0.03086834585679199
2026-08-23T11:00:00-05:00,2026-08-23T11:10:00-05:00,2026-08-23T12:00:00-05:00,23.000399,22.89475588567925,-0.10564311432075257
2026-08-23T12:00:00-05:00,2026-08-23T12:10:00-05:00,2026-08-23T13:00:00-05:00,23.225467,23.222260055549004,-0.0032069444509943423
2026-08-23T13:00:00-05:00,2026-08-23T13:10:00-05:00,2026-08-23T14:00:00-05:00,23.337406,23.310523919332358,-0.02688208066764375
2026-08-23T14:00:00-05:00,2026-08-23T14:10:00-05:00,2026-08-23T15:00:00-05:00,23.175097,23.22327197577093,0.04817497577093022
2026-08-23T15:00:00-05:00,2026-08-23T15:10:00-05:00,2026-08-23T16:00:00-05:00,23.032813,22.896753406486702,-0.13605959351329844
2026-08-23T16:00:00-05:00,2026-08-23T16:10:00-05:00,2026-08-23T17:00:00-05:00,22.605672,22.463628637895717,-0.1420433621042818
2026-08-23T17:00:00-05:00,2026-08-23T17:10:00-05:00,2026-08-23T18:00:00-05:00,22.037359,21.886330282954138,-0.15102871704586107
2026-08-23T18:00:00-05:00,2026-08-23T18:10:00-05:00,2026-08-23T19:00:00-05:00,21.344364,21.192663495496006,-0.1517005045039923
2026-08-23T19:00:00-05:00,2026-08-23T19:10:00-05:00,2026-08-23T20:00:00-05:00,20.398128,20.440258277317948,0.042130277317948384
2026-08-23T20:00:00-05:00,2026-08-23T20:10:00-05:00,2026-08-23T21:00:00-05:00,19.342603,19.634651218474303,0.29204821847430296
2026-08-23T21:00:00-05:00,2026-08-23T21:10:00-05:00,2026-08-23T22:00:00-05:00,18.652188,18.77507076092586,0.12288276092586159
2026-08-23T22:00:00-05:00,2026-08-23T22:10:00-05:00,2026-08-23T23:00:00-05:00,18.145012,18.1265686868695,-0.018443313130500627
2026-08-23T23:00:00-05:00,2026-08-23T23:10:00-05:00,2026-08-24T00:00:00-05:00,17.660923,17.64862980568485,-0.012293194315152078
2026-08-24T00:00:00-05:00,2026-08-24T00:10:00-05:00,2026-08-24T01:00:00-05:00,17.407615,17.375550017527267,-0.032064982472732595
2026-08-24T01:00:00-05:00,2026-08-24T01:10:00-05:00,2026-08-24T02:00:00-05:00,17.415369,17.29026874063693,-0.12510025936306945
2026-08-24T02:00:00-05:00,2026-08-24T02:10:00-05:00,2026-08-24T03:00:00-05:00,17.420876,17.43858868502162,0.017712685021621155
2026-08-24T03:00:00-05:00,2026-08-24T03:10:00-05:00,2026-08-24T04:00:00-05:00,17.706487,17.761667818198696,0.05518081819869636
2026-08-24T04:00:00-05:00,2026-08-24T04:10:00-05:00,2026-08-24T05:00:00-05:00,18.34207,18.18833841357342,-0.1537315864265807
2026-08-24T05:00:00-05:00,2026-08-24T05:10:00-05:00,2026-08-24T06:00:00-05:00,18.559686,18.846754198755498,0.2870681987554988
2026-08-24T06:00:00-05:00,2026-08-24T06:10:00-05:00,2026-08-24T07:00:00-05:00,19.722864,19.503914833200877,-0.21894916679912413
2026-08-24T07:00:00-05:00,2026-08-24T07:10:00-05:00,2026-08-24T08:00:00-05:00,20.237374,20.304841273142017,0.06746727314201806
2026-08-24T08:00:00-05:00,2026-08-24T08:10:00-05:00,2026-08-24T09:00:00-05:00,20.920859,21.109737284134212,0.18887828413421204
2026-08-24T09:00:00-05:00,2026-08-24T09:10:00-05:00,2026-08-24T10:00:00-05:00,21.809889,21.744715594315775,-0.0651734056842237
2026-08-24T10:00:00-05:00,2026-08-24T10:10:00-05:00,2026-08-24T11:00:00-05:00,22.509599,22.38590736677249,-0.1236916332275122
2026-08-24T11:00:00-05:00,2026-08-24T11:10:00-05:00,2026-08-24T12:00:00-05:00,22.870253,22.930183238200833,0.0599302382008311
2026-08-24T12:00:00-05:00,2026-08-24T12:10:00-05:00,2026-08-24T13:00:00-05:00,23.36644,23.218313614040603,-0.1481263859593973
2026-08-24T13:00:00-05:00,2026-08-24T13:10:00-05:00,2026-08-24T14:00:00-05:00,23.294554,23.349689307693442,0.05513530769344044
2026-08-24T14:00:00-05:00,2026-08-24T14:10:00-05:00,2026-08-24T15:00:00-05:00,23.02701,23.249634606669265,0.22262460666926387
2026-08-24T15:00:00-05:00,2026-08-24T15:10:00-05:00,2026-08-24T16:00:00-05:00,22.885899,22.830267834558146,-0.055631165441852204
2026-08-24T16:00:00-05:00,2026-08-24T16:10:00-05:00,2026-08-24T17:00:00-05:00,22.136385,22.346826537049,0.21044153704900026
2026-08-24T17:00:00-05:00,2026-08-24T17:10:00-05:00,2026-08-24T18:00:00-05:00,21.901225,21.66736348586696,-0.23386151413303935
2026-08-24T18:00:00-05:00,2026-08-24T18:10:00-05:00,2026-08-24T19:00:00-05:00,20.742067,20.980511632296622,0.23844463229662338
2026-08-24T19:00:00-05:00,2026-08-24T19:10:00-05:00,2026-08-24T20:00:00-05:00,19.719551,20.176028018675705,0.4564770186757059
2026-08-24T20:00:00-05:00,2026-08-24T20:10:00-05:00,2026-08-24T21:00:00-05:00,19.392264,19.21175035721326,-0.18051364278674242
2026-08-24T21:00:00-05:00,2026-08-24T21:10:00-05:00,2026-08-24T22:00:00-05:00,18.503308,18.557032311539416,0.05372431153941548
