candidato,caso_id,horas_previstas,potencia_prevista_kw,real,prediccion,residuo,fuera_rango
mediana,interaccion-entrenamiento-001,9.24,7.18,55.9,25.0685,30.8315,False
mediana,interaccion-entrenamiento-002,6.07,2.45,14.414,25.0685,-10.6545,False
mediana,interaccion-entrenamiento-003,9.06,2.8,23.284,25.0685,-1.7845000000000013,False
mediana,interaccion-entrenamiento-004,6.21,5.12,28.553,25.0685,3.4845000000000006,False
mediana,interaccion-entrenamiento-005,4.35,6.6,25.81,25.0685,0.7414999999999985,False
mediana,interaccion-entrenamiento-006,9.18,7.03,54.173,25.0685,29.1045,False
mediana,interaccion-entrenamiento-007,2.63,7.9,19.676,25.0685,-5.392500000000002,False
mediana,interaccion-entrenamiento-008,6.69,2.69,16.722,25.0685,-8.346499999999999,False
mediana,interaccion-entrenamiento-009,6.68,2.8,19.776,25.0685,-5.2925,False
mediana,interaccion-entrenamiento-010,6.07,7.71,40.312,25.0685,15.243499999999997,False
mediana,interaccion-entrenamiento-011,4.7,5.76,24.783,25.0685,-0.285499999999999,False
mediana,interaccion-entrenamiento-012,8.32,5.69,40.359,25.0685,15.290500000000002,False
mediana,interaccion-entrenamiento-013,4.69,2.98,13.973,25.0685,-11.0955,False
mediana,interaccion-entrenamiento-014,4.43,6.58,26.463,25.0685,1.3945000000000007,False
mediana,interaccion-entrenamiento-015,9.93,4.95,42.439,25.0685,17.3705,False
mediana,interaccion-entrenamiento-016,7.34,3.14,21.547,25.0685,-3.5214999999999996,False
mediana,interaccion-entrenamiento-017,3.57,4.82,17.718,25.0685,-7.3505,False
mediana,interaccion-entrenamiento-018,4.13,4.27,17.653,25.0685,-7.4155000000000015,False
mediana,interaccion-entrenamiento-019,3.13,7.6,21.889,25.0685,-3.179500000000001,False
mediana,interaccion-entrenamiento-020,9.73,4.24,35.525,25.0685,10.456499999999998,False
mediana,interaccion-entrenamiento-021,5.44,2.96,16.011,25.0685,-9.057500000000001,False
mediana,interaccion-entrenamiento-022,9.99,4.43,38.206,25.0685,13.137500000000003,False
mediana,interaccion-entrenamiento-023,6.61,7.59,43.119,25.0685,18.0505,False
mediana,interaccion-entrenamiento-024,7.86,4.03,28.483,25.0685,3.4145000000000003,False
mediana,interaccion-entrenamiento-025,6.72,3.57,22.276,25.0685,-2.7925000000000004,False
mediana,interaccion-entrenamiento-026,3.52,5.2,16.322,25.0685,-8.746500000000001,False
mediana,interaccion-entrenamiento-027,6.43,6.1,34.99,25.0685,9.921500000000002,False
mediana,interaccion-entrenamiento-028,7.41,4.44,29.421,25.0685,4.352499999999999,False
mediana,interaccion-entrenamiento-029,8.15,7.03,49.238,25.0685,24.1695,False
mediana,interaccion-entrenamiento-030,5.57,7.69,36.501,25.0685,11.432499999999997,False
mediana,interaccion-entrenamiento-031,8.89,6.33,48.352,25.0685,23.283499999999997,False
mediana,interaccion-entrenamiento-032,8.22,7.17,50.012,25.0685,24.9435,False
mediana,interaccion-entrenamiento-033,3.42,5.75,18.479,25.0685,-6.589500000000001,False
mediana,interaccion-entrenamiento-034,6.72,4.19,25.32,25.0685,0.25150000000000006,False
mediana,interaccion-entrenamiento-035,5.99,6.84,35.021,25.0685,9.9525,False
mediana,interaccion-entrenamiento-036,5.18,4.03,19.953,25.0685,-5.115500000000001,False
mediana,interaccion-entrenamiento-037,8.88,7.16,53.939,25.0685,28.8705,False
mediana,interaccion-entrenamiento-038,5.93,6.09,31.41,25.0685,6.3415,False
mediana,interaccion-entrenamiento-039,3.96,3.97,15.419,25.0685,-9.6495,False
mediana,interaccion-entrenamiento-040,3.71,6.48,21.736,25.0685,-3.3324999999999996,False
mediana,interaccion-entrenamiento-041,4.67,4.01,17.591,25.0685,-7.477499999999999,False
mediana,interaccion-entrenamiento-042,8.56,3.31,26.25,25.0685,1.1814999999999998,False
mediana,interaccion-entrenamiento-043,7.24,2.59,17.485,25.0685,-7.583500000000001,False
mediana,interaccion-entrenamiento-044,2.92,4.6,14.001,25.0685,-11.0675,False
mediana,interaccion-entrenamiento-045,7.31,6.13,39.609,25.0685,14.540500000000002,False
mediana,interaccion-entrenamiento-046,5.65,3.71,19.544,25.0685,-5.5245,False
mediana,interaccion-entrenamiento-047,8.56,7.06,50.436,25.0685,25.3675,False
mediana,interaccion-entrenamiento-048,6.86,3.92,24.197,25.0685,-0.871500000000001,False
mediana,interaccion-entrenamiento-049,3.71,6.38,22.993,25.0685,-2.0755000000000017,False
mediana,interaccion-entrenamiento-050,6.42,7.38,41.962,25.0685,16.893500000000003,False
mediana,interaccion-entrenamiento-051,7.82,6.61,43.296,25.0685,18.2275,False
mediana,interaccion-entrenamiento-052,5.59,4.96,25.996,25.0685,0.9274999999999984,False
mediana,interaccion-entrenamiento-053,5.47,4.42,21.681,25.0685,-3.3874999999999993,False
mediana,interaccion-entrenamiento-054,5.89,7.73,39.139,25.0685,14.070500000000003,False
mediana,interaccion-entrenamiento-055,4.9,2.83,13.869,25.0685,-11.1995,False
mediana,interaccion-entrenamiento-056,6.83,4.12,25.158,25.0685,0.08950000000000102,False
mediana,interaccion-entrenamiento-057,7.23,4.11,26.391,25.0685,1.322499999999998,False
mediana,interaccion-entrenamiento-058,4.82,6.81,29.991,25.0685,4.922499999999999,False
mediana,interaccion-entrenamiento-059,6.14,6.07,32.289,25.0685,7.220500000000001,False
mediana,interaccion-entrenamiento-060,2.04,5.06,11.066,25.0685,-14.0025,False
mediana,interaccion-entrenamiento-061,8.49,6.92,50.168,25.0685,25.0995,False
mediana,interaccion-entrenamiento-062,6.74,4.99,30.201,25.0685,5.1325,False
mediana,interaccion-entrenamiento-063,4.36,7.79,30.301,25.0685,5.232499999999998,False
mediana,interaccion-entrenamiento-064,7.56,6.83,44.367,25.0685,19.298499999999997,False
mediana,interaccion-entrenamiento-065,2.45,6.99,16.421,25.0685,-8.6475,False
mediana,interaccion-entrenamiento-066,6.72,2.99,20.262,25.0685,-4.8065,False
mediana,interaccion-entrenamiento-067,3.06,7.89,22.9,25.0685,-2.1685000000000016,False
mediana,interaccion-entrenamiento-068,5.41,4.17,20.949,25.0685,-4.119499999999999,False
mediana,interaccion-entrenamiento-069,4.76,7.41,31.189,25.0685,6.1205,False
mediana,interaccion-entrenamiento-070,5.07,5.35,24.738,25.0685,-0.3305000000000007,False
mediana,interaccion-entrenamiento-071,8.66,5.32,40.244,25.0685,15.1755,False
mediana,interaccion-entrenamiento-072,7.65,3.68,24.995,25.0685,-0.07349999999999923,False
mediana,interaccion-entrenamiento-073,4.68,4.89,21.714,25.0685,-3.3545000000000016,False
mediana,interaccion-entrenamiento-074,3.07,4.11,13.86,25.0685,-11.2085,False
mediana,interaccion-entrenamiento-075,3.74,4.84,17.802,25.0685,-7.266500000000001,False
mediana,interaccion-entrenamiento-076,2.14,3.18,7.975,25.0685,-17.0935,False
mediana,interaccion-entrenamiento-077,4.0,2.15,10.359,25.0685,-14.7095,False
mediana,interaccion-entrenamiento-078,2.93,2.46,9.139,25.0685,-15.9295,False
mediana,interaccion-entrenamiento-079,5.32,4.9,24.739,25.0685,-0.32949999999999946,False
mediana,interaccion-entrenamiento-080,5.39,6.95,33.811,25.0685,8.7425,False
mediana,interaccion-entrenamiento-081,6.34,5.77,32.97,25.0685,7.901499999999999,False
mediana,interaccion-entrenamiento-082,4.21,4.26,16.734,25.0685,-8.334499999999998,False
mediana,interaccion-entrenamiento-083,3.95,4.41,17.55,25.0685,-7.5184999999999995,False
mediana,interaccion-entrenamiento-084,6.88,4.04,26.063,25.0685,0.9944999999999986,False
mediana,interaccion-entrenamiento-085,8.3,3.37,25.142,25.0685,0.07349999999999923,False
mediana,interaccion-entrenamiento-086,7.85,4.52,30.756,25.0685,5.6875,False
mediana,interaccion-entrenamiento-087,4.48,7.15,27.833,25.0685,2.764499999999998,False
mediana,interaccion-entrenamiento-088,3.1,4.08,13.594,25.0685,-11.4745,False
mediana,interaccion-entrenamiento-089,5.97,3.4,19.502,25.0685,-5.566500000000001,False
mediana,interaccion-entrenamiento-090,5.38,7.99,37.209,25.0685,12.140500000000003,False
mediana,interaccion-entrenamiento-091,6.4,3.52,19.927,25.0685,-5.141500000000001,False
mediana,interaccion-entrenamiento-092,3.19,5.26,17.654,25.0685,-7.4145,False
mediana,interaccion-entrenamiento-093,8.59,4.63,34.547,25.0685,9.478499999999997,False
mediana,interaccion-entrenamiento-094,4.79,5.55,24.84,25.0685,-0.22850000000000037,False
mediana,interaccion-entrenamiento-095,2.3,4.02,10.498,25.0685,-14.570500000000001,False
mediana,interaccion-entrenamiento-096,4.92,7.53,32.93,25.0685,7.8614999999999995,False
originales,interaccion-entrenamiento-001,9.24,7.18,55.9,50.490375194171754,5.409624805828244,False
originales,interaccion-entrenamiento-002,6.07,2.45,14.414,15.586550243238559,-1.1725502432385593,False
originales,interaccion-entrenamiento-003,9.06,2.8,23.284,29.601826979162116,-6.317826979162117,False
originales,interaccion-entrenamiento-004,6.21,5.12,28.553,28.44558975752012,0.10741024247987951,False
originales,interaccion-entrenamiento-005,4.35,6.6,25.81,27.534157585402745,-1.7241575854027467,False
originales,interaccion-entrenamiento-006,9.18,7.03,54.173,49.551645134305616,4.621354865694386,False
originales,interaccion-entrenamiento-007,2.63,7.9,19.676,26.37585642860461,-6.699856428604612,False
originales,interaccion-entrenamiento-008,6.69,2.69,16.722,19.262641516718283,-2.5406415167182814,False
originales,interaccion-entrenamiento-009,6.68,2.8,19.776,19.7269926987967,0.0490073012033001,False
originales,interaccion-entrenamiento-010,6.07,7.71,40.312,39.77499891149886,0.5370010885011354,False
originales,interaccion-entrenamiento-011,4.7,5.76,24.783,25.123545013316505,-0.340545013316504,False
originales,interaccion-entrenamiento-012,8.32,5.69,40.359,39.82135142856092,0.5376485714390853,False
originales,interaccion-entrenamiento-013,4.69,2.98,13.973,12.298045121008562,1.6749548789914392,False
originales,interaccion-entrenamiento-014,4.43,6.58,26.463,27.77411350039209,-1.3111135003920893,False
originales,interaccion-entrenamiento-015,9.93,4.95,42.439,43.09844873758115,-0.6594487375811511,False
originales,interaccion-entrenamiento-016,7.34,3.14,21.547,24.028904012187187,-2.4819040121871865,False
originales,interaccion-entrenamiento-017,3.57,4.82,17.718,16.11242275269505,1.60557724730495,False
originales,interaccion-entrenamiento-018,4.13,4.27,17.653,15.906702759524105,1.7462972404758936,False
originales,interaccion-entrenamiento-019,3.13,7.6,21.889,27.07083212980785,-5.181832129807852,False
originales,interaccion-entrenamiento-020,9.73,4.24,35.525,39.00365001705117,-3.478650017051173,False
originales,interaccion-entrenamiento-021,5.44,2.96,16.011,15.317891358621779,0.6931086413782204,False
originales,interaccion-entrenamiento-022,9.99,4.43,38.206,40.956140659094736,-2.7501406590947326,False
originales,interaccion-entrenamiento-023,6.61,7.59,43.119,41.463679803460934,1.6553201965390656,False
originales,interaccion-entrenamiento-024,7.86,4.03,28.483,30.279153132930748,-1.7961531329307476,False
originales,interaccion-entrenamiento-025,6.72,3.57,22.276,23.43385087706001,-1.1578508770600102,False
originales,interaccion-entrenamiento-026,3.52,5.2,16.322,17.65242271753501,-1.3304227175350114,False
originales,interaccion-entrenamiento-027,6.43,6.1,34.99,33.864982662837654,1.1250173371623475,False
originales,interaccion-entrenamiento-028,7.41,4.44,29.421,30.29747401583194,-0.876474015831942,False
originales,interaccion-entrenamiento-029,8.15,7.03,49.238,45.27808239952563,3.9599176004743697,False
originales,interaccion-entrenamiento-030,5.57,7.69,36.501,37.60848260690336,-1.1074826069033605,False
originales,interaccion-entrenamiento-031,8.89,6.33,48.352,45.12941395459262,3.2225860454073754,False
originales,interaccion-entrenamiento-032,8.22,7.17,50.012,46.212317715873425,3.7996822841265754,False
originales,interaccion-entrenamiento-033,3.42,5.75,18.479,19.766724126238763,-1.2877241262387642,False
originales,interaccion-entrenamiento-034,6.72,4.19,25.32,26.28496079613252,-0.9649607961325195,False
originales,interaccion-entrenamiento-035,5.99,6.84,35.021,35.442320693324795,-0.4213206933247946,False
originales,interaccion-entrenamiento-036,5.18,4.03,19.953,19.15959184243524,0.7934081575647589,False
originales,interaccion-entrenamiento-037,8.88,7.16,53.939,48.90473149430363,5.034268505696367,False
originales,interaccion-entrenamiento-038,5.93,6.09,31.41,31.744452002098157,-0.33445200209815695,False
originales,interaccion-entrenamiento-039,3.96,3.97,15.419,13.821788138103475,1.5972118618965254,False
originales,interaccion-entrenamiento-040,3.71,6.48,21.736,24.326912237519785,-2.5909122375197846,False
originales,interaccion-entrenamiento-041,4.67,4.01,17.591,16.951584637502062,0.6394153624979388,False
originales,interaccion-entrenamiento-042,8.56,3.31,26.25,29.872549798935044,-3.6225497989350437,False
originales,interaccion-entrenamiento-043,7.24,2.59,17.485,21.08478459673004,-3.5997845967300393,False
originales,interaccion-entrenamiento-044,2.92,4.6,14.001,12.403830065914331,1.5971699340856684,False
originales,interaccion-entrenamiento-045,7.31,6.13,39.609,37.65413882412062,1.9548611758793797,False
originales,interaccion-entrenamiento-046,5.65,3.71,19.544,19.63812355491346,-0.09412355491345892,False
originales,interaccion-entrenamiento-047,8.56,7.06,50.436,47.11716624493811,3.3188337550618883,False
originales,interaccion-entrenamiento-048,6.86,3.92,24.197,25.624221016747676,-1.4272210167476764,False
originales,interaccion-entrenamiento-049,3.71,6.38,22.993,23.8670557989597,-0.8740557989597022,False
originales,interaccion-entrenamiento-050,6.42,7.38,41.962,39.70965417606904,2.252345823930966,False
originales,interaccion-entrenamiento-051,7.82,6.61,43.296,41.97748564643018,1.3185143535698174,False
originales,interaccion-entrenamiento-052,5.59,4.96,25.996,25.13738363488846,0.858616365111537,False
originales,interaccion-entrenamiento-053,5.47,4.42,21.681,22.156268062611982,-0.4752680626119812,False
originales,interaccion-entrenamiento-054,5.89,7.73,39.139,39.120133993132825,0.018866006867177987,False
originales,interaccion-entrenamiento-055,4.9,2.83,13.869,12.479569370259506,1.3894306297404935,False
originales,interaccion-entrenamiento-056,6.83,4.12,25.158,26.419461192854833,-1.2614611928548314,False
originales,interaccion-entrenamiento-057,7.23,4.11,26.391,28.033111562505617,-1.6421115625056188,False
originales,interaccion-entrenamiento-058,4.82,6.81,29.991,30.4499284222494,-0.4589284222494001,False
originales,interaccion-entrenamiento-059,6.14,6.07,32.289,32.523789621477206,-0.23478962147720495,False
originales,interaccion-entrenamiento-060,2.04,5.06,11.066,10.867970453575765,0.19802954642423565,False
originales,interaccion-entrenamiento-061,8.49,6.92,50.168,46.18293092859031,3.98506907140969,False
originales,interaccion-entrenamiento-062,6.74,4.99,30.201,30.046794105288516,0.1542058947114846,False
originales,interaccion-entrenamiento-063,4.36,7.79,30.301,33.047940104605395,-2.7469401046053967,False
originales,interaccion-entrenamiento-064,7.56,6.83,44.367,41.91040640248294,2.456593597517056,False
originales,interaccion-entrenamiento-065,2.45,6.99,16.421,21.44432663162981,-5.023326631629811,False
originales,interaccion-entrenamiento-066,6.72,2.99,20.262,20.766683533411538,-0.5046835334115372,False
originales,interaccion-entrenamiento-067,3.06,7.89,22.9,28.1139794992684,-5.213979499268401,False
originales,interaccion-entrenamiento-068,5.41,4.17,20.949,20.75768156418576,0.19131843581424235,False
originales,interaccion-entrenamiento-069,4.76,7.41,31.189,32.960121651583876,-1.7711216515838757,False
originales,interaccion-entrenamiento-070,5.07,5.35,24.738,24.77329692771395,-0.035296927713950765,False
originales,interaccion-entrenamiento-071,8.66,5.32,40.244,39.53057321736939,0.7134267826306129,False
originales,interaccion-entrenamiento-072,7.65,3.68,24.995,27.798346690879395,-2.803346690879394,False
originales,interaccion-entrenamiento-073,4.68,4.89,21.714,21.03981219716845,0.6741878028315469,False
originales,interaccion-entrenamiento-074,3.07,4.11,13.86,10.772897022034979,3.0871029779650208,False
originales,interaccion-entrenamiento-075,3.74,4.84,17.802,16.909739346147454,0.8922606538525457,False
originales,interaccion-entrenamiento-076,2.14,3.18,7.975,2.6375784120229255,5.337421587977074,False
originales,interaccion-entrenamiento-077,4.0,2.15,10.359,5.618364557660666,4.740635442339334,False
originales,interaccion-entrenamiento-078,2.93,2.46,9.139,2.6043931810662535,6.534606818933746,False
originales,interaccion-entrenamiento-079,5.32,4.9,24.739,23.74121546263533,0.9977845373646694,False
originales,interaccion-entrenamiento-080,5.39,6.95,33.811,33.45870875548069,0.35229124451930716,False
originales,interaccion-entrenamiento-081,6.34,5.77,32.97,31.974038312550356,0.9959616874496433,False
originales,interaccion-entrenamiento-082,4.21,4.26,16.734,16.192644318369457,0.5413556816305451,False
originales,interaccion-entrenamiento-083,3.95,4.41,17.55,15.803665567430167,1.7463344325698333,False
originales,interaccion-entrenamiento-084,6.88,4.04,26.063,26.25903054369511,-0.1960305436951124,False
originales,interaccion-entrenamiento-085,8.3,3.37,25.142,29.06970025329168,-3.927700253291679,False
originales,interaccion-entrenamiento-086,7.85,4.52,30.756,32.49095878153747,-1.7349587815374719,False
originales,interaccion-entrenamiento-087,4.48,7.15,27.833,30.60274970187291,-2.769749701872911,False
originales,interaccion-entrenamiento-088,3.1,4.08,13.594,10.759412791479964,2.834587208520036,False
originales,interaccion-entrenamiento-089,5.97,3.4,19.502,19.540277406182636,-0.03827740618263675,False
originales,interaccion-entrenamiento-090,5.38,7.99,37.209,38.19972481616787,-0.9907248161678694,False
originales,interaccion-entrenamiento-091,6.4,3.52,19.927,21.876213846974537,-1.949213846974537,False
originales,interaccion-entrenamiento-092,3.19,5.26,17.654,16.559136869527954,1.0948631304720458,False
originales,interaccion-entrenamiento-093,8.59,4.63,34.547,36.06712748894113,-1.5201274889411351,False
originales,interaccion-entrenamiento-094,4.79,5.55,24.84,24.531264595379362,0.30873540462063787,False
originales,interaccion-entrenamiento-095,2.3,4.02,10.498,7.164226901330327,3.3337730986696723,False
originales,interaccion-entrenamiento-096,4.92,7.53,32.93,34.17580378325869,-1.2458037832586868,False
interaccion,interaccion-entrenamiento-001,9.24,7.18,55.9,55.939154214950975,-0.03915421495097604,False
interaccion,interaccion-entrenamiento-002,6.07,2.45,14.414,14.974028268270068,-0.5600282682700684,False
interaccion,interaccion-entrenamiento-003,9.06,2.8,23.284,23.249314288771245,0.034685711228753746,False
interaccion,interaccion-entrenamiento-004,6.21,5.12,28.553,28.46343550460141,0.0895644953985908,False
interaccion,interaccion-entrenamiento-005,4.35,6.6,25.81,26.048866984961403,-0.23886698496140468,False
interaccion,interaccion-entrenamiento-006,9.18,7.03,54.173,54.49830731719646,-0.32530731719646155,False
interaccion,interaccion-entrenamiento-007,2.63,7.9,19.676,19.756979735988462,-0.08097973598846409,False
interaccion,interaccion-entrenamiento-008,6.69,2.69,16.722,17.44573497359363,-0.7237349735936291,False
interaccion,interaccion-entrenamiento-009,6.68,2.8,19.776,18.010581075882108,1.765418924117892,False
interaccion,interaccion-entrenamiento-010,6.07,7.71,40.312,40.43020822152049,-0.11820822152049004,False
interaccion,interaccion-entrenamiento-011,4.7,5.76,24.783,24.73662692018337,0.04637307981663241,False
interaccion,interaccion-entrenamiento-012,8.32,5.69,40.359,40.80350667000887,-0.44450667000887023,False
interaccion,interaccion-entrenamiento-013,4.69,2.98,13.973,14.302903687932115,-0.32990368793211466,False
interaccion,interaccion-entrenamiento-014,4.43,6.58,26.463,26.397330812819906,0.06566918718009518,False
interaccion,interaccion-entrenamiento-015,9.93,4.95,42.439,42.20179315010123,0.23720684989876872,False
interaccion,interaccion-entrenamiento-016,7.34,3.14,21.547,21.45388105100326,0.09311894899673945,False
interaccion,interaccion-entrenamiento-017,3.57,4.82,17.718,16.905102608553428,0.8128973914465725,False
interaccion,interaccion-entrenamiento-018,4.13,4.27,17.653,17.23273330378887,0.42026669621112944,False
interaccion,interaccion-entrenamiento-019,3.13,7.6,21.889,22.148463159228616,-0.2594631592286163,False
interaccion,interaccion-entrenamiento-020,9.73,4.24,35.525,35.905069372831505,-0.38006937283150677,False
interaccion,interaccion-entrenamiento-021,5.44,2.96,16.011,15.974932267864398,0.036067732135601105,False
interaccion,interaccion-entrenamiento-022,9.99,4.43,38.206,38.2913289928823,-0.085328992882296,False
interaccion,interaccion-entrenamiento-023,6.61,7.59,43.119,43.10523561627563,0.013764383724371498,False
interaccion,interaccion-entrenamiento-024,7.86,4.03,28.483,28.320169640763822,0.16283035923617817,False
interaccion,interaccion-entrenamiento-025,6.72,3.57,22.276,22.22509115359916,0.0509088464008407,False
interaccion,interaccion-entrenamiento-026,3.52,5.2,16.322,17.77896318963996,-1.4569631896399606,False
interaccion,interaccion-entrenamiento-027,6.43,6.1,34.99,34.38032591492143,0.6096740850785736,False
interaccion,interaccion-entrenamiento-028,7.41,4.44,29.421,29.310603177119926,0.11039682288007313,False
interaccion,interaccion-entrenamiento-029,8.15,7.03,49.238,48.74918112548019,0.4888188745198079,False
interaccion,interaccion-entrenamiento-030,5.57,7.69,36.501,37.278849609444464,-0.7778496094444662,False
interaccion,interaccion-entrenamiento-031,8.89,6.33,48.352,47.914337242965175,0.43766275703482194,False
interaccion,interaccion-entrenamiento-032,8.22,7.17,50.012,50.05799225365797,-0.045992253657971105,False
interaccion,interaccion-entrenamiento-033,3.42,5.75,18.479,18.864009727455908,-0.385009727455909,False
interaccion,interaccion-entrenamiento-034,6.72,4.19,25.32,25.547698644049685,-0.22769864404968487,False
interaccion,interaccion-entrenamiento-035,5.99,6.84,35.021,35.78538886442723,-0.7643888644272323,False
interaccion,interaccion-entrenamiento-036,5.18,4.03,19.953,19.786677988181204,0.1663220118187958,False
interaccion,interaccion-entrenamiento-037,8.88,7.16,53.939,53.744889792509106,0.19411020749089403,False
interaccion,interaccion-entrenamiento-038,5.93,6.09,31.41,31.913829300992226,-0.5038293009922263,False
interaccion,interaccion-entrenamiento-039,3.96,3.97,15.419,15.712830198219022,-0.29383019821902145,False
interaccion,interaccion-entrenamiento-040,3.71,6.48,21.736,22.34210664516226,-0.6061066451622601,False
interaccion,interaccion-entrenamiento-041,4.67,4.01,17.591,18.088352718712706,-0.4973527187127047,False
interaccion,interaccion-entrenamiento-042,8.56,3.31,26.25,25.631802345526324,0.6181976544736756,False
interaccion,interaccion-entrenamiento-043,7.24,2.59,17.485,18.03055451805416,-0.5455545180541606,False
interaccion,interaccion-entrenamiento-044,2.92,4.6,14.001,13.914157967338234,0.0868420326617656,False
interaccion,interaccion-entrenamiento-045,7.31,6.13,39.609,38.81306936086857,0.7959306391314342,False
interaccion,interaccion-entrenamiento-046,5.65,3.71,19.544,19.841967894198,-0.2979678941979991,False
interaccion,interaccion-entrenamiento-047,8.56,7.06,50.436,51.24255426569951,-0.8065542656995106,False
interaccion,interaccion-entrenamiento-048,6.86,3.92,24.197,24.534228729267546,-0.3372287292675473,False
interaccion,interaccion-entrenamiento-049,3.71,6.38,22.993,22.046755114093028,0.946244885906971,False
interaccion,interaccion-entrenamiento-050,6.42,7.38,41.962,40.88463350923699,1.077366490763012,False
interaccion,interaccion-entrenamiento-051,7.82,6.61,43.296,44.28720871655758,-0.9912087165575798,False
interaccion,interaccion-entrenamiento-052,5.59,4.96,25.996,25.23622878670089,0.759771213299107,False
interaccion,interaccion-entrenamiento-053,5.47,4.42,21.681,22.41050569553203,-0.7295056955320298,False
interaccion,interaccion-entrenamiento-054,5.89,7.73,39.139,39.421601551712385,-0.2826015517123821,False
interaccion,interaccion-entrenamiento-055,4.9,2.83,13.869,14.209673060711532,-0.34067306071153247,False
interaccion,interaccion-entrenamiento-056,6.83,4.12,25.158,25.530732667571428,-0.37273266757142665,False
interaccion,interaccion-entrenamiento-057,7.23,4.11,26.391,26.77549232826268,-0.38449232826268087,False
interaccion,interaccion-entrenamiento-058,4.82,6.81,29.991,29.31726743138081,0.6737325686191902,False
interaccion,interaccion-entrenamiento-059,6.14,6.07,32.289,32.830312883266814,-0.5413128832668122,False
interaccion,interaccion-entrenamiento-060,2.04,5.06,11.066,11.455935380163648,-0.3899353801636476,False
interaccion,interaccion-entrenamiento-061,8.49,6.92,50.168,49.90185589225698,0.2661441077430169,False
interaccion,interaccion-entrenamiento-062,6.74,4.99,30.201,29.91396112744837,0.28703887255162996,False
interaccion,interaccion-entrenamiento-063,4.36,7.79,30.301,30.234095511638728,0.06690448836127061,False
interaccion,interaccion-entrenamiento-064,7.56,6.83,44.367,44.24992138283797,0.11707861716202927,False
interaccion,interaccion-entrenamiento-065,2.45,6.99,16.421,16.85576642721047,-0.43476642721046943,False
interaccion,interaccion-entrenamiento-066,6.72,2.99,20.262,19.116845436726095,1.1451545632739055,False
interaccion,interaccion-entrenamiento-067,3.06,7.89,22.9,22.431732783613256,0.4682672163867423,False
interaccion,interaccion-entrenamiento-068,5.41,4.17,20.949,21.122726648113026,-0.17372664811302485,False
interaccion,interaccion-entrenamiento-069,4.76,7.41,31.189,31.268508046755596,-0.07950804675559553,False
interaccion,interaccion-entrenamiento-070,5.07,5.35,24.738,24.76974922708779,-0.03174922708778993,False
interaccion,interaccion-entrenamiento-071,8.66,5.32,40.244,39.780673343604725,0.4633266563952745,False
interaccion,interaccion-entrenamiento-072,7.65,3.68,24.995,25.515702209612712,-0.5207022096127112,False
interaccion,interaccion-entrenamiento-073,4.68,4.89,21.714,21.401307005174388,0.3126929948256105,False
interaccion,interaccion-entrenamiento-074,3.07,4.11,13.86,13.263508637104925,0.5964913628950743,False
interaccion,interaccion-entrenamiento-075,3.74,4.84,17.802,17.61328574754439,0.18871425245561113,False
interaccion,interaccion-entrenamiento-076,2.14,3.18,7.975,8.662912879377362,-0.6879128793773628,False
interaccion,interaccion-entrenamiento-077,4.0,2.15,10.359,10.041073131958651,0.31792686804134895,False
interaccion,interaccion-entrenamiento-078,2.93,2.46,9.139,8.964021629168037,0.17497837083196188,False
interaccion,interaccion-entrenamiento-079,5.32,4.9,24.739,23.92142585956992,0.8175741404300823,False
interaccion,interaccion-entrenamiento-080,5.39,6.95,33.811,33.000064708930694,0.8109352910693062,False
interaccion,interaccion-entrenamiento-081,6.34,5.77,32.97,32.276598796106725,0.6934012038932735,False
interaccion,interaccion-entrenamiento-082,4.21,4.26,16.734,17.46927758771519,-0.7352775877151885,False
interaccion,interaccion-entrenamiento-083,3.95,4.41,17.55,17.06540836638373,0.48459163361627233,False
interaccion,interaccion-entrenamiento-084,6.88,4.04,26.063,25.25458286787503,0.8084171321249691,False
interaccion,interaccion-entrenamiento-085,8.3,3.37,25.142,25.35083745041232,-0.2088374504123216,False
interaccion,interaccion-entrenamiento-086,7.85,4.52,30.756,31.35676543654204,-0.6007654365420407,False
interaccion,interaccion-entrenamiento-087,4.48,7.15,27.833,28.69269650425648,-0.8596965042564833,False
interaccion,interaccion-entrenamiento-088,3.1,4.08,13.594,13.286970345016117,0.30702965498388224,False
interaccion,interaccion-entrenamiento-089,5.97,3.4,19.502,19.303561723619644,0.1984382763803545,False
interaccion,interaccion-entrenamiento-090,5.38,7.99,37.209,37.40455744112895,-0.19555744112894757,False
interaccion,interaccion-entrenamiento-091,6.4,3.52,19.927,21.0686405859441,-1.1416405859440992,False
interaccion,interaccion-entrenamiento-092,3.19,5.26,17.654,16.57191091529139,1.0820890847086098,False
interaccion,interaccion-entrenamiento-093,8.59,4.63,34.547,34.75669640514509,-0.20969640514509535,False
interaccion,interaccion-entrenamiento-094,4.79,5.55,24.84,24.346139553268863,0.49386044673113716,False
interaccion,interaccion-entrenamiento-095,2.3,4.02,10.498,10.598091872242676,-0.10009187224267713,False
interaccion,interaccion-entrenamiento-096,4.92,7.53,32.93,32.68062892066399,0.249371079336008,False
