caso_id,senal_a,senal_b,revision_confirmada
region-prueba-001,78.40,71.18,0
region-prueba-002,31.76,69.04,1
region-prueba-003,26.40,41.48,1
region-prueba-004,66.05,16.54,0
region-prueba-005,33.69,15.34,0
region-prueba-006,87.03,48.42,0
region-prueba-007,40.16,73.65,1
region-prueba-008,45.96,65.65,1
region-prueba-009,50.90,83.19,0
region-prueba-010,90.07,11.01,0
region-prueba-011,55.53,43.12,1
region-prueba-012,72.28,82.49,0
region-prueba-013,15.60,34.77,0
region-prueba-014,14.84,48.93,0
region-prueba-015,29.48,8.38,0
region-prueba-016,75.06,93.95,0
region-prueba-017,91.23,48.91,0
region-prueba-018,85.55,56.96,0
region-prueba-019,92.85,39.38,0
region-prueba-020,84.99,61.36,0
region-prueba-021,51.03,55.86,0
region-prueba-022,38.15,87.26,0
region-prueba-023,28.43,58.45,1
region-prueba-024,70.93,10.21,0
region-prueba-025,44.55,33.27,1
region-prueba-026,63.31,34.93,1
region-prueba-027,57.77,37.64,1
region-prueba-028,30.29,11.51,0
region-prueba-029,25.58,63.49,1
region-prueba-030,59.60,62.29,1
region-prueba-031,14.31,55.20,0
region-prueba-032,85.82,17.71,0
region-prueba-033,40.31,71.97,1
region-prueba-034,88.30,14.07,0
region-prueba-035,32.86,14.49,1
region-prueba-036,27.83,18.26,0
region-prueba-037,80.13,15.30,0
region-prueba-038,37.64,33.04,0
region-prueba-039,85.12,40.27,0
region-prueba-040,93.46,10.22,0
region-prueba-041,9.04,25.14,0
region-prueba-042,75.70,69.84,0
region-prueba-043,70.83,83.06,0
region-prueba-044,17.73,42.37,0
region-prueba-045,19.36,89.97,0
region-prueba-046,71.69,75.83,0
region-prueba-047,91.82,92.94,0
region-prueba-048,86.28,25.37,0
region-prueba-049,72.97,91.76,0
region-prueba-050,41.42,21.71,1
region-prueba-051,84.88,5.08,0
region-prueba-052,30.68,74.09,0
region-prueba-053,32.60,93.58,0
region-prueba-054,59.41,91.43,0
region-prueba-055,16.24,93.90,0
region-prueba-056,31.49,23.78,0
region-prueba-057,85.79,65.00,0
region-prueba-058,49.94,37.74,0
region-prueba-059,53.95,70.65,1
region-prueba-060,25.78,89.74,0
region-prueba-061,81.57,8.97,0
region-prueba-062,19.59,14.87,0
region-prueba-063,32.02,71.89,1
region-prueba-064,45.86,54.03,0
region-prueba-065,18.10,29.89,0
region-prueba-066,93.14,23.39,0
region-prueba-067,84.32,87.53,0
region-prueba-068,6.59,19.60,0
region-prueba-069,68.75,69.56,1
region-prueba-070,36.20,43.78,1
region-prueba-071,32.72,51.38,1
region-prueba-072,72.64,45.69,1
region-prueba-073,7.13,58.38,0
region-prueba-074,35.84,71.65,1
region-prueba-075,74.75,69.89,0
region-prueba-076,52.26,42.52,1
region-prueba-077,79.23,26.39,0
region-prueba-078,20.38,10.74,0
region-prueba-079,75.21,79.60,0
region-prueba-080,26.08,70.24,0
region-prueba-081,9.13,54.90,0
region-prueba-082,18.43,51.41,0
region-prueba-083,67.52,61.56,1
region-prueba-084,80.49,72.55,0
region-prueba-085,49.78,90.79,0
region-prueba-086,71.85,77.50,0
region-prueba-087,63.64,70.41,1
region-prueba-088,21.44,94.41,0
region-prueba-089,17.96,51.01,0
region-prueba-090,8.28,91.24,0
region-prueba-091,33.13,75.98,1
region-prueba-092,26.22,26.23,0
region-prueba-093,64.11,16.98,0
region-prueba-094,7.85,89.11,0
region-prueba-095,21.46,22.14,0
region-prueba-096,86.48,68.32,0
region-prueba-097,72.59,54.58,1
region-prueba-098,87.07,29.15,0
region-prueba-099,33.30,56.63,1
region-prueba-100,41.19,33.23,1
region-prueba-101,42.50,57.33,0
region-prueba-102,81.33,75.60,0
region-prueba-103,22.33,64.40,0
region-prueba-104,80.71,59.05,0
region-prueba-105,66.36,38.68,1
region-prueba-106,22.59,73.10,0
region-prueba-107,17.27,89.87,0
region-prueba-108,66.32,52.03,0
region-prueba-109,12.16,25.81,0
region-prueba-110,31.22,40.46,1
region-prueba-111,72.62,33.25,1
region-prueba-112,40.94,80.82,0
region-prueba-113,63.96,15.42,0
region-prueba-114,9.07,24.49,0
region-prueba-115,14.31,87.46,0
region-prueba-116,12.22,19.97,0
region-prueba-117,41.52,22.04,1
region-prueba-118,18.90,45.21,0
region-prueba-119,63.98,11.35,0
region-prueba-120,86.76,67.05,0
