caso_id,horas,minutos,temperatura_c,consumo_kwh
C-prueba-000,7.7115,462.6900,21.1700,31.1351
C-prueba-001,1.8866,113.1960,30.1622,15.8298
C-prueba-002,6.2108,372.6480,16.0895,26.1062
C-prueba-003,7.1543,429.2580,32.7212,31.3556
C-prueba-004,3.9950,239.7000,22.1612,20.4091
C-prueba-005,5.8390,350.3400,22.9861,25.9062
C-prueba-006,6.8256,409.5360,19.7823,28.0342
C-prueba-007,5.7866,347.1960,26.3264,26.2631
C-prueba-008,8.5759,514.5540,34.8670,36.6068
C-prueba-009,4.1271,247.6260,21.0475,20.5134
C-prueba-010,6.0227,361.3620,30.5797,28.4193
C-prueba-011,6.9428,416.5680,28.4512,30.6148
C-prueba-012,5.4696,328.1760,22.7090,24.7279
C-prueba-013,2.0529,123.1740,17.0866,13.8579
C-prueba-014,2.8723,172.3380,24.1613,17.5157
C-prueba-015,6.0444,362.6640,20.4597,26.4437
C-prueba-016,5.6778,340.6680,27.0226,26.3017
C-prueba-017,8.3317,499.9020,34.2525,35.0506
C-prueba-018,8.5758,514.5480,21.1079,33.3160
C-prueba-019,1.0004,60.0240,25.4356,12.4497
C-prueba-020,1.9170,115.0200,16.2443,12.8606
C-prueba-021,6.8289,409.7340,19.1503,28.6303
C-prueba-022,8.9041,534.2460,22.1364,35.4537
C-prueba-023,7.7407,464.4420,20.3206,31.5251
C-prueba-024,1.5869,95.2140,25.3552,13.4483
C-prueba-025,1.7812,106.8720,25.0534,13.4218
C-prueba-026,3.1852,191.1120,27.1986,18.4380
C-prueba-027,5.9314,355.8840,21.2764,26.3365
C-prueba-028,6.8686,412.1160,15.4021,28.1435
C-prueba-029,7.1540,429.2400,32.9148,31.8037
C-prueba-030,4.1614,249.6840,17.3079,19.9318
C-prueba-031,7.4193,445.1580,24.8583,31.3435
C-prueba-032,7.2155,432.9300,27.4475,31.5189
C-prueba-033,6.1052,366.3120,24.4107,27.4380
C-prueba-034,8.5441,512.6460,30.0304,36.1599
C-prueba-035,3.2241,193.4460,34.7754,20.9775
C-prueba-036,7.4961,449.7660,26.7277,30.9126
C-prueba-037,7.2561,435.3660,29.4423,31.5337
C-prueba-038,5.8281,349.6860,33.6138,29.0178
C-prueba-039,7.7020,462.1200,32.7190,33.7489
C-prueba-040,8.2290,493.7400,24.0485,34.2145
C-prueba-041,1.2249,73.4940,21.4254,12.1316
C-prueba-042,1.0457,62.7420,30.5627,12.6686
C-prueba-043,8.4861,509.1660,26.1635,33.8048
C-prueba-044,8.4069,504.4140,31.6158,35.8779
C-prueba-045,8.3312,499.8720,32.5021,36.0263
C-prueba-046,4.6033,276.1980,20.8569,21.3994
C-prueba-047,6.1085,366.5100,30.5163,29.0169
C-prueba-048,5.3510,321.0600,34.9795,27.1531
C-prueba-049,3.0277,181.6620,29.2567,19.2715
C-prueba-050,3.8525,231.1500,34.4190,22.7344
C-prueba-051,1.9396,116.3760,33.0622,16.6010
C-prueba-052,6.6926,401.5560,17.1166,27.1141
C-prueba-053,2.5494,152.9640,18.5314,15.5296
C-prueba-054,1.9665,117.9900,16.8968,13.8924
C-prueba-055,4.0064,240.3840,16.9001,19.3337
C-prueba-056,2.3120,138.7200,22.6717,15.2519
C-prueba-057,5.6395,338.3700,34.6836,28.0000
C-prueba-058,4.8020,288.1200,27.1074,24.4116
C-prueba-059,7.5351,452.1060,21.2178,31.2869
C-prueba-060,1.8544,111.2640,25.6474,14.2438
C-prueba-061,5.8437,350.6220,22.0400,25.9095
C-prueba-062,1.3797,82.7820,30.4778,13.3845
C-prueba-063,3.1316,187.8960,27.2024,19.5894
C-prueba-064,5.3559,321.3540,22.1921,24.9341
C-prueba-065,2.4140,144.8400,16.6722,13.9407
C-prueba-066,4.5878,275.2680,19.5393,21.2636
C-prueba-067,6.5854,395.1240,33.0571,30.0077
C-prueba-068,5.0731,304.3860,17.3410,22.4654
C-prueba-069,1.5446,92.6760,23.5857,12.4832
C-prueba-070,5.3357,320.1420,29.8905,25.8050
C-prueba-071,5.2523,315.1380,31.9557,25.7454
C-prueba-072,7.6605,459.6300,25.8745,32.8315
C-prueba-073,6.0754,364.5240,19.8927,26.1268
C-prueba-074,1.8657,111.9420,22.4658,14.8375
C-prueba-075,1.0143,60.8580,27.3471,12.9561
C-prueba-076,3.1964,191.7840,25.8741,18.4695
C-prueba-077,8.7104,522.6240,28.9085,36.4142
C-prueba-078,5.8117,348.7020,29.6184,27.7305
C-prueba-079,8.5524,513.1440,27.1277,34.2230
