candidato,caso_id,senal_a,senal_b,real,probabilidad_1,prediccion,resultado,fuera_rango
mayoria,region-entrenamiento-001,82.07,84.22,0,0.37777777777777777,0,VN,False
mayoria,region-entrenamiento-002,67.83,36.84,0,0.37777777777777777,0,VN,False
mayoria,region-entrenamiento-003,93.87,66.74,0,0.37777777777777777,0,VN,False
mayoria,region-entrenamiento-004,46.11,22.36,1,0.37777777777777777,0,FN,False
mayoria,region-entrenamiento-005,34.41,40.89,1,0.37777777777777777,0,FN,False
mayoria,region-entrenamiento-006,84.61,9.26,0,0.37777777777777777,0,VN,False
mayoria,region-entrenamiento-007,45.99,65.49,1,0.37777777777777777,0,FN,False
mayoria,region-entrenamiento-008,47.93,54.2,1,0.37777777777777777,0,FN,False
mayoria,region-entrenamiento-009,88.15,49.69,0,0.37777777777777777,0,VN,False
mayoria,region-entrenamiento-010,30.33,77.52,0,0.37777777777777777,0,VN,False
mayoria,region-entrenamiento-011,84.11,67.1,0,0.37777777777777777,0,VN,False
mayoria,region-entrenamiento-012,17.8,48.21,0,0.37777777777777777,0,VN,False
mayoria,region-entrenamiento-013,58.9,84.16,0,0.37777777777777777,0,VN,False
mayoria,region-entrenamiento-014,30.13,40.52,1,0.37777777777777777,0,FN,False
mayoria,region-entrenamiento-015,8.21,88.67,0,0.37777777777777777,0,VN,False
mayoria,region-entrenamiento-016,55.49,77.12,1,0.37777777777777777,0,FN,False
mayoria,region-entrenamiento-017,60.78,59.38,1,0.37777777777777777,0,FN,False
mayoria,region-entrenamiento-018,44.61,70.03,1,0.37777777777777777,0,FN,False
mayoria,region-entrenamiento-019,61.2,36.07,1,0.37777777777777777,0,FN,False
mayoria,region-entrenamiento-020,30.06,68.92,1,0.37777777777777777,0,FN,False
mayoria,region-entrenamiento-021,90.04,29.17,0,0.37777777777777777,0,VN,False
mayoria,region-entrenamiento-022,36.73,50.07,1,0.37777777777777777,0,FN,False
mayoria,region-entrenamiento-023,79.31,50.76,1,0.37777777777777777,0,FN,False
mayoria,region-entrenamiento-024,5.36,18.62,0,0.37777777777777777,0,VN,False
mayoria,region-entrenamiento-025,70.77,29.25,1,0.37777777777777777,0,FN,False
mayoria,region-entrenamiento-026,92.4,66.43,0,0.37777777777777777,0,VN,False
mayoria,region-entrenamiento-027,21.11,10.96,0,0.37777777777777777,0,VN,False
mayoria,region-entrenamiento-028,55.45,44.64,1,0.37777777777777777,0,FN,False
mayoria,region-entrenamiento-029,71.74,9.78,0,0.37777777777777777,0,VN,False
mayoria,region-entrenamiento-030,82.87,6.32,0,0.37777777777777777,0,VN,False
mayoria,region-entrenamiento-031,42.39,9.93,0,0.37777777777777777,0,VN,False
mayoria,region-entrenamiento-032,6.47,79.93,0,0.37777777777777777,0,VN,False
mayoria,region-entrenamiento-033,71.57,22.87,0,0.37777777777777777,0,VN,False
mayoria,region-entrenamiento-034,36.02,9.2,0,0.37777777777777777,0,VN,False
mayoria,region-entrenamiento-035,94.81,61.23,0,0.37777777777777777,0,VN,False
mayoria,region-entrenamiento-036,71.02,40.33,1,0.37777777777777777,0,FN,False
mayoria,region-entrenamiento-037,94.97,47.44,0,0.37777777777777777,0,VN,False
mayoria,region-entrenamiento-038,22.42,83.86,0,0.37777777777777777,0,VN,False
mayoria,region-entrenamiento-039,53.81,87.6,0,0.37777777777777777,0,VN,False
mayoria,region-entrenamiento-040,48.42,27.14,0,0.37777777777777777,0,VN,False
mayoria,region-entrenamiento-041,63.9,73.05,1,0.37777777777777777,0,FN,False
mayoria,region-entrenamiento-042,31.59,62.68,1,0.37777777777777777,0,FN,False
mayoria,region-entrenamiento-043,43.29,5.81,1,0.37777777777777777,0,FN,False
mayoria,region-entrenamiento-044,42.27,51.86,1,0.37777777777777777,0,FN,False
mayoria,region-entrenamiento-045,85.14,92.15,0,0.37777777777777777,0,VN,False
mayoria,region-entrenamiento-046,84.61,16.79,0,0.37777777777777777,0,VN,False
mayoria,region-entrenamiento-047,26.36,17.51,0,0.37777777777777777,0,VN,False
mayoria,region-entrenamiento-048,6.59,10.01,0,0.37777777777777777,0,VN,False
mayoria,region-entrenamiento-049,32.89,61.21,1,0.37777777777777777,0,FN,False
mayoria,region-entrenamiento-050,65.19,13.55,0,0.37777777777777777,0,VN,False
mayoria,region-entrenamiento-051,46.86,47.94,1,0.37777777777777777,0,FN,False
mayoria,region-entrenamiento-052,12.73,64.64,0,0.37777777777777777,0,VN,False
mayoria,region-entrenamiento-053,34.32,68.9,1,0.37777777777777777,0,FN,False
mayoria,region-entrenamiento-054,25.22,80.76,0,0.37777777777777777,0,VN,False
mayoria,region-entrenamiento-055,33.51,64.74,1,0.37777777777777777,0,FN,False
mayoria,region-entrenamiento-056,78.13,38.6,0,0.37777777777777777,0,VN,False
mayoria,region-entrenamiento-057,27.91,64.44,0,0.37777777777777777,0,VN,False
mayoria,region-entrenamiento-058,75.1,30.24,0,0.37777777777777777,0,VN,False
mayoria,region-entrenamiento-059,5.55,38.82,0,0.37777777777777777,0,VN,False
mayoria,region-entrenamiento-060,82.35,47.83,0,0.37777777777777777,0,VN,False
mayoria,region-entrenamiento-061,83.72,16.92,0,0.37777777777777777,0,VN,False
mayoria,region-entrenamiento-062,40.93,42.8,1,0.37777777777777777,0,FN,False
mayoria,region-entrenamiento-063,50.29,64.63,1,0.37777777777777777,0,FN,False
mayoria,region-entrenamiento-064,66.67,17.36,0,0.37777777777777777,0,VN,False
mayoria,region-entrenamiento-065,6.49,7.72,0,0.37777777777777777,0,VN,False
mayoria,region-entrenamiento-066,36.73,18.17,0,0.37777777777777777,0,VN,False
mayoria,region-entrenamiento-067,84.77,90.69,0,0.37777777777777777,0,VN,False
mayoria,region-entrenamiento-068,90.81,56.73,0,0.37777777777777777,0,VN,False
mayoria,region-entrenamiento-069,90.27,27.85,1,0.37777777777777777,0,FN,False
mayoria,region-entrenamiento-070,55.69,31.74,1,0.37777777777777777,0,FN,False
mayoria,region-entrenamiento-071,91.7,81.17,0,0.37777777777777777,0,VN,False
mayoria,region-entrenamiento-072,16.6,49.92,0,0.37777777777777777,0,VN,False
mayoria,region-entrenamiento-073,57.55,50.08,1,0.37777777777777777,0,FN,False
mayoria,region-entrenamiento-074,54.34,32.79,1,0.37777777777777777,0,FN,False
mayoria,region-entrenamiento-075,45.68,10.51,1,0.37777777777777777,0,FN,False
mayoria,region-entrenamiento-076,40.95,66.17,1,0.37777777777777777,0,FN,False
mayoria,region-entrenamiento-077,43.38,88.31,0,0.37777777777777777,0,VN,False
mayoria,region-entrenamiento-078,87.37,80.92,0,0.37777777777777777,0,VN,False
mayoria,region-entrenamiento-079,38.1,20.34,0,0.37777777777777777,0,VN,False
mayoria,region-entrenamiento-080,17.62,14.99,0,0.37777777777777777,0,VN,False
mayoria,region-entrenamiento-081,36.85,45.13,1,0.37777777777777777,0,FN,False
mayoria,region-entrenamiento-082,55.2,19.8,0,0.37777777777777777,0,VN,False
mayoria,region-entrenamiento-083,72.31,42.28,1,0.37777777777777777,0,FN,False
mayoria,region-entrenamiento-084,33.61,58.14,1,0.37777777777777777,0,FN,False
mayoria,region-entrenamiento-085,69.83,30.4,1,0.37777777777777777,0,FN,False
mayoria,region-entrenamiento-086,81.32,14.53,0,0.37777777777777777,0,VN,False
mayoria,region-entrenamiento-087,17.77,60.55,1,0.37777777777777777,0,FN,False
mayoria,region-entrenamiento-088,83.27,16.02,0,0.37777777777777777,0,VN,False
mayoria,region-entrenamiento-089,17.61,49.18,0,0.37777777777777777,0,VN,False
mayoria,region-entrenamiento-090,11.17,26.07,0,0.37777777777777777,0,VN,False
mayoria,region-entrenamiento-091,86.33,57.41,0,0.37777777777777777,0,VN,False
mayoria,region-entrenamiento-092,76.41,58.19,1,0.37777777777777777,0,FN,False
mayoria,region-entrenamiento-093,10.88,23.32,0,0.37777777777777777,0,VN,False
mayoria,region-entrenamiento-094,33.71,44.63,1,0.37777777777777777,0,FN,False
mayoria,region-entrenamiento-095,31.47,18.38,1,0.37777777777777777,0,FN,False
mayoria,region-entrenamiento-096,90.64,73.47,0,0.37777777777777777,0,VN,False
mayoria,region-entrenamiento-097,83.34,77.1,0,0.37777777777777777,0,VN,False
mayoria,region-entrenamiento-098,41.28,50.51,0,0.37777777777777777,0,VN,False
mayoria,region-entrenamiento-099,90.56,83.86,0,0.37777777777777777,0,VN,False
mayoria,region-entrenamiento-100,17.87,56.2,1,0.37777777777777777,0,FN,False
mayoria,region-entrenamiento-101,25.84,8.07,0,0.37777777777777777,0,VN,False
mayoria,region-entrenamiento-102,34.07,82.75,0,0.37777777777777777,0,VN,False
mayoria,region-entrenamiento-103,18.49,69.74,0,0.37777777777777777,0,VN,False
mayoria,region-entrenamiento-104,26.92,6.98,0,0.37777777777777777,0,VN,False
mayoria,region-entrenamiento-105,48.29,41.86,1,0.37777777777777777,0,FN,False
mayoria,region-entrenamiento-106,66.22,28.33,1,0.37777777777777777,0,FN,False
mayoria,region-entrenamiento-107,34.74,46.6,1,0.37777777777777777,0,FN,False
mayoria,region-entrenamiento-108,80.95,28.47,0,0.37777777777777777,0,VN,False
mayoria,region-entrenamiento-109,86.43,86.97,0,0.37777777777777777,0,VN,False
mayoria,region-entrenamiento-110,51.33,35.01,0,0.37777777777777777,0,VN,False
mayoria,region-entrenamiento-111,62.46,90.98,0,0.37777777777777777,0,VN,False
mayoria,region-entrenamiento-112,47.92,49.38,0,0.37777777777777777,0,VN,False
mayoria,region-entrenamiento-113,54.19,38.16,1,0.37777777777777777,0,FN,False
mayoria,region-entrenamiento-114,9.77,14.91,0,0.37777777777777777,0,VN,False
mayoria,region-entrenamiento-115,66.62,86.11,0,0.37777777777777777,0,VN,False
mayoria,region-entrenamiento-116,84.8,12.75,0,0.37777777777777777,0,VN,False
mayoria,region-entrenamiento-117,14.04,40.46,0,0.37777777777777777,0,VN,False
mayoria,region-entrenamiento-118,51.17,70.08,1,0.37777777777777777,0,FN,False
mayoria,region-entrenamiento-119,74.88,51.19,1,0.37777777777777777,0,FN,False
mayoria,region-entrenamiento-120,42.09,70.69,1,0.37777777777777777,0,FN,False
mayoria,region-entrenamiento-121,46.38,64.75,1,0.37777777777777777,0,FN,False
mayoria,region-entrenamiento-122,73.2,71.3,0,0.37777777777777777,0,VN,False
mayoria,region-entrenamiento-123,21.71,25.02,0,0.37777777777777777,0,VN,False
mayoria,region-entrenamiento-124,87.27,56.13,0,0.37777777777777777,0,VN,False
mayoria,region-entrenamiento-125,45.19,45.24,1,0.37777777777777777,0,FN,False
mayoria,region-entrenamiento-126,15.48,88.73,0,0.37777777777777777,0,VN,False
mayoria,region-entrenamiento-127,72.36,69.48,1,0.37777777777777777,0,FN,False
mayoria,region-entrenamiento-128,61.49,70.12,1,0.37777777777777777,0,FN,False
mayoria,region-entrenamiento-129,29.63,30.8,1,0.37777777777777777,0,FN,False
mayoria,region-entrenamiento-130,85.65,94.45,0,0.37777777777777777,0,VN,False
mayoria,region-entrenamiento-131,72.77,11.32,0,0.37777777777777777,0,VN,False
mayoria,region-entrenamiento-132,15.56,57.0,0,0.37777777777777777,0,VN,False
mayoria,region-entrenamiento-133,20.71,75.18,0,0.37777777777777777,0,VN,False
mayoria,region-entrenamiento-134,63.3,42.47,1,0.37777777777777777,0,FN,False
mayoria,region-entrenamiento-135,25.61,22.02,0,0.37777777777777777,0,VN,False
mayoria,region-entrenamiento-136,5.19,17.7,0,0.37777777777777777,0,VN,False
mayoria,region-entrenamiento-137,46.89,66.02,1,0.37777777777777777,0,FN,False
mayoria,region-entrenamiento-138,25.4,17.17,0,0.37777777777777777,0,VN,False
mayoria,region-entrenamiento-139,38.21,16.0,0,0.37777777777777777,0,VN,False
mayoria,region-entrenamiento-140,87.84,85.32,0,0.37777777777777777,0,VN,False
mayoria,region-entrenamiento-141,70.56,22.62,0,0.37777777777777777,0,VN,False
mayoria,region-entrenamiento-142,21.3,44.61,1,0.37777777777777777,0,FN,False
mayoria,region-entrenamiento-143,5.63,57.92,0,0.37777777777777777,0,VN,False
mayoria,region-entrenamiento-144,62.8,64.04,1,0.37777777777777777,0,FN,False
mayoria,region-entrenamiento-145,52.34,90.89,0,0.37777777777777777,0,VN,False
mayoria,region-entrenamiento-146,59.2,44.35,0,0.37777777777777777,0,VN,False
mayoria,region-entrenamiento-147,90.34,48.09,0,0.37777777777777777,0,VN,False
mayoria,region-entrenamiento-148,29.72,50.65,0,0.37777777777777777,0,VN,False
mayoria,region-entrenamiento-149,80.13,84.74,0,0.37777777777777777,0,VN,False
mayoria,region-entrenamiento-150,77.09,11.85,0,0.37777777777777777,0,VN,False
mayoria,region-entrenamiento-151,67.34,13.89,0,0.37777777777777777,0,VN,False
mayoria,region-entrenamiento-152,9.2,16.53,0,0.37777777777777777,0,VN,False
mayoria,region-entrenamiento-153,47.29,69.72,1,0.37777777777777777,0,FN,False
mayoria,region-entrenamiento-154,91.75,12.39,0,0.37777777777777777,0,VN,False
mayoria,region-entrenamiento-155,12.26,92.42,1,0.37777777777777777,0,FN,False
mayoria,region-entrenamiento-156,33.61,16.03,0,0.37777777777777777,0,VN,False
mayoria,region-entrenamiento-157,43.73,34.58,1,0.37777777777777777,0,FN,False
mayoria,region-entrenamiento-158,50.1,49.29,1,0.37777777777777777,0,FN,False
mayoria,region-entrenamiento-159,92.8,91.68,0,0.37777777777777777,0,VN,False
mayoria,region-entrenamiento-160,78.77,33.57,0,0.37777777777777777,0,VN,False
mayoria,region-entrenamiento-161,49.56,75.0,1,0.37777777777777777,0,FN,False
mayoria,region-entrenamiento-162,62.58,60.31,1,0.37777777777777777,0,FN,False
mayoria,region-entrenamiento-163,83.03,77.1,0,0.37777777777777777,0,VN,False
mayoria,region-entrenamiento-164,91.06,86.16,0,0.37777777777777777,0,VN,False
mayoria,region-entrenamiento-165,21.26,13.97,0,0.37777777777777777,0,VN,False
mayoria,region-entrenamiento-166,36.83,68.62,0,0.37777777777777777,0,VN,False
mayoria,region-entrenamiento-167,54.24,17.88,0,0.37777777777777777,0,VN,False
mayoria,region-entrenamiento-168,39.17,44.2,1,0.37777777777777777,0,FN,False
mayoria,region-entrenamiento-169,11.5,62.94,0,0.37777777777777777,0,VN,False
mayoria,region-entrenamiento-170,73.25,5.53,0,0.37777777777777777,0,VN,False
mayoria,region-entrenamiento-171,40.77,45.3,1,0.37777777777777777,0,FN,False
mayoria,region-entrenamiento-172,60.89,58.84,1,0.37777777777777777,0,FN,False
mayoria,region-entrenamiento-173,61.33,19.72,0,0.37777777777777777,0,VN,False
mayoria,region-entrenamiento-174,71.67,31.42,1,0.37777777777777777,0,FN,False
mayoria,region-entrenamiento-175,77.09,12.17,0,0.37777777777777777,0,VN,False
mayoria,region-entrenamiento-176,85.72,36.35,0,0.37777777777777777,0,VN,False
mayoria,region-entrenamiento-177,37.77,46.9,0,0.37777777777777777,0,VN,False
mayoria,region-entrenamiento-178,48.1,81.24,0,0.37777777777777777,0,VN,False
mayoria,region-entrenamiento-179,24.81,13.9,1,0.37777777777777777,0,FN,False
mayoria,region-entrenamiento-180,24.48,35.6,1,0.37777777777777777,0,FN,False
arbol,region-entrenamiento-001,82.07,84.22,0,0.0,0,VN,False
arbol,region-entrenamiento-002,67.83,36.84,0,0.8833333333333333,1,FP,False
arbol,region-entrenamiento-003,93.87,66.74,0,0.0,0,VN,False
arbol,region-entrenamiento-004,46.11,22.36,1,1.0,1,VP,False
arbol,region-entrenamiento-005,34.41,40.89,1,0.8833333333333333,1,VP,False
arbol,region-entrenamiento-006,84.61,9.26,0,0.0,0,VN,False
arbol,region-entrenamiento-007,45.99,65.49,1,0.8833333333333333,1,VP,False
arbol,region-entrenamiento-008,47.93,54.2,1,0.8833333333333333,1,VP,False
arbol,region-entrenamiento-009,88.15,49.69,0,0.0,0,VN,False
arbol,region-entrenamiento-010,30.33,77.52,0,0.0,0,VN,False
arbol,region-entrenamiento-011,84.11,67.1,0,0.0,0,VN,False
arbol,region-entrenamiento-012,17.8,48.21,0,0.6666666666666666,1,FP,False
arbol,region-entrenamiento-013,58.9,84.16,0,0.0,0,VN,False
arbol,region-entrenamiento-014,30.13,40.52,1,0.8833333333333333,1,VP,False
arbol,region-entrenamiento-015,8.21,88.67,0,0.0,0,VN,False
arbol,region-entrenamiento-016,55.49,77.12,1,0.8833333333333333,1,VP,False
arbol,region-entrenamiento-017,60.78,59.38,1,0.8833333333333333,1,VP,False
arbol,region-entrenamiento-018,44.61,70.03,1,0.8833333333333333,1,VP,False
arbol,region-entrenamiento-019,61.2,36.07,1,0.8833333333333333,1,VP,False
arbol,region-entrenamiento-020,30.06,68.92,1,0.8833333333333333,1,VP,False
arbol,region-entrenamiento-021,90.04,29.17,0,0.0,0,VN,False
arbol,region-entrenamiento-022,36.73,50.07,1,0.8833333333333333,1,VP,False
arbol,region-entrenamiento-023,79.31,50.76,1,0.5,0,FN,False
arbol,region-entrenamiento-024,5.36,18.62,0,0.0,0,VN,False
arbol,region-entrenamiento-025,70.77,29.25,1,0.8833333333333333,1,VP,False
arbol,region-entrenamiento-026,92.4,66.43,0,0.0,0,VN,False
arbol,region-entrenamiento-027,21.11,10.96,0,0.0,0,VN,False
arbol,region-entrenamiento-028,55.45,44.64,1,0.8833333333333333,1,VP,False
arbol,region-entrenamiento-029,71.74,9.78,0,0.0,0,VN,False
arbol,region-entrenamiento-030,82.87,6.32,0,0.0,0,VN,False
arbol,region-entrenamiento-031,42.39,9.93,0,0.15384615384615385,0,VN,False
arbol,region-entrenamiento-032,6.47,79.93,0,0.0,0,VN,False
arbol,region-entrenamiento-033,71.57,22.87,0,0.0,0,VN,False
arbol,region-entrenamiento-034,36.02,9.2,0,0.15384615384615385,0,VN,False
arbol,region-entrenamiento-035,94.81,61.23,0,0.0,0,VN,False
arbol,region-entrenamiento-036,71.02,40.33,1,0.8833333333333333,1,VP,False
arbol,region-entrenamiento-037,94.97,47.44,0,0.0,0,VN,False
arbol,region-entrenamiento-038,22.42,83.86,0,0.0,0,VN,False
arbol,region-entrenamiento-039,53.81,87.6,0,0.0,0,VN,False
arbol,region-entrenamiento-040,48.42,27.14,0,0.0,0,VN,False
arbol,region-entrenamiento-041,63.9,73.05,1,0.8833333333333333,1,VP,False
arbol,region-entrenamiento-042,31.59,62.68,1,0.8833333333333333,1,VP,False
arbol,region-entrenamiento-043,43.29,5.81,1,0.5,0,FN,False
arbol,region-entrenamiento-044,42.27,51.86,1,0.8833333333333333,1,VP,False
arbol,region-entrenamiento-045,85.14,92.15,0,0.0,0,VN,False
arbol,region-entrenamiento-046,84.61,16.79,0,0.0,0,VN,False
arbol,region-entrenamiento-047,26.36,17.51,0,0.15384615384615385,0,VN,False
arbol,region-entrenamiento-048,6.59,10.01,0,0.0,0,VN,False
arbol,region-entrenamiento-049,32.89,61.21,1,0.8833333333333333,1,VP,False
arbol,region-entrenamiento-050,65.19,13.55,0,0.0,0,VN,False
arbol,region-entrenamiento-051,46.86,47.94,1,0.8833333333333333,1,VP,False
arbol,region-entrenamiento-052,12.73,64.64,0,0.0,0,VN,False
arbol,region-entrenamiento-053,34.32,68.9,1,0.8833333333333333,1,VP,False
arbol,region-entrenamiento-054,25.22,80.76,0,0.0,0,VN,False
arbol,region-entrenamiento-055,33.51,64.74,1,0.8833333333333333,1,VP,False
arbol,region-entrenamiento-056,78.13,38.6,0,0.5,0,VN,False
arbol,region-entrenamiento-057,27.91,64.44,0,0.6,1,FP,False
arbol,region-entrenamiento-058,75.1,30.24,0,0.5,0,VN,False
arbol,region-entrenamiento-059,5.55,38.82,0,0.0,0,VN,False
arbol,region-entrenamiento-060,82.35,47.83,0,0.0,0,VN,False
arbol,region-entrenamiento-061,83.72,16.92,0,0.5,0,VN,False
arbol,region-entrenamiento-062,40.93,42.8,1,0.8833333333333333,1,VP,False
arbol,region-entrenamiento-063,50.29,64.63,1,0.8833333333333333,1,VP,False
arbol,region-entrenamiento-064,66.67,17.36,0,0.0,0,VN,False
arbol,region-entrenamiento-065,6.49,7.72,0,0.0,0,VN,False
arbol,region-entrenamiento-066,36.73,18.17,0,0.15384615384615385,0,VN,False
arbol,region-entrenamiento-067,84.77,90.69,0,0.0,0,VN,False
arbol,region-entrenamiento-068,90.81,56.73,0,0.0,0,VN,False
arbol,region-entrenamiento-069,90.27,27.85,1,0.5,0,FN,False
arbol,region-entrenamiento-070,55.69,31.74,1,0.8833333333333333,1,VP,False
arbol,region-entrenamiento-071,91.7,81.17,0,0.0,0,VN,False
arbol,region-entrenamiento-072,16.6,49.92,0,0.0,0,VN,False
arbol,region-entrenamiento-073,57.55,50.08,1,0.8833333333333333,1,VP,False
arbol,region-entrenamiento-074,54.34,32.79,1,0.8833333333333333,1,VP,False
arbol,region-entrenamiento-075,45.68,10.51,1,1.0,1,VP,False
arbol,region-entrenamiento-076,40.95,66.17,1,0.8833333333333333,1,VP,False
arbol,region-entrenamiento-077,43.38,88.31,0,0.0,0,VN,False
arbol,region-entrenamiento-078,87.37,80.92,0,0.0,0,VN,False
arbol,region-entrenamiento-079,38.1,20.34,0,0.15384615384615385,0,VN,False
arbol,region-entrenamiento-080,17.62,14.99,0,0.0,0,VN,False
arbol,region-entrenamiento-081,36.85,45.13,1,0.8833333333333333,1,VP,False
arbol,region-entrenamiento-082,55.2,19.8,0,0.0,0,VN,False
arbol,region-entrenamiento-083,72.31,42.28,1,0.8833333333333333,1,VP,False
arbol,region-entrenamiento-084,33.61,58.14,1,0.8833333333333333,1,VP,False
arbol,region-entrenamiento-085,69.83,30.4,1,0.8833333333333333,1,VP,False
arbol,region-entrenamiento-086,81.32,14.53,0,0.0,0,VN,False
arbol,region-entrenamiento-087,17.77,60.55,1,0.6666666666666666,1,VP,False
arbol,region-entrenamiento-088,83.27,16.02,0,0.0,0,VN,False
arbol,region-entrenamiento-089,17.61,49.18,0,0.0,0,VN,False
arbol,region-entrenamiento-090,11.17,26.07,0,0.0,0,VN,False
arbol,region-entrenamiento-091,86.33,57.41,0,0.0,0,VN,False
arbol,region-entrenamiento-092,76.41,58.19,1,0.5,0,FN,False
arbol,region-entrenamiento-093,10.88,23.32,0,0.0,0,VN,False
arbol,region-entrenamiento-094,33.71,44.63,1,0.8833333333333333,1,VP,False
arbol,region-entrenamiento-095,31.47,18.38,1,0.15384615384615385,0,FN,False
arbol,region-entrenamiento-096,90.64,73.47,0,0.0,0,VN,False
arbol,region-entrenamiento-097,83.34,77.1,0,0.0,0,VN,False
arbol,region-entrenamiento-098,41.28,50.51,0,0.8833333333333333,1,FP,False
arbol,region-entrenamiento-099,90.56,83.86,0,0.0,0,VN,False
arbol,region-entrenamiento-100,17.87,56.2,1,0.6666666666666666,1,VP,False
arbol,region-entrenamiento-101,25.84,8.07,0,0.15384615384615385,0,VN,False
arbol,region-entrenamiento-102,34.07,82.75,0,0.0,0,VN,False
arbol,region-entrenamiento-103,18.49,69.74,0,0.0,0,VN,False
arbol,region-entrenamiento-104,26.92,6.98,0,0.15384615384615385,0,VN,False
arbol,region-entrenamiento-105,48.29,41.86,1,0.8833333333333333,1,VP,False
arbol,region-entrenamiento-106,66.22,28.33,1,0.8833333333333333,1,VP,False
arbol,region-entrenamiento-107,34.74,46.6,1,0.8833333333333333,1,VP,False
arbol,region-entrenamiento-108,80.95,28.47,0,0.0,0,VN,False
arbol,region-entrenamiento-109,86.43,86.97,0,0.0,0,VN,False
arbol,region-entrenamiento-110,51.33,35.01,0,0.8833333333333333,1,FP,False
arbol,region-entrenamiento-111,62.46,90.98,0,0.5,0,VN,False
arbol,region-entrenamiento-112,47.92,49.38,0,0.8833333333333333,1,FP,False
arbol,region-entrenamiento-113,54.19,38.16,1,0.8833333333333333,1,VP,False
arbol,region-entrenamiento-114,9.77,14.91,0,0.0,0,VN,False
arbol,region-entrenamiento-115,66.62,86.11,0,0.0,0,VN,False
arbol,region-entrenamiento-116,84.8,12.75,0,0.0,0,VN,False
arbol,region-entrenamiento-117,14.04,40.46,0,0.0,0,VN,False
arbol,region-entrenamiento-118,51.17,70.08,1,0.8833333333333333,1,VP,False
arbol,region-entrenamiento-119,74.88,51.19,1,0.5,0,FN,False
arbol,region-entrenamiento-120,42.09,70.69,1,0.8833333333333333,1,VP,False
arbol,region-entrenamiento-121,46.38,64.75,1,0.8833333333333333,1,VP,False
arbol,region-entrenamiento-122,73.2,71.3,0,0.5,0,VN,False
arbol,region-entrenamiento-123,21.71,25.02,0,0.0,0,VN,False
arbol,region-entrenamiento-124,87.27,56.13,0,0.0,0,VN,False
arbol,region-entrenamiento-125,45.19,45.24,1,0.8833333333333333,1,VP,False
arbol,region-entrenamiento-126,15.48,88.73,0,0.0,0,VN,False
arbol,region-entrenamiento-127,72.36,69.48,1,0.8833333333333333,1,VP,False
arbol,region-entrenamiento-128,61.49,70.12,1,0.8833333333333333,1,VP,False
arbol,region-entrenamiento-129,29.63,30.8,1,0.6,1,VP,False
arbol,region-entrenamiento-130,85.65,94.45,0,0.0,0,VN,False
arbol,region-entrenamiento-131,72.77,11.32,0,0.0,0,VN,False
arbol,region-entrenamiento-132,15.56,57.0,0,0.0,0,VN,False
arbol,region-entrenamiento-133,20.71,75.18,0,0.0,0,VN,False
arbol,region-entrenamiento-134,63.3,42.47,1,0.8833333333333333,1,VP,False
arbol,region-entrenamiento-135,25.61,22.02,0,0.15384615384615385,0,VN,False
arbol,region-entrenamiento-136,5.19,17.7,0,0.0,0,VN,False
arbol,region-entrenamiento-137,46.89,66.02,1,0.8833333333333333,1,VP,False
arbol,region-entrenamiento-138,25.4,17.17,0,0.15384615384615385,0,VN,False
arbol,region-entrenamiento-139,38.21,16.0,0,0.15384615384615385,0,VN,False
arbol,region-entrenamiento-140,87.84,85.32,0,0.0,0,VN,False
arbol,region-entrenamiento-141,70.56,22.62,0,0.0,0,VN,False
arbol,region-entrenamiento-142,21.3,44.61,1,0.6,1,VP,False
arbol,region-entrenamiento-143,5.63,57.92,0,0.0,0,VN,False
arbol,region-entrenamiento-144,62.8,64.04,1,0.8833333333333333,1,VP,False
arbol,region-entrenamiento-145,52.34,90.89,0,0.0,0,VN,False
arbol,region-entrenamiento-146,59.2,44.35,0,0.8833333333333333,1,FP,False
arbol,region-entrenamiento-147,90.34,48.09,0,0.0,0,VN,False
arbol,region-entrenamiento-148,29.72,50.65,0,0.6,1,FP,False
arbol,region-entrenamiento-149,80.13,84.74,0,0.0,0,VN,False
arbol,region-entrenamiento-150,77.09,11.85,0,0.0,0,VN,False
arbol,region-entrenamiento-151,67.34,13.89,0,0.0,0,VN,False
arbol,region-entrenamiento-152,9.2,16.53,0,0.0,0,VN,False
arbol,region-entrenamiento-153,47.29,69.72,1,0.8833333333333333,1,VP,False
arbol,region-entrenamiento-154,91.75,12.39,0,0.0,0,VN,False
arbol,region-entrenamiento-155,12.26,92.42,1,0.5,0,FN,False
arbol,region-entrenamiento-156,33.61,16.03,0,0.15384615384615385,0,VN,False
arbol,region-entrenamiento-157,43.73,34.58,1,0.8833333333333333,1,VP,False
arbol,region-entrenamiento-158,50.1,49.29,1,0.8833333333333333,1,VP,False
arbol,region-entrenamiento-159,92.8,91.68,0,0.0,0,VN,False
arbol,region-entrenamiento-160,78.77,33.57,0,0.0,0,VN,False
arbol,region-entrenamiento-161,49.56,75.0,1,0.8833333333333333,1,VP,False
arbol,region-entrenamiento-162,62.58,60.31,1,0.8833333333333333,1,VP,False
arbol,region-entrenamiento-163,83.03,77.1,0,0.0,0,VN,False
arbol,region-entrenamiento-164,91.06,86.16,0,0.0,0,VN,False
arbol,region-entrenamiento-165,21.26,13.97,0,0.0,0,VN,False
arbol,region-entrenamiento-166,36.83,68.62,0,0.8833333333333333,1,FP,False
arbol,region-entrenamiento-167,54.24,17.88,0,0.0,0,VN,False
arbol,region-entrenamiento-168,39.17,44.2,1,0.8833333333333333,1,VP,False
arbol,region-entrenamiento-169,11.5,62.94,0,0.0,0,VN,False
arbol,region-entrenamiento-170,73.25,5.53,0,0.5,0,VN,False
arbol,region-entrenamiento-171,40.77,45.3,1,0.8833333333333333,1,VP,False
arbol,region-entrenamiento-172,60.89,58.84,1,0.8833333333333333,1,VP,False
arbol,region-entrenamiento-173,61.33,19.72,0,0.0,0,VN,False
arbol,region-entrenamiento-174,71.67,31.42,1,0.8833333333333333,1,VP,False
arbol,region-entrenamiento-175,77.09,12.17,0,0.0,0,VN,False
arbol,region-entrenamiento-176,85.72,36.35,0,0.0,0,VN,False
arbol,region-entrenamiento-177,37.77,46.9,0,0.8833333333333333,1,FP,False
arbol,region-entrenamiento-178,48.1,81.24,0,0.0,0,VN,False
arbol,region-entrenamiento-179,24.81,13.9,1,0.15384615384615385,0,FN,False
arbol,region-entrenamiento-180,24.48,35.6,1,0.6,1,VP,False
bagging,region-entrenamiento-001,82.07,84.22,0,0.0,0,VN,False
bagging,region-entrenamiento-002,67.83,36.84,0,0.6637348857725536,1,FP,False
bagging,region-entrenamiento-003,93.87,66.74,0,0.016129032258064516,0,VN,False
bagging,region-entrenamiento-004,46.11,22.36,1,0.61505376344086,1,VP,False
bagging,region-entrenamiento-005,34.41,40.89,1,0.862264641989451,1,VP,False
bagging,region-entrenamiento-006,84.61,9.26,0,0.01075268817204301,0,VN,False
bagging,region-entrenamiento-007,45.99,65.49,1,0.9640741237033225,1,VP,False
bagging,region-entrenamiento-008,47.93,54.2,1,0.9328913280043978,1,VP,False
bagging,region-entrenamiento-009,88.15,49.69,0,0.03763440860215053,0,VN,False
bagging,region-entrenamiento-010,30.33,77.52,0,0.08333333333333334,0,VN,False
bagging,region-entrenamiento-011,84.11,67.1,0,0.016129032258064516,0,VN,False
bagging,region-entrenamiento-012,17.8,48.21,0,0.47321787059844983,0,VN,False
bagging,region-entrenamiento-013,58.9,84.16,0,0.0,0,VN,False
bagging,region-entrenamiento-014,30.13,40.52,1,0.8296481545342538,1,VP,False
bagging,region-entrenamiento-015,8.21,88.67,0,0.21774193548387097,0,VN,False
bagging,region-entrenamiento-016,55.49,77.12,1,0.5481976697757704,1,VP,False
bagging,region-entrenamiento-017,60.78,59.38,1,0.950600679584717,1,VP,False
bagging,region-entrenamiento-018,44.61,70.03,1,0.9398805753162257,1,VP,False
bagging,region-entrenamiento-019,61.2,36.07,1,0.7530475904648992,1,VP,False
bagging,region-entrenamiento-020,30.06,68.92,1,0.7714655852662966,1,VP,False
bagging,region-entrenamiento-021,90.04,29.17,0,0.12365591397849462,0,VN,False
bagging,region-entrenamiento-022,36.73,50.07,1,0.7500058792468172,1,VP,False
bagging,region-entrenamiento-023,79.31,50.76,1,0.5930319642324681,1,VP,False
bagging,region-entrenamiento-024,5.36,18.62,0,0.0,0,VN,False
bagging,region-entrenamiento-025,70.77,29.25,1,0.6702278551687486,1,VP,False
bagging,region-entrenamiento-026,92.4,66.43,0,0.016129032258064516,0,VN,False
bagging,region-entrenamiento-027,21.11,10.96,0,0.1485826001955034,0,VN,False
bagging,region-entrenamiento-028,55.45,44.64,1,0.8360047728483917,1,VP,False
bagging,region-entrenamiento-029,71.74,9.78,0,0.020678246484698095,0,VN,False
bagging,region-entrenamiento-030,82.87,6.32,0,0.05376344086021505,0,VN,False
bagging,region-entrenamiento-031,42.39,9.93,0,0.36937256292095,0,VN,False
bagging,region-entrenamiento-032,6.47,79.93,0,0.12096774193548387,0,VN,False
bagging,region-entrenamiento-033,71.57,22.87,0,0.09754224270353302,0,VN,False
bagging,region-entrenamiento-034,36.02,9.2,0,0.15662294694552759,0,VN,False
bagging,region-entrenamiento-035,94.81,61.23,0,0.016129032258064516,0,VN,False
bagging,region-entrenamiento-036,71.02,40.33,1,0.7952649572856471,1,VP,False
bagging,region-entrenamiento-037,94.97,47.44,0,0.03978494623655914,0,VN,False
bagging,region-entrenamiento-038,22.42,83.86,0,0.06774193548387097,0,VN,False
bagging,region-entrenamiento-039,53.81,87.6,0,0.0,0,VN,False
bagging,region-entrenamiento-040,48.42,27.14,0,0.32550870846803526,0,VN,False
bagging,region-entrenamiento-041,63.9,73.05,1,0.898773878798499,1,VP,False
bagging,region-entrenamiento-042,31.59,62.68,1,0.931757443945252,1,VP,False
bagging,region-entrenamiento-043,43.29,5.81,1,0.6013234077750207,1,VP,False
bagging,region-entrenamiento-044,42.27,51.86,1,0.9640741237033225,1,VP,False
bagging,region-entrenamiento-045,85.14,92.15,0,0.0,0,VN,False
bagging,region-entrenamiento-046,84.61,16.79,0,0.03225806451612903,0,VN,False
bagging,region-entrenamiento-047,26.36,17.51,0,0.06678536517246193,0,VN,False
bagging,region-entrenamiento-048,6.59,10.01,0,0.03225806451612903,0,VN,False
bagging,region-entrenamiento-049,32.89,61.21,1,0.931757443945252,1,VP,False
bagging,region-entrenamiento-050,65.19,13.55,0,0.056451612903225805,0,VN,False
bagging,region-entrenamiento-051,46.86,47.94,1,0.7962116806359447,1,VP,False
bagging,region-entrenamiento-052,12.73,64.64,0,0.07795698924731183,0,VN,False
bagging,region-entrenamiento-053,34.32,68.9,1,0.8440462304275869,1,VP,False
bagging,region-entrenamiento-054,25.22,80.76,0,0.03225806451612903,0,VN,False
bagging,region-entrenamiento-055,33.51,64.74,1,0.885520884805467,1,VP,False
bagging,region-entrenamiento-056,78.13,38.6,0,0.16339950372208437,0,VN,False
bagging,region-entrenamiento-057,27.91,64.44,0,0.40115857321989346,0,VN,False
bagging,region-entrenamiento-058,75.1,30.24,0,0.2825396825396826,0,VN,False
bagging,region-entrenamiento-059,5.55,38.82,0,0.02903225806451613,0,VN,False
bagging,region-entrenamiento-060,82.35,47.83,0,0.0,0,VN,False
bagging,region-entrenamiento-061,83.72,16.92,0,0.04301075268817204,0,VN,False
bagging,region-entrenamiento-062,40.93,42.8,1,0.8119811651879476,1,VP,False
bagging,region-entrenamiento-063,50.29,64.63,1,0.9619235860689138,1,VP,False
bagging,region-entrenamiento-064,66.67,17.36,0,0.0,0,VN,False
bagging,region-entrenamiento-065,6.49,7.72,0,0.059139784946236555,0,VN,False
bagging,region-entrenamiento-066,36.73,18.17,0,0.09831029185867897,0,VN,False
bagging,region-entrenamiento-067,84.77,90.69,0,0.0,0,VN,False
bagging,region-entrenamiento-068,90.81,56.73,0,0.0,0,VN,False
bagging,region-entrenamiento-069,90.27,27.85,1,0.32473118279569896,0,FN,False
bagging,region-entrenamiento-070,55.69,31.74,1,0.8445676295655835,1,VP,False
bagging,region-entrenamiento-071,91.7,81.17,0,0.0,0,VN,False
bagging,region-entrenamiento-072,16.6,49.92,0,0.06626928471248247,0,VN,False
bagging,region-entrenamiento-073,57.55,50.08,1,0.7921384599498208,1,VP,False
bagging,region-entrenamiento-074,54.34,32.79,1,0.8445676295655835,1,VP,False
bagging,region-entrenamiento-075,45.68,10.51,1,0.6623833156091221,1,VP,False
bagging,region-entrenamiento-076,40.95,66.17,1,0.9215525698914461,1,VP,False
bagging,region-entrenamiento-077,43.38,88.31,0,0.024193548387096774,0,VN,False
bagging,region-entrenamiento-078,87.37,80.92,0,0.0,0,VN,False
bagging,region-entrenamiento-079,38.1,20.34,0,0.130568356374808,0,VN,False
bagging,region-entrenamiento-080,17.62,14.99,0,0.0,0,VN,False
bagging,region-entrenamiento-081,36.85,45.13,1,0.6748268320658724,1,VP,False
bagging,region-entrenamiento-082,55.2,19.8,0,0.04032258064516129,0,VN,False
bagging,region-entrenamiento-083,72.31,42.28,1,0.7952649572856471,1,VP,False
bagging,region-entrenamiento-084,33.61,58.14,1,0.931757443945252,1,VP,False
bagging,region-entrenamiento-085,69.83,30.4,1,0.7444214035558455,1,VP,False
bagging,region-entrenamiento-086,81.32,14.53,0,0.016129032258064516,0,VN,False
bagging,region-entrenamiento-087,17.77,60.55,1,0.5470407517845849,1,VP,False
bagging,region-entrenamiento-088,83.27,16.02,0,0.016129032258064516,0,VN,False
bagging,region-entrenamiento-089,17.61,49.18,0,0.13746744139451014,0,VN,False
bagging,region-entrenamiento-090,11.17,26.07,0,0.03763440860215053,0,VN,False
bagging,region-entrenamiento-091,86.33,57.41,0,0.0,0,VN,False
bagging,region-entrenamiento-092,76.41,58.19,1,0.6823816826144444,1,VP,False
bagging,region-entrenamiento-093,10.88,23.32,0,0.03763440860215053,0,VN,False
bagging,region-entrenamiento-094,33.71,44.63,1,0.8366630034845867,1,VP,False
bagging,region-entrenamiento-095,31.47,18.38,1,0.17089093701996927,0,FN,False
bagging,region-entrenamiento-096,90.64,73.47,0,0.016129032258064516,0,VN,False
bagging,region-entrenamiento-097,83.34,77.1,0,0.005376344086021505,0,VN,False
bagging,region-entrenamiento-098,41.28,50.51,0,0.7221143206760322,1,FP,False
bagging,region-entrenamiento-099,90.56,83.86,0,0.0,0,VN,False
bagging,region-entrenamiento-100,17.87,56.2,1,0.6402266735783164,1,VP,False
bagging,region-entrenamiento-101,25.84,8.07,0,0.13393058554348877,0,VN,False
bagging,region-entrenamiento-102,34.07,82.75,0,0.0,0,VN,False
bagging,region-entrenamiento-103,18.49,69.74,0,0.4385369654369954,0,VN,False
bagging,region-entrenamiento-104,26.92,6.98,0,0.1608123059735963,0,VN,False
bagging,region-entrenamiento-105,48.29,41.86,1,0.822244654483695,1,VP,False
bagging,region-entrenamiento-106,66.22,28.33,1,0.7384402207601465,1,VP,False
bagging,region-entrenamiento-107,34.74,46.6,1,0.8233036030284119,1,VP,False
bagging,region-entrenamiento-108,80.95,28.47,0,0.1774193548387097,0,VN,False
bagging,region-entrenamiento-109,86.43,86.97,0,0.0,0,VN,False
bagging,region-entrenamiento-110,51.33,35.01,0,0.7531697801032178,1,FP,False
bagging,region-entrenamiento-111,62.46,90.98,0,0.09946236559139786,0,VN,False
bagging,region-entrenamiento-112,47.92,49.38,0,0.7454436314807988,1,FP,False
bagging,region-entrenamiento-113,54.19,38.16,1,0.7748543679168379,1,VP,False
bagging,region-entrenamiento-114,9.77,14.91,0,0.0,0,VN,False
bagging,region-entrenamiento-115,66.62,86.11,0,0.04838709677419355,0,VN,False
bagging,region-entrenamiento-116,84.8,12.75,0,0.016129032258064516,0,VN,False
bagging,region-entrenamiento-117,14.04,40.46,0,0.02903225806451613,0,VN,False
bagging,region-entrenamiento-118,51.17,70.08,1,0.937282009007982,1,VP,False
bagging,region-entrenamiento-119,74.88,51.19,1,0.8236487561395825,1,VP,False
bagging,region-entrenamiento-120,42.09,70.69,1,0.9398805753162257,1,VP,False
bagging,region-entrenamiento-121,46.38,64.75,1,0.9640741237033225,1,VP,False
bagging,region-entrenamiento-122,73.2,71.3,0,0.634725181159816,1,FP,False
bagging,region-entrenamiento-123,21.71,25.02,0,0.17677000418935904,0,VN,False
bagging,region-entrenamiento-124,87.27,56.13,0,0.0,0,VN,False
bagging,region-entrenamiento-125,45.19,45.24,1,0.8531194681888936,1,VP,False
bagging,region-entrenamiento-126,15.48,88.73,0,0.21236559139784944,0,VN,False
bagging,region-entrenamiento-127,72.36,69.48,1,0.8553492369184044,1,VP,False
bagging,region-entrenamiento-128,61.49,70.12,1,0.9532888516277278,1,VP,False
bagging,region-entrenamiento-129,29.63,30.8,1,0.6733392539513999,1,VP,False
bagging,region-entrenamiento-130,85.65,94.45,0,0.008064516129032258,0,VN,False
bagging,region-entrenamiento-131,72.77,11.32,0,0.024193548387096774,0,VN,False
bagging,region-entrenamiento-132,15.56,57.0,0,0.08602150537634408,0,VN,False
bagging,region-entrenamiento-133,20.71,75.18,0,0.22849058129193953,0,VN,False
bagging,region-entrenamiento-134,63.3,42.47,1,0.8265131458489605,1,VP,False
bagging,region-entrenamiento-135,25.61,22.02,0,0.09689289205418239,0,VN,False
bagging,region-entrenamiento-136,5.19,17.7,0,0.0,0,VN,False
bagging,region-entrenamiento-137,46.89,66.02,1,0.9640741237033225,1,VP,False
bagging,region-entrenamiento-138,25.4,17.17,0,0.10610948191593353,0,VN,False
bagging,region-entrenamiento-139,38.21,16.0,0,0.0499231950844854,0,VN,False
bagging,region-entrenamiento-140,87.84,85.32,0,0.0,0,VN,False
bagging,region-entrenamiento-141,70.56,22.62,0,0.10829493087557604,0,VN,False
bagging,region-entrenamiento-142,21.3,44.61,1,0.7007818165091698,1,VP,False
bagging,region-entrenamiento-143,5.63,57.92,0,0.06451612903225806,0,VN,False
bagging,region-entrenamiento-144,62.8,64.04,1,0.9694178838857923,1,VP,False
bagging,region-entrenamiento-145,52.34,90.89,0,0.03763440860215053,0,VN,False
bagging,region-entrenamiento-146,59.2,44.35,0,0.7727671606513624,1,FP,False
bagging,region-entrenamiento-147,90.34,48.09,0,0.03978494623655914,0,VN,False
bagging,region-entrenamiento-148,29.72,50.65,0,0.45011190937763185,0,VN,False
bagging,region-entrenamiento-149,80.13,84.74,0,0.06989247311827956,0,VN,False
bagging,region-entrenamiento-150,77.09,11.85,0,0.0,0,VN,False
bagging,region-entrenamiento-151,67.34,13.89,0,0.056451612903225805,0,VN,False
bagging,region-entrenamiento-152,9.2,16.53,0,0.0,0,VN,False
bagging,region-entrenamiento-153,47.29,69.72,1,0.947945091445258,1,VP,False
bagging,region-entrenamiento-154,91.75,12.39,0,0.07204301075268818,0,VN,False
bagging,region-entrenamiento-155,12.26,92.42,1,0.3629032258064516,0,FN,False
bagging,region-entrenamiento-156,33.61,16.03,0,0.07411674347158217,0,VN,False
bagging,region-entrenamiento-157,43.73,34.58,1,0.7971661958738272,1,VP,False
bagging,region-entrenamiento-158,50.1,49.29,1,0.7940611430015361,1,VP,False
bagging,region-entrenamiento-159,92.8,91.68,0,0.0,0,VN,False
bagging,region-entrenamiento-160,78.77,33.57,0,0.16877584780810587,0,VN,False
bagging,region-entrenamiento-161,49.56,75.0,1,0.8311622789288348,1,VP,False
bagging,region-entrenamiento-162,62.58,60.31,1,0.9694178838857923,1,VP,False
bagging,region-entrenamiento-163,83.03,77.1,0,0.005376344086021505,0,VN,False
bagging,region-entrenamiento-164,91.06,86.16,0,0.0,0,VN,False
bagging,region-entrenamiento-165,21.26,13.97,0,0.0760019550342131,0,VN,False
bagging,region-entrenamiento-166,36.83,68.62,0,0.7083237302838344,1,FP,False
bagging,region-entrenamiento-167,54.24,17.88,0,0.024193548387096774,0,VN,False
bagging,region-entrenamiento-168,39.17,44.2,1,0.7579489071234314,1,VP,False
bagging,region-entrenamiento-169,11.5,62.94,0,0.08870967741935484,0,VN,False
bagging,region-entrenamiento-170,73.25,5.53,0,0.10132340777502068,0,VN,False
bagging,region-entrenamiento-171,40.77,45.3,1,0.8105979143770172,1,VP,False
bagging,region-entrenamiento-172,60.89,58.84,1,0.950600679584717,1,VP,False
bagging,region-entrenamiento-173,61.33,19.72,0,0.04032258064516129,0,VN,False
bagging,region-entrenamiento-174,71.67,31.42,1,0.7847026277080374,1,VP,False
bagging,region-entrenamiento-175,77.09,12.17,0,0.0,0,VN,False
bagging,region-entrenamiento-176,85.72,36.35,0,0.012903225806451613,0,VN,False
bagging,region-entrenamiento-177,37.77,46.9,0,0.6426502273086224,1,FP,False
bagging,region-entrenamiento-178,48.1,81.24,0,0.0,0,VN,False
bagging,region-entrenamiento-179,24.81,13.9,1,0.4319159335288368,0,FN,False
bagging,region-entrenamiento-180,24.48,35.6,1,0.717855781970232,1,VP,False
bosque,region-entrenamiento-001,82.07,84.22,0,0.0,0,VN,False
bosque,region-entrenamiento-002,67.83,36.84,0,0.5743399433771949,1,FP,False
bosque,region-entrenamiento-003,93.87,66.74,0,0.02258064516129032,0,VN,False
bosque,region-entrenamiento-004,46.11,22.36,1,0.5133968001756675,1,VP,False
bosque,region-entrenamiento-005,34.41,40.89,1,0.8270166894642645,1,VP,False
bosque,region-entrenamiento-006,84.61,9.26,0,0.012903225806451613,0,VN,False
bosque,region-entrenamiento-007,45.99,65.49,1,0.9215087930621336,1,VP,False
bosque,region-entrenamiento-008,47.93,54.2,1,0.8637280804623808,1,VP,False
bosque,region-entrenamiento-009,88.15,49.69,0,0.03744239631336405,0,VN,False
bosque,region-entrenamiento-010,30.33,77.52,0,0.09372541306058223,0,VN,False
bosque,region-entrenamiento-011,84.11,67.1,0,0.02903225806451613,0,VN,False
bosque,region-entrenamiento-012,17.8,48.21,0,0.32235850171334046,0,VN,False
bosque,region-entrenamiento-013,58.9,84.16,0,0.1308477417585577,0,VN,False
bosque,region-entrenamiento-014,30.13,40.52,1,0.8327438627830179,1,VP,False
bosque,region-entrenamiento-015,8.21,88.67,0,0.15053763440860213,0,VN,False
bosque,region-entrenamiento-016,55.49,77.12,1,0.5313859199393554,1,VP,False
bosque,region-entrenamiento-017,60.78,59.38,1,0.8575815820896474,1,VP,False
bosque,region-entrenamiento-018,44.61,70.03,1,0.9225456594215806,1,VP,False
bosque,region-entrenamiento-019,61.2,36.07,1,0.7848189911673107,1,VP,False
bosque,region-entrenamiento-020,30.06,68.92,1,0.755291994947627,1,VP,False
bosque,region-entrenamiento-021,90.04,29.17,0,0.1629800307219662,0,VN,False
bosque,region-entrenamiento-022,36.73,50.07,1,0.6335728502027166,1,VP,False
bosque,region-entrenamiento-023,79.31,50.76,1,0.47682688939055656,0,FN,False
bosque,region-entrenamiento-024,5.36,18.62,0,0.01075268817204301,0,VN,False
bosque,region-entrenamiento-025,70.77,29.25,1,0.7605240944569815,1,VP,False
bosque,region-entrenamiento-026,92.4,66.43,0,0.02258064516129032,0,VN,False
bosque,region-entrenamiento-027,21.11,10.96,0,0.23527265745007678,0,VN,False
bosque,region-entrenamiento-028,55.45,44.64,1,0.8157973377346459,1,VP,False
bosque,region-entrenamiento-029,71.74,9.78,0,0.08333333333333333,0,VN,False
bosque,region-entrenamiento-030,82.87,6.32,0,0.04516129032258064,0,VN,False
bosque,region-entrenamiento-031,42.39,9.93,0,0.4565493941997495,0,VN,False
bosque,region-entrenamiento-032,6.47,79.93,0,0.07258064516129033,0,VN,False
bosque,region-entrenamiento-033,71.57,22.87,0,0.08748079877112135,0,VN,False
bosque,region-entrenamiento-034,36.02,9.2,0,0.22815520774104703,0,VN,False
bosque,region-entrenamiento-035,94.81,61.23,0,0.047926267281105994,0,VN,False
bosque,region-entrenamiento-036,71.02,40.33,1,0.7957282749098389,1,VP,False
bosque,region-entrenamiento-037,94.97,47.44,0,0.0705069124423963,0,VN,False
bosque,region-entrenamiento-038,22.42,83.86,0,0.05205874639391555,0,VN,False
bosque,region-entrenamiento-039,53.81,87.6,0,0.1548892834532793,0,VN,False
bosque,region-entrenamiento-040,48.42,27.14,0,0.3173766912523328,0,VN,False
bosque,region-entrenamiento-041,63.9,73.05,1,0.8140422308652867,1,VP,False
bosque,region-entrenamiento-042,31.59,62.68,1,0.8662698907532975,1,VP,False
bosque,region-entrenamiento-043,43.29,5.81,1,0.5695870286083518,1,VP,False
bosque,region-entrenamiento-044,42.27,51.86,1,0.886373280941082,1,VP,False
bosque,region-entrenamiento-045,85.14,92.15,0,0.06236559139784946,0,VN,False
bosque,region-entrenamiento-046,84.61,16.79,0,0.012903225806451613,0,VN,False
bosque,region-entrenamiento-047,26.36,17.51,0,0.04706221198156682,0,VN,False
bosque,region-entrenamiento-048,6.59,10.01,0,0.02258064516129032,0,VN,False
bosque,region-entrenamiento-049,32.89,61.21,1,0.8743344068823298,1,VP,False
bosque,region-entrenamiento-050,65.19,13.55,0,0.11590039266365128,0,VN,False
bosque,region-entrenamiento-051,46.86,47.94,1,0.8261881869562983,1,VP,False
bosque,region-entrenamiento-052,12.73,64.64,0,0.2079063883617963,0,VN,False
bosque,region-entrenamiento-053,34.32,68.9,1,0.7845110581880134,1,VP,False
bosque,region-entrenamiento-054,25.22,80.76,0,0.03055337004982953,0,VN,False
bosque,region-entrenamiento-055,33.51,64.74,1,0.8743344068823298,1,VP,False
bosque,region-entrenamiento-056,78.13,38.6,0,0.15854405451179646,0,VN,False
bosque,region-entrenamiento-057,27.91,64.44,0,0.42254797384958664,0,VN,False
bosque,region-entrenamiento-058,75.1,30.24,0,0.2790637677734452,0,VN,False
bosque,region-entrenamiento-059,5.55,38.82,0,0.1250751352434382,0,VN,False
bosque,region-entrenamiento-060,82.35,47.83,0,0.03744239631336405,0,VN,False
bosque,region-entrenamiento-061,83.72,16.92,0,0.012903225806451613,0,VN,False
bosque,region-entrenamiento-062,40.93,42.8,1,0.8334775196503809,1,VP,False
bosque,region-entrenamiento-063,50.29,64.63,1,0.8933747778510137,1,VP,False
bosque,region-entrenamiento-064,66.67,17.36,0,0.0,0,VN,False
bosque,region-entrenamiento-065,6.49,7.72,0,0.05376344086021505,0,VN,False
bosque,region-entrenamiento-066,36.73,18.17,0,0.2255875399620333,0,VN,False
bosque,region-entrenamiento-067,84.77,90.69,0,0.0,0,VN,False
bosque,region-entrenamiento-068,90.81,56.73,0,0.053302611367127495,0,VN,False
bosque,region-entrenamiento-069,90.27,27.85,1,0.31781874039938557,0,FN,False
bosque,region-entrenamiento-070,55.69,31.74,1,0.798547822169815,1,VP,False
bosque,region-entrenamiento-071,91.7,81.17,0,0.0,0,VN,False
bosque,region-entrenamiento-072,16.6,49.92,0,0.037427626137303556,0,VN,False
bosque,region-entrenamiento-073,57.55,50.08,1,0.8246983027915863,1,VP,False
bosque,region-entrenamiento-074,54.34,32.79,1,0.798547822169815,1,VP,False
bosque,region-entrenamiento-075,45.68,10.51,1,0.6158235877481367,1,VP,False
bosque,region-entrenamiento-076,40.95,66.17,1,0.873633265580099,1,VP,False
bosque,region-entrenamiento-077,43.38,88.31,0,0.15911038362245186,0,VN,False
bosque,region-entrenamiento-078,87.37,80.92,0,0.0,0,VN,False
bosque,region-entrenamiento-079,38.1,20.34,0,0.23042624963945266,0,VN,False
bosque,region-entrenamiento-080,17.62,14.99,0,0.0,0,VN,False
bosque,region-entrenamiento-081,36.85,45.13,1,0.7167687667587865,1,VP,False
bosque,region-entrenamiento-082,55.2,19.8,0,0.19305093029805984,0,VN,False
bosque,region-entrenamiento-083,72.31,42.28,1,0.7769110706087637,1,VP,False
bosque,region-entrenamiento-084,33.61,58.14,1,0.8711086004307169,1,VP,False
bosque,region-entrenamiento-085,69.83,30.4,1,0.6852552772526804,1,VP,False
bosque,region-entrenamiento-086,81.32,14.53,0,0.012903225806451613,0,VN,False
bosque,region-entrenamiento-087,17.77,60.55,1,0.500709767778079,1,VP,False
bosque,region-entrenamiento-088,83.27,16.02,0,0.012903225806451613,0,VN,False
bosque,region-entrenamiento-089,17.61,49.18,0,0.08224329434006854,0,VN,False
bosque,region-entrenamiento-090,11.17,26.07,0,0.0064516129032258064,0,VN,False
bosque,region-entrenamiento-091,86.33,57.41,0,0.05437788018433179,0,VN,False
bosque,region-entrenamiento-092,76.41,58.19,1,0.5032442891950532,1,VP,False
bosque,region-entrenamiento-093,10.88,23.32,0,0.017204301075268817,0,VN,False
bosque,region-entrenamiento-094,33.71,44.63,1,0.859801271888066,1,VP,False
bosque,region-entrenamiento-095,31.47,18.38,1,0.34430430706589715,0,FN,False
bosque,region-entrenamiento-096,90.64,73.47,0,0.060215053763440864,0,VN,False
bosque,region-entrenamiento-097,83.34,77.1,0,0.0064516129032258064,0,VN,False
bosque,region-entrenamiento-098,41.28,50.51,0,0.7776828591670439,1,FP,False
bosque,region-entrenamiento-099,90.56,83.86,0,0.04301075268817204,0,VN,False
bosque,region-entrenamiento-100,17.87,56.2,1,0.5564895102104779,1,VP,False
bosque,region-entrenamiento-101,25.84,8.07,0,0.22152457757296468,0,VN,False
bosque,region-entrenamiento-102,34.07,82.75,0,0.12302648832939943,0,VN,False
bosque,region-entrenamiento-103,18.49,69.74,0,0.4527408395263232,0,VN,False
bosque,region-entrenamiento-104,26.92,6.98,0,0.23120199692780338,0,VN,False
bosque,region-entrenamiento-105,48.29,41.86,1,0.848519900407648,1,VP,False
bosque,region-entrenamiento-106,66.22,28.33,1,0.5633983707183545,1,VP,False
bosque,region-entrenamiento-107,34.74,46.6,1,0.7858906889791808,1,VP,False
bosque,region-entrenamiento-108,80.95,28.47,0,0.10599078341013825,0,VN,False
bosque,region-entrenamiento-109,86.43,86.97,0,0.0,0,VN,False
bosque,region-entrenamiento-110,51.33,35.01,0,0.7500753866006052,1,FP,False
bosque,region-entrenamiento-111,62.46,90.98,0,0.21703467310677935,0,VN,False
bosque,region-entrenamiento-112,47.92,49.38,0,0.7914784893630444,1,FP,False
bosque,region-entrenamiento-113,54.19,38.16,1,0.8008778450880732,1,VP,False
bosque,region-entrenamiento-114,9.77,14.91,0,0.0,0,VN,False
bosque,region-entrenamiento-115,66.62,86.11,0,0.18812460468058192,0,VN,False
bosque,region-entrenamiento-116,84.8,12.75,0,0.034408602150537634,0,VN,False
bosque,region-entrenamiento-117,14.04,40.46,0,0.13313965137247047,0,VN,False
bosque,region-entrenamiento-118,51.17,70.08,1,0.902476160339493,1,VP,False
bosque,region-entrenamiento-119,74.88,51.19,1,0.6420051698914179,1,VP,False
bosque,region-entrenamiento-120,42.09,70.69,1,0.9046912532913124,1,VP,False
bosque,region-entrenamiento-121,46.38,64.75,1,0.9215087930621336,1,VP,False
bosque,region-entrenamiento-122,73.2,71.3,0,0.4890481806441059,0,VN,False
bosque,region-entrenamiento-123,21.71,25.02,0,0.08834485407066052,0,VN,False
bosque,region-entrenamiento-124,87.27,56.13,0,0.09201228878648232,0,VN,False
bosque,region-entrenamiento-125,45.19,45.24,1,0.8597745195479457,1,VP,False
bosque,region-entrenamiento-126,15.48,88.73,0,0.20698924731182794,0,VN,False
bosque,region-entrenamiento-127,72.36,69.48,1,0.7631322559615781,1,VP,False
bosque,region-entrenamiento-128,61.49,70.12,1,0.8699562093599102,1,VP,False
bosque,region-entrenamiento-129,29.63,30.8,1,0.5482507813605104,1,VP,False
bosque,region-entrenamiento-130,85.65,94.45,0,0.06236559139784946,0,VN,False
bosque,region-entrenamiento-131,72.77,11.32,0,0.029569892473118278,0,VN,False
bosque,region-entrenamiento-132,15.56,57.0,0,0.185118960735659,0,VN,False
bosque,region-entrenamiento-133,20.71,75.18,0,0.3041816093826529,0,VN,False
bosque,region-entrenamiento-134,63.3,42.47,1,0.7948695617891388,1,VP,False
bosque,region-entrenamiento-135,25.61,22.02,0,0.08047235023041475,0,VN,False
bosque,region-entrenamiento-136,5.19,17.7,0,0.0,0,VN,False
bosque,region-entrenamiento-137,46.89,66.02,1,0.9069926640298756,1,VP,False
bosque,region-entrenamiento-138,25.4,17.17,0,0.05627880184331797,0,VN,False
bosque,region-entrenamiento-139,38.21,16.0,0,0.11444553032169215,0,VN,False
bosque,region-entrenamiento-140,87.84,85.32,0,0.0,0,VN,False
bosque,region-entrenamiento-141,70.56,22.62,0,0.09823348694316436,0,VN,False
bosque,region-entrenamiento-142,21.3,44.61,1,0.538735264125833,1,VP,False
bosque,region-entrenamiento-143,5.63,57.92,0,0.10017272417651923,0,VN,False
bosque,region-entrenamiento-144,62.8,64.04,1,0.8766676035950237,1,VP,False
bosque,region-entrenamiento-145,52.34,90.89,0,0.14951293936725776,0,VN,False
bosque,region-entrenamiento-146,59.2,44.35,0,0.7010678273040428,1,FP,False
bosque,region-entrenamiento-147,90.34,48.09,0,0.13636712749615973,0,VN,False
bosque,region-entrenamiento-148,29.72,50.65,0,0.41060007662879416,0,VN,False
bosque,region-entrenamiento-149,80.13,84.74,0,0.08870967741935484,0,VN,False
bosque,region-entrenamiento-150,77.09,11.85,0,0.016129032258064516,0,VN,False
bosque,region-entrenamiento-151,67.34,13.89,0,0.02150537634408602,0,VN,False
bosque,region-entrenamiento-152,9.2,16.53,0,0.0,0,VN,False
bosque,region-entrenamiento-153,47.29,69.72,1,0.9306101755506129,1,VP,False
bosque,region-entrenamiento-154,91.75,12.39,0,0.09032258064516127,0,VN,False
bosque,region-entrenamiento-155,12.26,92.42,1,0.36344086021505373,0,FN,False
bosque,region-entrenamiento-156,33.61,16.03,0,0.23047412538254528,0,VN,False
bosque,region-entrenamiento-157,43.73,34.58,1,0.8263251172621008,1,VP,False
bosque,region-entrenamiento-158,50.1,49.29,1,0.8038440807608939,1,VP,False
bosque,region-entrenamiento-159,92.8,91.68,0,0.016129032258064516,0,VN,False
bosque,region-entrenamiento-160,78.77,33.57,0,0.21607093623222656,0,VN,False
bosque,region-entrenamiento-161,49.56,75.0,1,0.7895729345330413,1,VP,False
bosque,region-entrenamiento-162,62.58,60.31,1,0.8766676035950237,1,VP,False
bosque,region-entrenamiento-163,83.03,77.1,0,0.0064516129032258064,0,VN,False
bosque,region-entrenamiento-164,91.06,86.16,0,0.0,0,VN,False
bosque,region-entrenamiento-165,21.26,13.97,0,0.17882104454685097,0,VN,False
bosque,region-entrenamiento-166,36.83,68.62,0,0.6457175935880971,1,FP,False
bosque,region-entrenamiento-167,54.24,17.88,0,0.17423372599698458,0,VN,False
bosque,region-entrenamiento-168,39.17,44.2,1,0.7595218187435872,1,VP,False
bosque,region-entrenamiento-169,11.5,62.94,0,0.14607843137254903,0,VN,False
bosque,region-entrenamiento-170,73.25,5.53,0,0.1021505376344086,0,VN,False
bosque,region-entrenamiento-171,40.77,45.3,1,0.8176061880956876,1,VP,False
bosque,region-entrenamiento-172,60.89,58.84,1,0.8575815820896474,1,VP,False
bosque,region-entrenamiento-173,61.33,19.72,0,0.14331974750236096,0,VN,False
bosque,region-entrenamiento-174,71.67,31.42,1,0.7524595783279493,1,VP,False
bosque,region-entrenamiento-175,77.09,12.17,0,0.016129032258064516,0,VN,False
bosque,region-entrenamiento-176,85.72,36.35,0,0.04685099846390168,0,VN,False
bosque,region-entrenamiento-177,37.77,46.9,0,0.6232746000657566,1,FP,False
bosque,region-entrenamiento-178,48.1,81.24,0,0.1242559383038051,0,VN,False
bosque,region-entrenamiento-179,24.81,13.9,1,0.43957373271889405,0,FN,False
bosque,region-entrenamiento-180,24.48,35.6,1,0.6562982433399157,1,VP,False
