caso_id,horas_planificadas,consumo_kwh
lineal-entrenamiento-01,1.00,4.60000
lineal-entrenamiento-02,1.00,5.00000
lineal-entrenamiento-03,1.00,5.40000
lineal-entrenamiento-04,2.00,6.60000
lineal-entrenamiento-05,2.00,7.00000
lineal-entrenamiento-06,2.00,7.40000
lineal-entrenamiento-07,3.00,8.60000
lineal-entrenamiento-08,3.00,9.00000
lineal-entrenamiento-09,3.00,9.40000
lineal-entrenamiento-10,4.00,10.60000
lineal-entrenamiento-11,4.00,11.00000
lineal-entrenamiento-12,4.00,11.40000
lineal-entrenamiento-13,5.00,12.60000
lineal-entrenamiento-14,5.00,13.00000
lineal-entrenamiento-15,5.00,13.40000
lineal-entrenamiento-16,6.00,14.60000
lineal-entrenamiento-17,6.00,15.00000
lineal-entrenamiento-18,6.00,15.40000
lineal-entrenamiento-19,7.00,16.60000
lineal-entrenamiento-20,7.00,17.00000
lineal-entrenamiento-21,7.00,17.40000
lineal-entrenamiento-22,8.00,18.60000
lineal-entrenamiento-23,8.00,19.00000
lineal-entrenamiento-24,8.00,19.40000
