caso_id,real,prediccion
C-entrenamiento-000,34.1169,34.72722476411626
C-entrenamiento-001,18.6668,18.944696132088502
C-entrenamiento-002,26.7331,26.567612540901067
C-entrenamiento-003,25.7056,25.78515596395563
C-entrenamiento-004,34.1156,34.69688079693959
C-entrenamiento-005,30.728,31.328967144721325
C-entrenamiento-006,18.8067,19.131548079923114
C-entrenamiento-007,25.8239,25.84018647773409
C-entrenamiento-008,14.9568,15.031106561334747
C-entrenamiento-009,20.7468,20.876633350972643
C-entrenamiento-010,28.2252,28.124311309696658
C-entrenamiento-011,22.7859,22.414150412517724
C-entrenamiento-012,31.5307,31.66816899211332
C-entrenamiento-013,26.1588,26.494742386667873
C-entrenamiento-014,16.88,16.965371282700925
C-entrenamiento-015,11.2731,12.243482160001156
C-entrenamiento-016,31.7641,32.16668292576537
C-entrenamiento-017,35.4555,34.613755231841864
C-entrenamiento-018,19.2219,18.961722369182674
C-entrenamiento-019,35.388,35.1728163283016
C-entrenamiento-020,20.0628,20.200211659150412
C-entrenamiento-021,17.8133,17.72975082889478
C-entrenamiento-022,19.4114,19.355310557886128
C-entrenamiento-023,24.8695,25.11274505442123
C-entrenamiento-024,12.6451,13.069475708088335
C-entrenamiento-025,34.7829,35.08921782561594
C-entrenamiento-026,17.9842,18.262222601782405
C-entrenamiento-027,29.1869,29.279566999190244
C-entrenamiento-028,13.3234,13.454504692063367
C-entrenamiento-029,20.3167,20.317900416180986
C-entrenamiento-030,19.352,19.64909044173087
C-entrenamiento-031,16.6286,17.017905053010246
C-entrenamiento-032,34.3519,34.52239361372004
C-entrenamiento-033,31.8324,31.25978516141374
C-entrenamiento-034,27.4273,27.51949127477908
C-entrenamiento-035,28.4134,28.174626616691533
C-entrenamiento-036,20.0476,20.171505454917106
C-entrenamiento-037,30.7769,30.82587486093906
C-entrenamiento-038,16.3256,16.291587902092473
C-entrenamiento-039,18.8968,19.43673666525231
C-entrenamiento-040,23.6873,24.038074940731235
C-entrenamiento-041,13.4934,13.32612729258168
C-entrenamiento-042,17.935,17.573022321698836
C-entrenamiento-043,27.4468,27.75171451259614
C-entrenamiento-044,24.5503,24.595449879610744
C-entrenamiento-045,23.7692,24.08183251240413
C-entrenamiento-046,16.3427,16.32848167288195
C-entrenamiento-047,23.8713,23.868124608293275
C-entrenamiento-048,30.81,31.103547894727175
C-entrenamiento-049,23.3601,22.979880496146215
C-entrenamiento-050,26.2593,26.428226538151982
C-entrenamiento-051,22.8978,22.677642946659937
C-entrenamiento-052,24.665,24.03053882004501
C-entrenamiento-053,12.7889,12.807259631061449
C-entrenamiento-054,30.5136,30.306580299399087
C-entrenamiento-055,36.0513,36.11052959407724
C-entrenamiento-056,17.5335,17.282798218701913
C-entrenamiento-057,27.3851,27.0807885998717
C-entrenamiento-058,27.6096,28.34059271818269
C-entrenamiento-059,31.4515,31.17935852163375
C-entrenamiento-060,25.7755,25.890186078051613
C-entrenamiento-061,35.2622,34.57379075497133
C-entrenamiento-062,26.864,27.384184555463076
C-entrenamiento-063,34.7085,34.58854896754488
C-entrenamiento-064,35.2818,34.997528127563555
C-entrenamiento-065,28.3913,28.759240724724613
C-entrenamiento-066,21.6973,21.68940603998856
C-entrenamiento-067,21.4397,21.069165110764466
C-entrenamiento-068,23.9426,24.459736456816056
C-entrenamiento-069,23.6643,24.35460453933503
C-entrenamiento-070,21.0147,21.304431230533922
C-entrenamiento-071,27.3984,27.264726309112792
C-entrenamiento-072,25.9488,26.17643938689815
C-entrenamiento-073,12.824,12.575343892573212
C-entrenamiento-074,17.4155,17.17967274117229
C-entrenamiento-075,19.6619,19.912373884495143
C-entrenamiento-076,15.1364,14.58672018875699
C-entrenamiento-077,20.0233,19.09134513566833
C-entrenamiento-078,29.9262,29.7543585202207
C-entrenamiento-079,25.2848,25.00316903178549
C-entrenamiento-080,14.7239,14.69634757978267
C-entrenamiento-081,10.2803,10.87460003064964
C-entrenamiento-082,17.1506,16.40093700521908
C-entrenamiento-083,20.1694,20.49394278753075
C-entrenamiento-084,14.688,14.693230519973747
C-entrenamiento-085,17.0799,17.72736092850431
C-entrenamiento-086,25.4491,25.263934316659505
C-entrenamiento-087,27.5771,27.917627542382764
C-entrenamiento-088,18.9731,19.091086834919725
C-entrenamiento-089,29.4794,29.494675614789674
C-entrenamiento-090,18.3407,17.44265110073154
C-entrenamiento-091,14.8502,14.531369379467757
C-entrenamiento-092,27.7136,27.139331646323818
C-entrenamiento-093,20.8854,20.875450728463534
C-entrenamiento-094,34.7502,34.790552149568896
C-entrenamiento-095,28.9416,28.678362387658456
C-entrenamiento-096,33.6206,32.76728675434772
C-entrenamiento-097,16.597,16.726500132192676
C-entrenamiento-098,35.832,35.71517750577875
C-entrenamiento-099,26.1401,25.657517510337215
C-entrenamiento-100,30.6236,30.83054835538662
C-entrenamiento-101,13.8386,13.621706261787317
C-entrenamiento-102,23.443,23.35850122821357
C-entrenamiento-103,17.3322,16.88340582412299
C-entrenamiento-104,18.675,18.80472250090417
C-entrenamiento-105,23.0455,22.251377603842116
C-entrenamiento-106,33.4834,33.73495186090787
C-entrenamiento-107,19.9071,20.229055599772003
C-entrenamiento-108,15.9653,15.756833294973989
C-entrenamiento-109,25.0956,24.4160895149103
C-entrenamiento-110,24.8909,24.7214053361102
C-entrenamiento-111,37.2948,36.678057048961584
C-entrenamiento-112,20.8686,20.210768095736615
C-entrenamiento-113,34.4847,34.387973792687944
C-entrenamiento-114,33.7823,33.88484591999356
C-entrenamiento-115,26.8569,27.481038794019828
C-entrenamiento-116,29.0618,29.48808172213586
C-entrenamiento-117,24.6013,25.034450576206098
C-entrenamiento-118,13.663,13.599460084594696
C-entrenamiento-119,21.3401,21.750304015851096
C-entrenamiento-120,14.6763,14.4818721971644
C-entrenamiento-121,20.3446,20.570401990277205
C-entrenamiento-122,17.5713,17.576314842594297
C-entrenamiento-123,33.7677,34.22905914095941
C-entrenamiento-124,22.1494,22.895233816325494
C-entrenamiento-125,32.991,32.52761130180346
C-entrenamiento-126,11.4918,11.859110577697352
C-entrenamiento-127,28.6936,28.17113657787555
C-entrenamiento-128,32.9594,33.2021639567619
C-entrenamiento-129,26.4009,26.477967600398852
C-entrenamiento-130,28.9049,28.54569965806591
C-entrenamiento-131,13.8452,14.322894764568261
C-entrenamiento-132,13.8457,13.710592730375685
C-entrenamiento-133,27.5969,26.970407712175447
C-entrenamiento-134,21.4684,21.067223608350783
C-entrenamiento-135,13.524,13.271048363282375
C-entrenamiento-136,34.6642,34.764443104888684
C-entrenamiento-137,34.5692,34.40163517998186
C-entrenamiento-138,31.3212,31.189828593818415
C-entrenamiento-139,23.7866,24.967723147442978
C-entrenamiento-140,24.3917,24.079042116045564
C-entrenamiento-141,27.2659,27.49306433287397
C-entrenamiento-142,10.8856,10.724894635024762
C-entrenamiento-143,16.5374,16.88851625690648
C-entrenamiento-144,34.5549,34.55631259391323
C-entrenamiento-145,26.2261,25.977579943677146
C-entrenamiento-146,26.0812,26.46220564327163
C-entrenamiento-147,27.3948,27.61125744745386
C-entrenamiento-148,25.8739,25.987355986912966
C-entrenamiento-149,17.8931,17.68474490457289
C-entrenamiento-150,24.4734,24.691274308954984
C-entrenamiento-151,14.3502,14.068257722404173
C-entrenamiento-152,14.8722,15.013073048855306
C-entrenamiento-153,15.5344,15.359833371392348
C-entrenamiento-154,27.2259,27.430504736693194
C-entrenamiento-155,22.8246,23.112571374872974
C-entrenamiento-156,30.9755,30.680522658305
C-entrenamiento-157,29.0996,29.01263549769405
C-entrenamiento-158,16.7008,16.297062862018823
C-entrenamiento-159,21.1777,20.58683951175519
