caso_id,senal_a,revision_confirmada
franja-prueba-001,1.875,0
franja-prueba-002,4.375,0
franja-prueba-003,6.875,0
franja-prueba-004,9.375,0
franja-prueba-005,11.875,0
franja-prueba-006,14.375,0
franja-prueba-007,16.875,0
franja-prueba-008,19.375,0
franja-prueba-009,21.875,1
franja-prueba-010,24.375,0
franja-prueba-011,26.875,0
franja-prueba-012,29.375,0
franja-prueba-013,31.875,1
franja-prueba-014,34.375,1
franja-prueba-015,36.875,1
franja-prueba-016,39.375,1
franja-prueba-017,41.875,1
franja-prueba-018,44.375,1
franja-prueba-019,46.875,1
franja-prueba-020,49.375,1
franja-prueba-021,51.875,1
franja-prueba-022,54.375,1
franja-prueba-023,56.875,1
franja-prueba-024,59.375,1
franja-prueba-025,61.875,1
franja-prueba-026,64.375,1
franja-prueba-027,66.875,1
franja-prueba-028,69.375,1
franja-prueba-029,71.875,0
franja-prueba-030,74.375,0
franja-prueba-031,76.875,1
franja-prueba-032,79.375,0
franja-prueba-033,81.875,0
franja-prueba-034,84.375,0
franja-prueba-035,86.875,0
franja-prueba-036,89.375,0
franja-prueba-037,91.875,0
franja-prueba-038,94.375,0
franja-prueba-039,96.875,0
franja-prueba-040,99.375,0
