caso_id,grupo,lectura,requiere_revision
A-entrenamiento-estandar-000,estandar,0.85704,1
A-entrenamiento-estandar-001,estandar,0.05766,0
A-entrenamiento-estandar-002,estandar,0.32494,0
A-entrenamiento-estandar-003,estandar,0.87088,1
A-entrenamiento-estandar-004,estandar,0.62424,1
A-entrenamiento-estandar-005,estandar,0.19576,0
A-entrenamiento-estandar-006,estandar,0.22186,0
A-entrenamiento-estandar-007,estandar,0.64573,1
A-entrenamiento-estandar-008,estandar,0.88500,1
A-entrenamiento-estandar-009,estandar,0.74782,1
A-entrenamiento-estandar-010,estandar,0.98965,1
A-entrenamiento-estandar-011,estandar,0.46923,0
A-entrenamiento-estandar-012,estandar,0.77260,1
A-entrenamiento-estandar-013,estandar,0.96648,1
A-entrenamiento-estandar-014,estandar,0.69986,1
A-entrenamiento-estandar-015,estandar,0.21017,0
A-entrenamiento-estandar-016,estandar,0.74075,1
A-entrenamiento-estandar-017,estandar,0.10510,0
A-entrenamiento-estandar-018,estandar,0.76653,1
A-entrenamiento-estandar-019,estandar,0.59370,1
A-entrenamiento-estandar-020,estandar,0.78961,1
A-entrenamiento-estandar-021,estandar,0.30239,0
A-entrenamiento-estandar-022,estandar,0.89520,1
A-entrenamiento-estandar-023,estandar,0.44040,0
A-entrenamiento-estandar-024,estandar,0.66580,1
A-entrenamiento-estandar-025,estandar,0.21870,0
A-entrenamiento-estandar-026,estandar,0.38796,0
A-entrenamiento-estandar-027,estandar,0.29498,0
A-entrenamiento-estandar-028,estandar,0.14320,0
A-entrenamiento-estandar-029,estandar,0.88671,1
A-entrenamiento-estandar-030,estandar,0.28928,0
A-entrenamiento-estandar-031,estandar,0.63568,1
A-entrenamiento-estandar-032,estandar,0.07558,0
A-entrenamiento-estandar-033,estandar,0.60345,1
A-entrenamiento-estandar-034,estandar,0.20679,0
A-entrenamiento-estandar-035,estandar,0.25275,0
A-entrenamiento-estandar-036,estandar,0.74692,1
A-entrenamiento-estandar-037,estandar,0.78275,1
A-entrenamiento-estandar-038,estandar,0.33534,0
A-entrenamiento-estandar-039,estandar,1.00000,1
A-entrenamiento-estandar-040,estandar,0.43588,0
A-entrenamiento-estandar-041,estandar,0.00000,0
A-entrenamiento-estandar-042,estandar,0.81567,1
A-entrenamiento-estandar-043,estandar,0.67023,1
A-entrenamiento-estandar-044,estandar,0.01555,0
A-entrenamiento-estandar-045,estandar,0.02864,0
A-entrenamiento-estandar-046,estandar,0.55098,1
A-entrenamiento-estandar-047,estandar,0.62136,1
A-entrenamiento-estandar-048,estandar,0.85296,1
A-entrenamiento-estandar-049,estandar,0.25730,0
A-entrenamiento-estandar-050,estandar,0.78676,1
A-entrenamiento-estandar-051,estandar,0.94367,1
A-entrenamiento-estandar-052,estandar,0.80161,1
A-entrenamiento-estandar-053,estandar,0.48054,0
A-entrenamiento-estandar-054,estandar,0.15977,0
A-entrenamiento-estandar-055,estandar,0.42465,0
A-entrenamiento-estandar-056,estandar,0.17778,0
A-entrenamiento-estandar-057,estandar,0.38329,0
A-entrenamiento-estandar-058,estandar,0.86814,1
A-entrenamiento-estandar-059,estandar,0.69352,1
A-entrenamiento-estandar-060,estandar,0.86484,1
A-entrenamiento-estandar-061,estandar,0.30972,0
A-entrenamiento-estandar-062,estandar,0.23511,0
A-entrenamiento-estandar-063,estandar,0.06092,0
A-entrenamiento-estandar-064,estandar,0.96275,1
A-entrenamiento-estandar-065,estandar,0.96303,1
A-entrenamiento-estandar-066,estandar,0.85972,1
A-entrenamiento-estandar-067,estandar,0.07007,0
A-entrenamiento-estandar-068,estandar,0.45530,0
A-entrenamiento-estandar-069,estandar,0.66338,1
A-entrenamiento-estandar-070,estandar,0.91820,1
A-entrenamiento-estandar-071,estandar,0.39002,0
A-entrenamiento-estandar-072,estandar,0.57945,1
A-entrenamiento-estandar-073,estandar,0.52814,1
A-entrenamiento-estandar-074,estandar,0.67566,1
A-entrenamiento-estandar-075,estandar,0.08895,0
A-entrenamiento-estandar-076,estandar,0.14795,0
A-entrenamiento-estandar-077,estandar,0.49754,0
A-entrenamiento-estandar-078,estandar,0.74631,1
A-entrenamiento-estandar-079,estandar,0.37860,0
A-entrenamiento-estandar-080,estandar,0.24306,0
A-entrenamiento-estandar-081,estandar,0.25586,0
A-entrenamiento-estandar-082,estandar,0.13458,0
A-entrenamiento-estandar-083,estandar,0.89720,1
A-entrenamiento-estandar-084,estandar,0.14892,0
A-entrenamiento-estandar-085,estandar,0.31349,0
A-entrenamiento-estandar-086,estandar,0.37169,0
A-entrenamiento-estandar-087,estandar,0.38496,0
A-entrenamiento-estandar-088,estandar,0.09350,0
A-entrenamiento-estandar-089,estandar,0.47690,0
A-entrenamiento-estandar-090,estandar,0.00000,0
A-entrenamiento-estandar-091,estandar,0.49922,0
A-entrenamiento-estandar-092,estandar,0.16060,0
A-entrenamiento-estandar-093,estandar,0.54835,0
A-entrenamiento-estandar-094,estandar,0.93349,1
A-entrenamiento-estandar-095,estandar,0.39338,0
A-entrenamiento-estandar-096,estandar,0.17733,0
A-entrenamiento-estandar-097,estandar,0.09984,0
A-entrenamiento-estandar-098,estandar,0.52565,0
A-entrenamiento-estandar-099,estandar,0.00394,0
A-entrenamiento-estandar-100,estandar,0.71066,1
A-entrenamiento-estandar-101,estandar,0.29392,0
A-entrenamiento-estandar-102,estandar,0.58130,1
A-entrenamiento-estandar-103,estandar,0.70681,1
A-entrenamiento-estandar-104,estandar,0.08059,0
A-entrenamiento-estandar-105,estandar,0.56262,1
A-entrenamiento-estandar-106,estandar,0.77842,1
A-entrenamiento-estandar-107,estandar,0.79893,1
A-entrenamiento-estandar-108,estandar,0.91620,1
A-entrenamiento-estandar-109,estandar,0.82161,1
A-entrenamiento-estandar-110,estandar,0.92309,1
A-entrenamiento-estandar-111,estandar,0.98538,1
A-entrenamiento-estandar-112,estandar,0.79882,1
A-entrenamiento-estandar-113,estandar,0.60182,1
A-entrenamiento-estandar-114,estandar,0.05901,0
A-entrenamiento-estandar-115,estandar,0.86236,1
A-entrenamiento-estandar-116,estandar,0.92102,1
A-entrenamiento-estandar-117,estandar,0.52029,0
A-entrenamiento-estandar-118,estandar,1.00000,1
A-entrenamiento-estandar-119,estandar,0.34925,0
A-entrenamiento-estandar-120,estandar,0.17255,0
A-entrenamiento-estandar-121,estandar,0.00884,0
A-entrenamiento-estandar-122,estandar,0.06243,0
A-entrenamiento-estandar-123,estandar,1.00000,1
A-entrenamiento-estandar-124,estandar,0.65521,1
A-entrenamiento-estandar-125,estandar,0.67996,1
A-entrenamiento-estandar-126,estandar,0.35319,0
A-entrenamiento-estandar-127,estandar,0.08127,0
A-entrenamiento-estandar-128,estandar,0.33444,0
A-entrenamiento-estandar-129,estandar,0.90653,1
A-entrenamiento-estandar-130,estandar,0.66606,1
A-entrenamiento-estandar-131,estandar,0.94358,1
A-entrenamiento-estandar-132,estandar,0.80008,1
A-entrenamiento-estandar-133,estandar,0.52918,0
A-entrenamiento-estandar-134,estandar,0.92282,1
A-entrenamiento-estandar-135,estandar,0.86597,1
A-entrenamiento-estandar-136,estandar,0.57937,1
A-entrenamiento-estandar-137,estandar,0.00000,0
A-entrenamiento-estandar-138,estandar,0.70930,1
A-entrenamiento-estandar-139,estandar,0.53188,0
A-entrenamiento-estandar-140,estandar,0.07905,0
A-entrenamiento-estandar-141,estandar,0.74957,1
A-entrenamiento-estandar-142,estandar,0.04428,0
A-entrenamiento-estandar-143,estandar,0.04987,0
A-entrenamiento-estandar-144,estandar,0.60494,1
A-entrenamiento-estandar-145,estandar,0.51219,0
A-entrenamiento-estandar-146,estandar,0.21708,0
A-entrenamiento-estandar-147,estandar,0.57445,1
A-entrenamiento-estandar-148,estandar,0.61338,1
A-entrenamiento-estandar-149,estandar,0.11626,0
A-entrenamiento-estandar-150,estandar,0.68231,1
A-entrenamiento-estandar-151,estandar,0.25947,0
A-entrenamiento-estandar-152,estandar,0.75651,1
A-entrenamiento-estandar-153,estandar,0.03514,0
A-entrenamiento-estandar-154,estandar,0.26474,0
A-entrenamiento-estandar-155,estandar,0.82364,1
A-entrenamiento-estandar-156,estandar,0.08624,0
A-entrenamiento-estandar-157,estandar,0.81423,1
A-entrenamiento-estandar-158,estandar,0.56716,0
A-entrenamiento-estandar-159,estandar,0.70031,1
A-entrenamiento-estandar-160,estandar,0.88913,1
A-entrenamiento-estandar-161,estandar,0.82475,1
A-entrenamiento-estandar-162,estandar,0.48133,0
A-entrenamiento-estandar-163,estandar,0.19833,0
A-entrenamiento-estandar-164,estandar,0.84342,1
A-entrenamiento-estandar-165,estandar,0.39441,0
A-entrenamiento-estandar-166,estandar,0.65953,1
A-entrenamiento-estandar-167,estandar,0.44723,0
A-entrenamiento-estandar-168,estandar,0.04734,0
A-entrenamiento-estandar-169,estandar,0.30127,0
A-entrenamiento-estandar-170,estandar,0.11245,0
A-entrenamiento-estandar-171,estandar,0.79145,1
A-entrenamiento-estandar-172,estandar,0.64556,1
A-entrenamiento-estandar-173,estandar,0.46428,0
A-entrenamiento-estandar-174,estandar,0.54973,0
A-entrenamiento-estandar-175,estandar,0.42536,0
A-entrenamiento-estandar-176,estandar,0.04358,0
A-entrenamiento-estandar-177,estandar,0.06541,0
A-entrenamiento-estandar-178,estandar,0.13590,0
A-entrenamiento-estandar-179,estandar,0.12302,0
A-entrenamiento-desplazado-000,desplazado,0.00000,0
A-entrenamiento-desplazado-001,desplazado,0.32895,1
A-entrenamiento-desplazado-002,desplazado,0.42840,1
A-entrenamiento-desplazado-003,desplazado,0.18833,0
A-entrenamiento-desplazado-004,desplazado,0.08473,0
A-entrenamiento-desplazado-005,desplazado,0.33170,1
A-entrenamiento-desplazado-006,desplazado,0.17282,0
A-entrenamiento-desplazado-007,desplazado,0.06556,0
A-entrenamiento-desplazado-008,desplazado,0.00000,0
A-entrenamiento-desplazado-009,desplazado,0.00000,0
A-entrenamiento-desplazado-010,desplazado,0.38778,1
A-entrenamiento-desplazado-011,desplazado,0.21469,0
A-entrenamiento-desplazado-012,desplazado,0.00000,0
A-entrenamiento-desplazado-013,desplazado,0.00481,0
A-entrenamiento-desplazado-014,desplazado,0.00000,0
A-entrenamiento-desplazado-015,desplazado,0.61823,1
A-entrenamiento-desplazado-016,desplazado,0.16787,0
A-entrenamiento-desplazado-017,desplazado,0.00000,0
A-entrenamiento-desplazado-018,desplazado,0.00000,0
A-entrenamiento-desplazado-019,desplazado,0.00000,0
A-entrenamiento-desplazado-020,desplazado,0.00000,0
A-entrenamiento-desplazado-021,desplazado,0.00000,0
A-entrenamiento-desplazado-022,desplazado,0.47270,1
A-entrenamiento-desplazado-023,desplazado,0.48360,1
A-entrenamiento-desplazado-024,desplazado,0.55222,1
A-entrenamiento-desplazado-025,desplazado,0.33487,1
A-entrenamiento-desplazado-026,desplazado,0.12242,0
A-entrenamiento-desplazado-027,desplazado,0.31172,1
A-entrenamiento-desplazado-028,desplazado,0.08754,0
A-entrenamiento-desplazado-029,desplazado,0.02043,0
A-entrenamiento-desplazado-030,desplazado,0.30184,1
A-entrenamiento-desplazado-031,desplazado,0.44055,1
A-entrenamiento-desplazado-032,desplazado,0.00000,0
A-entrenamiento-desplazado-033,desplazado,0.69130,1
A-entrenamiento-desplazado-034,desplazado,0.18931,0
A-entrenamiento-desplazado-035,desplazado,0.38974,1
A-entrenamiento-desplazado-036,desplazado,0.16135,0
A-entrenamiento-desplazado-037,desplazado,0.49655,1
A-entrenamiento-desplazado-038,desplazado,0.04848,0
A-entrenamiento-desplazado-039,desplazado,0.60411,1
A-entrenamiento-desplazado-040,desplazado,0.41412,1
A-entrenamiento-desplazado-041,desplazado,0.23793,1
A-entrenamiento-desplazado-042,desplazado,0.29694,1
A-entrenamiento-desplazado-043,desplazado,0.76454,1
A-entrenamiento-desplazado-044,desplazado,0.47337,1
A-entrenamiento-desplazado-045,desplazado,0.26956,0
A-entrenamiento-desplazado-046,desplazado,0.08288,0
A-entrenamiento-desplazado-047,desplazado,0.48310,1
A-entrenamiento-desplazado-048,desplazado,0.00000,0
A-entrenamiento-desplazado-049,desplazado,0.00000,0
A-entrenamiento-escaso-000,escaso,0.01047,0
A-entrenamiento-escaso-001,escaso,0.04866,0
A-entrenamiento-escaso-002,escaso,0.01510,0
A-entrenamiento-escaso-003,escaso,0.00881,0
A-entrenamiento-escaso-004,escaso,0.25367,0
A-entrenamiento-escaso-005,escaso,0.24523,0
